# Blender 4.5.13 LTS
# www.blender.org
mtllib radiator.mtl
g CouplerElbow_Mesh
v 1.510000 0.350000 0.670000
v 1.510000 0.350000 0.670000
v 1.510000 0.354000 0.880000
v 1.510000 0.354000 0.880000
v 1.525451 0.347553 0.670000
v 1.525451 0.347553 0.670000
v 1.526687 0.351357 0.880000
v 1.526687 0.351357 0.880000
v 1.539389 0.340451 0.670000
v 1.539389 0.340451 0.670000
v 1.541740 0.343687 0.880000
v 1.541740 0.343687 0.880000
v 1.550451 0.329389 0.670000
v 1.550451 0.329389 0.670000
v 1.553687 0.331740 0.880000
v 1.553687 0.331740 0.880000
v 1.557553 0.315451 0.670000
v 1.557553 0.315451 0.670000
v 1.557553 0.315451 0.670000
v 1.561357 0.316687 0.880000
v 1.561357 0.316687 0.880000
v 1.561357 0.316687 0.880000
v 1.560000 0.300000 0.670000
v 1.560000 0.300000 0.670000
v 1.564000 0.300000 0.880000
v 1.564000 0.300000 0.880000
v 1.557553 0.284549 0.670000
v 1.557553 0.284549 0.670000
v 1.561357 0.283313 0.880000
v 1.561357 0.283313 0.880000
v 1.550451 0.270611 0.670000
v 1.550451 0.270611 0.670000
v 1.553687 0.268260 0.880000
v 1.553687 0.268260 0.880000
v 1.539389 0.259549 0.670000
v 1.539389 0.259549 0.670000
v 1.541740 0.256313 0.880000
v 1.541740 0.256313 0.880000
v 1.525451 0.252447 0.670000
v 1.525451 0.252447 0.670000
v 1.525451 0.252447 0.670000
v 1.526687 0.248643 0.880000
v 1.526687 0.248643 0.880000
v 1.526687 0.248643 0.880000
v 1.510000 0.250000 0.670000
v 1.510000 0.250000 0.670000
v 1.510000 0.246000 0.880000
v 1.510000 0.246000 0.880000
v 1.494549 0.252447 0.670000
v 1.494549 0.252447 0.670000
v 1.493313 0.248643 0.880000
v 1.493313 0.248643 0.880000
v 1.480611 0.259549 0.670000
v 1.480611 0.259549 0.670000
v 1.478260 0.256313 0.880000
v 1.478260 0.256313 0.880000
v 1.469549 0.270611 0.670000
v 1.469549 0.270611 0.670000
v 1.466313 0.268260 0.880000
v 1.466313 0.268260 0.880000
v 1.462447 0.284549 0.670000
v 1.462447 0.284549 0.670000
v 1.462447 0.284549 0.670000
v 1.458643 0.283313 0.880000
v 1.458643 0.283313 0.880000
v 1.458643 0.283313 0.880000
v 1.460000 0.300000 0.670000
v 1.460000 0.300000 0.670000
v 1.456000 0.300000 0.880000
v 1.456000 0.300000 0.880000
v 1.462447 0.315451 0.670000
v 1.462447 0.315451 0.670000
v 1.458643 0.316687 0.880000
v 1.458643 0.316687 0.880000
v 1.469549 0.329389 0.670000
v 1.469549 0.329389 0.670000
v 1.466313 0.331740 0.880000
v 1.466313 0.331740 0.880000
v 1.480611 0.340451 0.670000
v 1.480611 0.340451 0.670000
v 1.480611 0.340451 0.670000
v 1.478260 0.343687 0.880000
v 1.478260 0.343687 0.880000
v 1.478260 0.343687 0.880000
v 1.494549 0.347553 0.670000
v 1.494549 0.347553 0.670000
v 1.493313 0.351357 0.880000
v 1.493313 0.351357 0.880000
vn -0.000000 0.999800 -0.019000
vn 0.309000 0.950900 -0.019000
vn 0.587700 0.808900 -0.019000
vn 0.808900 0.587700 -0.019000
vn 0.950900 0.309000 -0.019000
vn 0.999800 -0.000000 -0.019000
vn 0.950900 -0.309000 -0.019000
vn 0.808900 -0.587700 -0.019000
vn 0.587700 -0.808900 -0.019000
vn 0.309000 -0.950900 -0.019000
vn -0.000000 -0.999800 -0.019000
vn -0.309000 -0.950900 -0.019000
vn -0.587700 -0.808900 -0.019000
vn -0.808900 -0.587700 -0.019000
vn -0.950900 -0.309000 -0.019000
vn -0.999800 -0.000000 -0.019000
vn -0.950900 0.309000 -0.019000
vn -0.808900 0.587700 -0.019000
vn -0.587700 0.808800 -0.019000
vn -0.000000 -0.000000 1.000000
vn -0.587600 0.808900 -0.019000
vn -0.309000 0.950900 -0.019000
vn -0.000000 -0.000000 -1.000000
vt 0.101020 0.654103
vt 0.097089 0.005412
vt 0.149269 0.005251
vt 0.149334 0.653954
vt 0.198896 0.005412
vt 0.195285 0.654103
vt 0.241111 0.005878
vt 0.234374 0.654535
vt 0.271784 0.006605
vt 0.262775 0.655207
vt 0.291023 0.654794
vt 0.282287 0.006161
vt 0.324502 0.005565
vt 0.330110 0.654241
vt 0.374128 0.005251
vt 0.376060 0.653951
vt 0.426308 0.005251
vt 0.424375 0.653951
vt 0.475934 0.005565
vt 0.470325 0.654241
vt 0.518148 0.006161
vt 0.509413 0.654794
vt 0.537387 0.654794
vt 0.528651 0.006161
vt 0.570865 0.005565
vt 0.576474 0.654241
vt 0.620492 0.005251
vt 0.622424 0.653951
vt 0.672671 0.005251
vt 0.670739 0.653951
vt 0.722298 0.005565
vt 0.716689 0.654241
vt 0.764512 0.006161
vt 0.755776 0.654794
vt 0.782622 0.654535
vt 0.775016 0.005878
vt 0.824640 0.005412
vt 0.828571 0.654103
vt 0.876820 0.005251
vt 0.876885 0.653954
vt 0.926447 0.005412
vt 0.922836 0.654103
vt 0.968663 0.005878
vt 0.961925 0.654535
vt 0.575446 0.947953
vt 0.544776 0.905739
vt 0.528651 0.856112
vt 0.528651 0.803932
vt 0.544776 0.754306
vt 0.575446 0.712092
vt 0.617661 0.681421
vt 0.667287 0.665297
vt 0.719467 0.665297
vt 0.769093 0.681422
vt 0.811308 0.712092
vt 0.841978 0.754307
vt 0.858103 0.803933
vt 0.858103 0.856113
vt 0.841978 0.905739
vt 0.811307 0.947953
vt 0.769093 0.978624
vt 0.719467 0.994748
vt 0.667287 0.994748
vt 0.617661 0.978624
vt 0.015985 0.655207
vt 0.005251 0.006605
vt 0.047464 0.005879
vt 0.055071 0.654535
vt 0.295369 0.888342
vt 0.266970 0.927429
vt 0.227883 0.955828
vt 0.181933 0.970758
vt 0.133618 0.970758
vt 0.087668 0.955827
vt 0.048580 0.927429
vt 0.020182 0.888341
vt 0.005252 0.842391
vt 0.005252 0.794076
vt 0.020182 0.748126
vt 0.048581 0.709039
vt 0.087668 0.680640
vt 0.133618 0.665710
vt 0.181933 0.665710
vt 0.227883 0.680640
vt 0.266970 0.709039
vt 0.295369 0.748127
vt 0.310299 0.794077
vt 0.310299 0.842391
s 1
g CouplerElbow_RD_Copper
usemtl RD_Copper
f 8/3/2 4/2/1 2/1/1
f 6/4/2 8/3/2 2/1/1
f 12/5/3 8/3/2 6/4/2
f 10/6/3 12/5/3 6/4/2
f 16/7/4 12/5/3 10/6/3
f 14/8/4 16/7/4 10/6/3
f 21/9/5 16/7/4 14/8/4
f 18/10/5 21/9/5 14/8/4
f 26/13/6 22/12/5 19/11/5
f 24/14/6 26/13/6 19/11/5
f 30/15/7 26/13/6 24/14/6
f 28/16/7 30/15/7 24/14/6
f 34/17/8 30/15/7 28/16/7
f 32/18/8 34/17/8 28/16/7
f 38/19/9 34/17/8 32/18/8
f 36/20/9 38/19/9 32/18/8
f 43/21/10 38/19/9 36/20/9
f 40/22/10 43/21/10 36/20/9
f 48/25/11 44/24/10 41/23/10
f 46/26/11 48/25/11 41/23/10
f 52/27/12 48/25/11 46/26/11
f 50/28/12 52/27/12 46/26/11
f 56/29/13 52/27/12 50/28/12
f 54/30/13 56/29/13 50/28/12
f 60/31/14 56/29/13 54/30/13
f 58/32/14 60/31/14 54/30/13
f 65/33/15 60/31/14 58/32/14
f 62/34/15 65/33/15 58/32/14
f 70/37/16 66/36/15 63/35/15
f 68/38/16 70/37/16 63/35/15
f 74/39/17 70/37/16 68/38/16
f 72/40/17 74/39/17 68/38/16
f 78/41/18 74/39/17 72/40/17
f 76/42/18 78/41/18 72/40/17
f 84/43/19 78/41/18 76/42/18
f 81/44/19 84/43/19 76/42/18
s 0
f 3/47/20 7/46/20 11/45/20
f 82/49/20 87/48/20 3/47/20
f 73/51/20 77/50/20 82/49/20
f 64/53/20 69/52/20 73/51/20
f 55/55/20 59/54/20 64/53/20
f 47/57/20 51/56/20 55/55/20
f 37/59/20 42/58/20 47/57/20
f 29/61/20 33/60/20 37/59/20
f 20/63/20 25/62/20 29/61/20
f 11/45/20 15/64/20 20/63/20
f 82/49/20 3/47/20 11/45/20
f 64/53/20 73/51/20 82/49/20
f 47/57/20 55/55/20 64/53/20
f 29/61/20 37/59/20 47/57/20
f 11/45/20 20/63/20 29/61/20
f 64/53/20 82/49/20 11/45/20
f 29/61/20 47/57/20 64/53/20
f 11/45/20 29/61/20 64/53/20
s 1
f 88/67/22 83/66/21 80/65/21
f 86/68/22 88/67/22 80/65/21
f 4/2/1 88/67/22 86/68/22
f 2/1/1 4/2/1 86/68/22
s 0
f 5/71/23 1/70/23 85/69/23
f 13/73/23 9/72/23 5/71/23
f 23/75/23 17/74/23 13/73/23
f 31/77/23 27/76/23 23/75/23
f 39/79/23 35/78/23 31/77/23
f 49/81/23 45/80/23 39/79/23
f 57/83/23 53/82/23 49/81/23
f 67/85/23 61/84/23 57/83/23
f 75/87/23 71/86/23 67/85/23
f 85/69/23 79/88/23 75/87/23
f 13/73/23 5/71/23 85/69/23
f 31/77/23 23/75/23 13/73/23
f 49/81/23 39/79/23 31/77/23
f 67/85/23 57/83/23 49/81/23
f 85/69/23 75/87/23 67/85/23
f 31/77/23 13/73/23 85/69/23
f 67/85/23 49/81/23 31/77/23
f 85/69/23 67/85/23 31/77/23
g CouplerFace_Mesh
v 1.510000 0.382000 0.918000
v 1.510000 0.382000 0.918000
v 1.510000 0.374000 0.934000
v 1.510000 0.374000 0.934000
v 1.538046 0.377055 0.918000
v 1.538046 0.377055 0.918000
v 1.535309 0.369537 0.934000
v 1.535309 0.369537 0.934000
v 1.562709 0.362816 0.918000
v 1.562709 0.362816 0.918000
v 1.557566 0.356687 0.934000
v 1.557566 0.356687 0.934000
v 1.581014 0.341000 0.918000
v 1.581014 0.341000 0.918000
v 1.574086 0.337000 0.934000
v 1.574086 0.337000 0.934000
v 1.590754 0.314239 0.918000
v 1.590754 0.314239 0.918000
v 1.582876 0.312850 0.934000
v 1.582876 0.312850 0.934000
v 1.590754 0.285761 0.918000
v 1.590754 0.285761 0.918000
v 1.582876 0.287150 0.934000
v 1.582876 0.287150 0.934000
v 1.581014 0.259000 0.918000
v 1.581014 0.259000 0.918000
v 1.574086 0.263000 0.934000
v 1.574086 0.263000 0.934000
v 1.562709 0.237184 0.918000
v 1.562709 0.237184 0.918000
v 1.557566 0.243313 0.934000
v 1.557566 0.243313 0.934000
v 1.538046 0.222945 0.918000
v 1.538046 0.222945 0.918000
v 1.535309 0.230463 0.934000
v 1.535309 0.230463 0.934000
v 1.510000 0.218000 0.918000
v 1.510000 0.218000 0.918000
v 1.510000 0.226000 0.934000
v 1.510000 0.226000 0.934000
v 1.481954 0.222945 0.918000
v 1.481954 0.222945 0.918000
v 1.484691 0.230463 0.934000
v 1.484691 0.230463 0.934000
v 1.457291 0.237184 0.918000
v 1.457291 0.237184 0.918000
v 1.462434 0.243313 0.934000
v 1.462434 0.243313 0.934000
v 1.438986 0.259000 0.918000
v 1.438986 0.259000 0.918000
v 1.445914 0.263000 0.934000
v 1.445914 0.263000 0.934000
v 1.429246 0.285761 0.918000
v 1.429246 0.285761 0.918000
v 1.437124 0.287150 0.934000
v 1.437124 0.287150 0.934000
v 1.429246 0.314239 0.918000
v 1.429246 0.314239 0.918000
v 1.437124 0.312850 0.934000
v 1.437124 0.312850 0.934000
v 1.438986 0.341000 0.918000
v 1.438986 0.341000 0.918000
v 1.445914 0.337000 0.934000
v 1.445914 0.337000 0.934000
v 1.457291 0.362816 0.918000
v 1.457291 0.362816 0.918000
v 1.462434 0.356687 0.934000
v 1.462434 0.356687 0.934000
v 1.481954 0.377055 0.918000
v 1.481954 0.377055 0.918000
v 1.484691 0.369537 0.934000
v 1.484691 0.369537 0.934000
vn -0.000000 0.894400 0.447200
vn 0.305900 0.840500 0.447200
vn 0.574900 0.685200 0.447200
vn 0.774600 0.447200 0.447200
vn 0.880800 0.155300 0.447200
vn 0.880800 -0.155300 0.447200
vn 0.774600 -0.447200 0.447200
vn 0.574900 -0.685200 0.447200
vn 0.305900 -0.840500 0.447200
vn -0.000000 -0.894400 0.447200
vn -0.305900 -0.840500 0.447200
vn -0.574900 -0.685200 0.447200
vn -0.774600 -0.447200 0.447200
vn -0.880800 -0.155300 0.447200
vn -0.880800 0.155300 0.447200
vn -0.774600 0.447200 0.447200
vn -0.574900 0.685200 0.447200
vn -0.000000 -0.000000 1.000000
vn -0.305900 0.840500 0.447200
vn -0.000000 -0.000000 -1.000000
vt 0.032260 0.379532
vt 0.053503 0.367267
vt 0.104154 0.427631
vt 0.088387 0.446422
vt 0.172397 0.467031
vt 0.164008 0.490081
vt 0.250000 0.480715
vt 0.250000 0.505244
vt 0.327603 0.467031
vt 0.335992 0.490081
vt 0.395845 0.427631
vt 0.411612 0.446422
vt 0.446497 0.367267
vt 0.467740 0.379532
vt 0.473448 0.293220
vt 0.497605 0.297479
vt 0.473448 0.214420
vt 0.497605 0.210160
vt 0.446497 0.140372
vt 0.467740 0.128108
vt 0.395845 0.080008
vt 0.411612 0.061217
vt 0.327603 0.040608
vt 0.335992 0.017558
vt 0.250000 0.026925
vt 0.250000 0.002395
vt 0.172397 0.040608
vt 0.164008 0.017558
vt 0.104155 0.080008
vt 0.088387 0.061217
vt 0.053503 0.140372
vt 0.032260 0.128108
vt 0.026552 0.214420
vt 0.002395 0.210160
vt 0.026552 0.293220
vt 0.002395 0.297479
vt 0.997605 0.297479
vt 0.967740 0.379532
vt 0.911613 0.446422
vt 0.835992 0.490081
vt 0.750000 0.505244
vt 0.664008 0.490081
vt 0.588387 0.446422
vt 0.532260 0.379532
vt 0.502395 0.297479
vt 0.502395 0.210160
vt 0.532260 0.128108
vt 0.588387 0.061218
vt 0.664008 0.017558
vt 0.750000 0.002395
vt 0.835992 0.017558
vt 0.911612 0.061217
vt 0.967740 0.128108
vt 0.997605 0.210160
s 1
g CouplerFace_RD_Skid
usemtl RD_Skid
f 96/91/25 92/90/24 90/89/24
f 94/92/25 96/91/25 90/89/24
f 100/93/26 96/91/25 94/92/25
f 98/94/26 100/93/26 94/92/25
f 104/95/27 100/93/26 98/94/26
f 102/96/27 104/95/27 98/94/26
f 108/97/28 104/95/27 102/96/27
f 106/98/28 108/97/28 102/96/27
f 112/99/29 108/97/28 106/98/28
f 110/100/29 112/99/29 106/98/28
f 116/101/30 112/99/29 110/100/29
f 114/102/30 116/101/30 110/100/29
f 120/103/31 116/101/30 114/102/30
f 118/104/31 120/103/31 114/102/30
f 124/105/32 120/103/31 118/104/31
f 122/106/32 124/105/32 118/104/31
f 128/107/33 124/105/32 122/106/32
f 126/108/33 128/107/33 122/106/32
f 132/109/34 128/107/33 126/108/33
f 130/110/34 132/109/34 126/108/33
f 136/111/35 132/109/34 130/110/34
f 134/112/35 136/111/35 130/110/34
f 140/113/36 136/111/35 134/112/35
f 138/114/36 140/113/36 134/112/35
f 144/115/37 140/113/36 138/114/36
f 142/116/37 144/115/37 138/114/36
f 148/117/38 144/115/37 142/116/37
f 146/118/38 148/117/38 142/116/37
f 152/119/39 148/117/38 146/118/38
f 150/120/39 152/119/39 146/118/38
f 156/121/40 152/119/39 150/120/39
f 154/122/40 156/121/40 150/120/39
s 0
f 91/90/41 95/91/41 99/93/41
f 155/121/41 159/123/41 91/90/41
f 147/117/41 151/119/41 155/121/41
f 139/113/41 143/115/41 147/117/41
f 131/109/41 135/111/41 139/113/41
f 123/105/41 127/107/41 131/109/41
f 115/101/41 119/103/41 123/105/41
f 107/97/41 111/99/41 115/101/41
f 99/93/41 103/95/41 107/97/41
f 155/121/41 91/90/41 99/93/41
f 139/113/41 147/117/41 155/121/41
f 123/105/41 131/109/41 139/113/41
f 107/97/41 115/101/41 123/105/41
f 155/121/41 99/93/41 107/97/41
f 123/105/41 139/113/41 155/121/41
f 107/97/41 123/105/41 155/121/41
s 1
f 160/123/42 156/121/40 154/122/40
f 158/124/42 160/123/42 154/122/40
f 92/90/24 160/123/42 158/124/42
f 90/89/24 92/90/24 158/124/42
s 0
f 93/127/43 89/126/43 157/125/43
f 101/129/43 97/128/43 93/127/43
f 109/131/43 105/130/43 101/129/43
f 117/133/43 113/132/43 109/131/43
f 125/135/43 121/134/43 117/133/43
f 133/137/43 129/136/43 125/135/43
f 141/139/43 137/138/43 133/137/43
f 149/141/43 145/140/43 141/139/43
f 157/125/43 153/142/43 149/141/43
f 101/129/43 93/127/43 157/125/43
f 117/133/43 109/131/43 101/129/43
f 133/137/43 125/135/43 117/133/43
f 149/141/43 141/139/43 133/137/43
f 101/129/43 157/125/43 149/141/43
f 133/137/43 117/133/43 101/129/43
f 149/141/43 133/137/43 101/129/43
g CouplerFlange_Mesh
v 1.510000 0.420000 0.872000
v 1.510000 0.420000 0.872000
v 1.510000 0.420000 0.922000
v 1.510000 0.420000 0.922000
v 1.541058 0.415911 0.872000
v 1.541058 0.415911 0.872000
v 1.541058 0.415911 0.922000
v 1.541058 0.415911 0.922000
v 1.570000 0.403923 0.872000
v 1.570000 0.403923 0.872000
v 1.570000 0.403923 0.922000
v 1.570000 0.403923 0.922000
v 1.594853 0.384853 0.872000
v 1.594853 0.384853 0.872000
v 1.594853 0.384853 0.922000
v 1.594853 0.384853 0.922000
v 1.613923 0.360000 0.872000
v 1.613923 0.360000 0.872000
v 1.613923 0.360000 0.872000
v 1.613923 0.360000 0.922000
v 1.613923 0.360000 0.922000
v 1.613923 0.360000 0.922000
v 1.625911 0.331058 0.872000
v 1.625911 0.331058 0.872000
v 1.625911 0.331058 0.922000
v 1.625911 0.331058 0.922000
v 1.630000 0.300000 0.872000
v 1.630000 0.300000 0.872000
v 1.630000 0.300000 0.922000
v 1.630000 0.300000 0.922000
v 1.625911 0.268942 0.872000
v 1.625911 0.268942 0.872000
v 1.625911 0.268942 0.922000
v 1.625911 0.268942 0.922000
v 1.613923 0.240000 0.872000
v 1.613923 0.240000 0.872000
v 1.613923 0.240000 0.922000
v 1.613923 0.240000 0.922000
v 1.594853 0.215147 0.872000
v 1.594853 0.215147 0.872000
v 1.594853 0.215147 0.872000
v 1.594853 0.215147 0.922000
v 1.594853 0.215147 0.922000
v 1.594853 0.215147 0.922000
v 1.570000 0.196077 0.872000
v 1.570000 0.196077 0.872000
v 1.570000 0.196077 0.922000
v 1.570000 0.196077 0.922000
v 1.541058 0.184089 0.872000
v 1.541058 0.184089 0.872000
v 1.541058 0.184089 0.922000
v 1.541058 0.184089 0.922000
v 1.510000 0.180000 0.872000
v 1.510000 0.180000 0.872000
v 1.510000 0.180000 0.922000
v 1.510000 0.180000 0.922000
v 1.478942 0.184089 0.872000
v 1.478942 0.184089 0.872000
v 1.478942 0.184089 0.922000
v 1.478942 0.184089 0.922000
v 1.450000 0.196077 0.872000
v 1.450000 0.196077 0.872000
v 1.450000 0.196077 0.922000
v 1.450000 0.196077 0.922000
v 1.425147 0.215147 0.872000
v 1.425147 0.215147 0.872000
v 1.425147 0.215147 0.922000
v 1.425147 0.215147 0.922000
v 1.406077 0.240000 0.872000
v 1.406077 0.240000 0.872000
v 1.406077 0.240000 0.872000
v 1.406077 0.240000 0.922000
v 1.406077 0.240000 0.922000
v 1.406077 0.240000 0.922000
v 1.394089 0.268942 0.872000
v 1.394089 0.268942 0.872000
v 1.394089 0.268942 0.922000
v 1.394089 0.268942 0.922000
v 1.390000 0.300000 0.872000
v 1.390000 0.300000 0.872000
v 1.390000 0.300000 0.922000
v 1.390000 0.300000 0.922000
v 1.394089 0.331058 0.872000
v 1.394089 0.331058 0.872000
v 1.394089 0.331058 0.922000
v 1.394089 0.331058 0.922000
v 1.406077 0.360000 0.872000
v 1.406077 0.360000 0.872000
v 1.406077 0.360000 0.922000
v 1.406077 0.360000 0.922000
v 1.425147 0.384853 0.872000
v 1.425147 0.384853 0.872000
v 1.425147 0.384853 0.872000
v 1.425147 0.384853 0.922000
v 1.425147 0.384853 0.922000
v 1.425147 0.384853 0.922000
v 1.450000 0.403923 0.872000
v 1.450000 0.403923 0.872000
v 1.450000 0.403923 0.922000
v 1.450000 0.403923 0.922000
v 1.478942 0.415911 0.872000
v 1.478942 0.415911 0.872000
v 1.478942 0.415911 0.922000
v 1.478942 0.415911 0.922000
vn -0.000000 1.000000 0.000000
vn 0.258800 0.965900 0.000000
vn 0.500000 0.866000 0.000000
vn 0.707100 0.707100 0.000000
vn 0.866000 0.500000 0.000000
vn 0.965900 0.258800 0.000000
vn 1.000000 -0.000000 0.000000
vn 0.965900 -0.258800 0.000000
vn 0.866000 -0.500000 0.000000
vn 0.707100 -0.707100 0.000000
vn 0.500000 -0.866000 0.000000
vn 0.258800 -0.965900 0.000000
vn -0.000000 -1.000000 0.000000
vn -0.258800 -0.965900 0.000000
vn -0.500000 -0.866000 0.000000
vn -0.707100 -0.707100 0.000000
vn -0.866000 -0.500000 0.000000
vn -0.965900 -0.258800 0.000000
vn -1.000000 -0.000000 0.000000
vn -0.965900 0.258800 0.000000
vn -0.866000 0.500000 0.000000
vn -0.707100 0.707100 0.000000
vn -0.500000 0.866000 0.000000
vn -0.000000 -0.000000 1.000000
vn -0.258800 0.965900 0.000000
vn -0.000000 -0.000000 -1.000000
vt 0.107486 0.733248
vt 0.004175 0.733248
vt 0.004175 0.668521
vt 0.107486 0.668521
vt 0.004175 0.606000
vt 0.107486 0.606000
vt 0.004175 0.549944
vt 0.107486 0.549944
vt 0.004175 0.504175
vt 0.107486 0.504175
vt 0.442470 0.806055
vt 0.339159 0.806055
vt 0.339159 0.750000
vt 0.442470 0.750000
vt 0.339159 0.687479
vt 0.442470 0.687479
vt 0.339159 0.622752
vt 0.442470 0.622752
vt 0.339159 0.560230
vt 0.442470 0.560230
vt 0.339159 0.504175
vt 0.442470 0.504175
vt 0.219147 0.897593
vt 0.115837 0.897593
vt 0.115837 0.851824
vt 0.219147 0.851824
vt 0.115837 0.795769
vt 0.219147 0.795769
vt 0.115837 0.733248
vt 0.219147 0.733248
vt 0.115837 0.668521
vt 0.219147 0.668521
vt 0.115837 0.606000
vt 0.219147 0.606000
vt 0.115837 0.549944
vt 0.219147 0.549944
vt 0.115837 0.504175
vt 0.219147 0.504175
vt 0.330809 0.806055
vt 0.227498 0.806055
vt 0.227498 0.750000
vt 0.330809 0.750000
vt 0.227498 0.687479
vt 0.330809 0.687479
vt 0.227498 0.622752
vt 0.330809 0.622752
vt 0.227498 0.560231
vt 0.330809 0.560231
vt 0.227498 0.504175
vt 0.330809 0.504175
vt 0.107486 0.897593
vt 0.004175 0.897593
vt 0.004175 0.851824
vt 0.107486 0.851824
vt 0.282363 0.495825
vt 0.217637 0.495825
vt 0.155115 0.479072
vt 0.099060 0.446709
vt 0.053291 0.400940
vt 0.020928 0.344885
vt 0.004175 0.282364
vt 0.004175 0.217637
vt 0.020928 0.155115
vt 0.053291 0.099060
vt 0.099060 0.053291
vt 0.155115 0.020928
vt 0.217637 0.004175
vt 0.282363 0.004175
vt 0.344885 0.020928
vt 0.400940 0.053291
vt 0.446709 0.099060
vt 0.479072 0.155115
vt 0.495825 0.217637
vt 0.495825 0.282363
vt 0.479072 0.344885
vt 0.446709 0.400940
vt 0.400940 0.446709
vt 0.344885 0.479072
vt 0.004175 0.795769
vt 0.107486 0.795769
vt 0.995825 0.282363
vt 0.979072 0.344884
vt 0.946709 0.400940
vt 0.900940 0.446708
vt 0.844885 0.479072
vt 0.782364 0.495825
vt 0.717637 0.495825
vt 0.655115 0.479072
vt 0.599060 0.446709
vt 0.553291 0.400940
vt 0.520928 0.344885
vt 0.504175 0.282363
vt 0.504175 0.217636
vt 0.520928 0.155115
vt 0.553291 0.099060
vt 0.599060 0.053291
vt 0.655115 0.020928
vt 0.717637 0.004175
vt 0.782363 0.004175
vt 0.844885 0.020928
vt 0.900940 0.053291
vt 0.946709 0.099060
vt 0.979072 0.155115
vt 0.995825 0.217636
s 1
g CouplerFlange_RD_Steel
usemtl RD_Steel
f 168/145/45 164/144/44 162/143/44
f 166/146/45 168/145/45 162/143/44
f 172/147/46 168/145/45 166/146/45
f 170/148/46 172/147/46 166/146/45
f 176/149/47 172/147/46 170/148/46
f 174/150/47 176/149/47 170/148/46
f 181/151/48 176/149/47 174/150/47
f 178/152/48 181/151/48 174/150/47
f 186/155/49 182/154/48 179/153/48
f 184/156/49 186/155/49 179/153/48
f 190/157/50 186/155/49 184/156/49
f 188/158/50 190/157/50 184/156/49
f 194/159/51 190/157/50 188/158/50
f 192/160/51 194/159/51 188/158/50
f 198/161/52 194/159/51 192/160/51
f 196/162/52 198/161/52 192/160/51
f 204/163/53 198/161/52 196/162/52
f 201/164/53 204/163/53 196/162/52
f 208/167/54 203/166/53 200/165/53
f 206/168/54 208/167/54 200/165/53
f 212/169/55 208/167/54 206/168/54
f 210/170/55 212/169/55 206/168/54
f 216/171/56 212/169/55 210/170/55
f 214/172/56 216/171/56 210/170/55
f 220/173/57 216/171/56 214/172/56
f 218/174/57 220/173/57 214/172/56
f 224/175/58 220/173/57 218/174/57
f 222/176/58 224/175/58 218/174/57
f 228/177/59 224/175/58 222/176/58
f 226/178/59 228/177/59 222/176/58
f 233/179/60 228/177/59 226/178/59
f 230/180/60 233/179/60 226/178/59
f 238/183/61 234/182/60 231/181/60
f 236/184/61 238/183/61 231/181/60
f 242/185/62 238/183/61 236/184/61
f 240/186/62 242/185/62 236/184/61
f 246/187/63 242/185/62 240/186/62
f 244/188/63 246/187/63 240/186/62
f 250/189/64 246/187/63 244/188/63
f 248/190/64 250/189/64 244/188/63
f 256/191/65 250/189/64 248/190/64
f 253/192/65 256/191/65 248/190/64
f 260/195/66 255/194/65 252/193/65
f 258/196/66 260/195/66 252/193/65
s 0
f 163/199/67 167/198/67 171/197/67
f 259/201/67 263/200/67 163/199/67
f 249/203/67 254/202/67 259/201/67
f 241/205/67 245/204/67 249/203/67
f 232/207/67 237/206/67 241/205/67
f 223/209/67 227/208/67 232/207/67
f 215/211/67 219/210/67 223/209/67
f 207/213/67 211/212/67 215/211/67
f 197/215/67 202/214/67 207/213/67
f 189/217/67 193/216/67 197/215/67
f 180/219/67 185/218/67 189/217/67
f 171/197/67 175/220/67 180/219/67
f 259/201/67 163/199/67 171/197/67
f 241/205/67 249/203/67 259/201/67
f 223/209/67 232/207/67 241/205/67
f 207/213/67 215/211/67 223/209/67
f 189/217/67 197/215/67 207/213/67
f 171/197/67 180/219/67 189/217/67
f 241/205/67 259/201/67 171/197/67
f 207/213/67 223/209/67 241/205/67
f 171/197/67 189/217/67 207/213/67
f 171/197/67 207/213/67 241/205/67
s 1
f 264/221/68 260/195/66 258/196/66
f 262/222/68 264/221/68 258/196/66
f 164/144/44 264/221/68 262/222/68
f 162/143/44 164/144/44 262/222/68
s 0
f 165/225/69 161/224/69 261/223/69
f 173/227/69 169/226/69 165/225/69
f 183/229/69 177/228/69 173/227/69
f 191/231/69 187/230/69 183/229/69
f 199/233/69 195/232/69 191/231/69
f 209/235/69 205/234/69 199/233/69
f 217/237/69 213/236/69 209/235/69
f 225/239/69 221/238/69 217/237/69
f 235/241/69 229/240/69 225/239/69
f 243/243/69 239/242/69 235/241/69
f 251/245/69 247/244/69 243/243/69
f 261/223/69 257/246/69 251/245/69
f 173/227/69 165/225/69 261/223/69
f 191/231/69 183/229/69 173/227/69
f 209/235/69 199/233/69 191/231/69
f 225/239/69 217/237/69 209/235/69
f 243/243/69 235/241/69 225/239/69
f 261/223/69 251/245/69 243/243/69
f 191/231/69 173/227/69 261/223/69
f 225/239/69 209/235/69 191/231/69
f 261/223/69 243/243/69 225/239/69
f 261/223/69 225/239/69 191/231/69
g CplBolt0_Mesh
v 1.604000 0.310000 0.890000
v 1.604000 0.310000 0.890000
v 1.604000 0.310000 0.890000
v 1.604000 0.309000 0.930000
v 1.604000 0.309000 0.930000
v 1.604000 0.309000 0.930000
v 1.612660 0.305000 0.890000
v 1.612660 0.305000 0.890000
v 1.612660 0.305000 0.890000
v 1.611794 0.304500 0.930000
v 1.611794 0.304500 0.930000
v 1.611794 0.304500 0.930000
v 1.612660 0.295000 0.890000
v 1.612660 0.295000 0.890000
v 1.612660 0.295000 0.890000
v 1.611794 0.295500 0.930000
v 1.611794 0.295500 0.930000
v 1.611794 0.295500 0.930000
v 1.604000 0.290000 0.890000
v 1.604000 0.290000 0.890000
v 1.604000 0.290000 0.890000
v 1.604000 0.291000 0.930000
v 1.604000 0.291000 0.930000
v 1.604000 0.291000 0.930000
v 1.595340 0.295000 0.890000
v 1.595340 0.295000 0.890000
v 1.595340 0.295000 0.890000
v 1.596206 0.295500 0.930000
v 1.596206 0.295500 0.930000
v 1.596206 0.295500 0.930000
v 1.595340 0.305000 0.890000
v 1.595340 0.305000 0.890000
v 1.595340 0.305000 0.890000
v 1.596206 0.304500 0.930000
v 1.596206 0.304500 0.930000
v 1.596206 0.304500 0.930000
vn 0.499900 0.865800 0.021600
vn 0.999800 -0.000000 0.021600
vn 0.499900 -0.865800 0.021600
vn -0.499900 -0.865800 0.021600
vn -0.000000 -0.000000 1.000000
vn -0.999800 -0.000000 0.021600
vn -0.499900 0.865800 0.021600
vn -0.000000 -0.000000 -1.000000
vt 0.089026 0.688864
vt 0.097551 0.006644
vt 0.251014 0.006644
vt 0.259539 0.688864
vt 0.327746 0.003768
vt 0.344796 0.685667
vt 0.352329 0.685667
vt 0.369380 0.003768
vt 0.446110 0.006645
vt 0.437585 0.688864
vt 0.599577 0.006645
vt 0.608100 0.688864
vt 0.966700 0.429063
vt 0.966700 0.582527
vt 0.833796 0.659259
vt 0.700892 0.582527
vt 0.700892 0.429063
vt 0.833796 0.352332
vt 0.676309 0.003768
vt 0.693357 0.685667
vt 0.003769 0.685667
vt 0.020817 0.003768
vt 0.848562 0.344796
vt 0.700892 0.259539
vt 0.700892 0.089025
vt 0.848562 0.003767
vt 0.996232 0.089024
vt 0.996232 0.259538
s 0
g CplBolt0_RD_Steel
usemtl RD_Steel
f 275/249/70 269/248/70 266/247/70
f 272/250/70 275/249/70 266/247/70
f 282/251/71 276/249/71 273/250/71
f 279/252/71 282/251/71 273/250/71
f 287/255/72 281/254/72 278/253/72
f 284/256/72 287/255/72 278/253/72
f 293/257/73 288/255/73 285/256/73
f 290/258/73 293/257/73 285/256/73
f 268/261/74 274/260/74 280/259/74
f 292/263/74 298/262/74 268/261/74
f 280/259/74 286/264/74 292/263/74
f 280/259/74 292/263/74 268/261/74
f 300/265/75 294/257/75 291/258/75
f 297/266/75 300/265/75 291/258/75
f 270/248/76 299/268/76 296/267/76
f 267/247/76 270/248/76 296/267/76
f 271/271/77 265/270/77 295/269/77
f 283/273/77 277/272/77 271/271/77
f 295/269/77 289/274/77 283/273/77
f 295/269/77 283/273/77 271/271/77
g CplBolt1_Mesh
v 1.576468 0.376468 0.890000
v 1.576468 0.376468 0.890000
v 1.576468 0.376468 0.890000
v 1.576468 0.375468 0.930000
v 1.576468 0.375468 0.930000
v 1.576468 0.375468 0.930000
v 1.585128 0.371468 0.890000
v 1.585128 0.371468 0.890000
v 1.585128 0.371468 0.890000
v 1.584262 0.370968 0.930000
v 1.584262 0.370968 0.930000
v 1.584262 0.370968 0.930000
v 1.585128 0.361468 0.890000
v 1.585128 0.361468 0.890000
v 1.585128 0.361468 0.890000
v 1.584262 0.361968 0.930000
v 1.584262 0.361968 0.930000
v 1.584262 0.361968 0.930000
v 1.576468 0.356468 0.890000
v 1.576468 0.356468 0.890000
v 1.576468 0.356468 0.890000
v 1.576468 0.357468 0.930000
v 1.576468 0.357468 0.930000
v 1.576468 0.357468 0.930000
v 1.567808 0.361468 0.890000
v 1.567808 0.361468 0.890000
v 1.567808 0.361468 0.890000
v 1.568674 0.361968 0.930000
v 1.568674 0.361968 0.930000
v 1.568674 0.361968 0.930000
v 1.567808 0.371468 0.890000
v 1.567808 0.371468 0.890000
v 1.567808 0.371468 0.890000
v 1.568674 0.370968 0.930000
v 1.568674 0.370968 0.930000
v 1.568674 0.370968 0.930000
vn 0.499900 0.865800 0.021600
vn 0.999800 -0.000000 0.021600
vn 0.499900 -0.865800 0.021600
vn -0.499900 -0.865800 0.021600
vn -0.000000 -0.000000 1.000000
vn -0.999800 -0.000000 0.021600
vn -0.499900 0.865800 0.021600
vn -0.000000 -0.000000 -1.000000
vt 0.089024 0.688864
vt 0.097551 0.006645
vt 0.251014 0.006645
vt 0.259539 0.688864
vt 0.327746 0.003768
vt 0.344796 0.685667
vt 0.352329 0.685667
vt 0.369380 0.003768
vt 0.446112 0.006644
vt 0.437587 0.688864
vt 0.599575 0.006644
vt 0.608100 0.688864
vt 0.966699 0.582525
vt 0.833796 0.659257
vt 0.700892 0.582524
vt 0.700892 0.429060
vt 0.833796 0.352328
vt 0.966699 0.429061
vt 0.676307 0.003768
vt 0.693357 0.685667
vt 0.003769 0.685667
vt 0.020819 0.003768
vt 0.996233 0.089023
vt 0.996234 0.259537
vt 0.848563 0.344794
vt 0.700894 0.259536
vt 0.700894 0.089022
vt 0.848563 0.003766
s 1
g CplBolt1_RD_Steel
usemtl RD_Steel
f 311/277/78 305/276/78 302/275/78
s 0
f 308/278/78 311/277/78 302/275/78
f 318/279/79 312/277/79 309/278/79
f 315/280/79 318/279/79 309/278/79
f 323/283/80 317/282/80 314/281/80
f 320/284/80 323/283/80 314/281/80
f 329/285/81 324/283/81 321/284/81
f 326/286/81 329/285/81 321/284/81
f 304/289/82 310/288/82 316/287/82
f 328/291/82 334/290/82 304/289/82
f 316/287/82 322/292/82 328/291/82
f 316/287/82 328/291/82 304/289/82
f 336/293/83 330/285/83 327/286/83
f 333/294/83 336/293/83 327/286/83
f 306/276/84 335/296/84 332/295/84
f 303/275/84 306/276/84 332/295/84
f 307/299/85 301/298/85 331/297/85
f 319/301/85 313/300/85 307/299/85
f 331/297/85 325/302/85 319/301/85
f 331/297/85 319/301/85 307/299/85
g CplBolt2_Mesh
v 1.510000 0.404000 0.890000
v 1.510000 0.404000 0.890000
v 1.510000 0.404000 0.890000
v 1.510000 0.403000 0.930000
v 1.510000 0.403000 0.930000
v 1.510000 0.403000 0.930000
v 1.518660 0.399000 0.890000
v 1.518660 0.399000 0.890000
v 1.518660 0.399000 0.890000
v 1.517794 0.398500 0.930000
v 1.517794 0.398500 0.930000
v 1.517794 0.398500 0.930000
v 1.518660 0.389000 0.890000
v 1.518660 0.389000 0.890000
v 1.518660 0.389000 0.890000
v 1.517794 0.389500 0.930000
v 1.517794 0.389500 0.930000
v 1.517794 0.389500 0.930000
v 1.510000 0.384000 0.890000
v 1.510000 0.384000 0.890000
v 1.510000 0.384000 0.890000
v 1.510000 0.385000 0.930000
v 1.510000 0.385000 0.930000
v 1.510000 0.385000 0.930000
v 1.501340 0.389000 0.890000
v 1.501340 0.389000 0.890000
v 1.501340 0.389000 0.890000
v 1.502206 0.389500 0.930000
v 1.502206 0.389500 0.930000
v 1.502206 0.389500 0.930000
v 1.501340 0.399000 0.890000
v 1.501340 0.399000 0.890000
v 1.501340 0.399000 0.890000
v 1.502206 0.398500 0.930000
v 1.502206 0.398500 0.930000
v 1.502206 0.398500 0.930000
vn 0.499900 0.865800 0.021600
vn 0.999800 -0.000000 0.021600
vn 0.499900 -0.865800 0.021600
vn -0.499900 -0.865800 0.021600
vn -0.000000 -0.000000 1.000000
vn -0.999800 -0.000000 0.021600
vn -0.499900 0.865800 0.021600
vn -0.000000 -0.000000 -1.000000
vt 0.003767 0.685665
vt 0.020818 0.003768
vt 0.097550 0.006644
vt 0.089024 0.688861
vt 0.251013 0.006644
vt 0.259538 0.688861
vt 0.327744 0.003768
vt 0.344795 0.685665
vt 0.352330 0.685665
vt 0.369381 0.003768
vt 0.446113 0.006644
vt 0.437587 0.688861
vt 0.966699 0.582520
vt 0.833796 0.659252
vt 0.700893 0.582519
vt 0.700893 0.429056
vt 0.833796 0.352325
vt 0.966699 0.429057
vt 0.599576 0.006644
vt 0.608101 0.688861
vt 0.676307 0.003768
vt 0.693358 0.685665
vt 0.848564 0.344796
vt 0.700895 0.259540
vt 0.700895 0.089026
vt 0.848564 0.003769
vt 0.996234 0.089025
vt 0.996234 0.259538
s 0
g CplBolt2_RD_Steel
usemtl RD_Steel
f 347/305/86 341/304/86 338/303/86
f 344/306/86 347/305/86 338/303/86
f 354/307/87 348/305/87 345/306/87
f 351/308/87 354/307/87 345/306/87
f 359/309/88 353/307/88 350/308/88
f 356/310/88 359/309/88 350/308/88
f 365/313/89 360/312/89 357/311/89
f 362/314/89 365/313/89 357/311/89
f 340/317/90 346/316/90 352/315/90
f 364/319/90 370/318/90 340/317/90
f 352/315/90 358/320/90 364/319/90
f 352/315/90 364/319/90 340/317/90
f 372/321/91 366/313/91 363/314/91
f 369/322/91 372/321/91 363/314/91
f 342/323/92 371/321/92 368/322/92
f 339/324/92 342/323/92 368/322/92
f 343/327/93 337/326/93 367/325/93
f 355/329/93 349/328/93 343/327/93
f 367/325/93 361/330/93 355/329/93
f 367/325/93 355/329/93 343/327/93
g CplBolt3_Mesh
v 1.443532 0.376468 0.890000
v 1.443532 0.376468 0.890000
v 1.443532 0.376468 0.890000
v 1.443532 0.375468 0.930000
v 1.443532 0.375468 0.930000
v 1.443532 0.375468 0.930000
v 1.452192 0.371468 0.890000
v 1.452192 0.371468 0.890000
v 1.452192 0.371468 0.890000
v 1.451326 0.370968 0.930000
v 1.451326 0.370968 0.930000
v 1.451326 0.370968 0.930000
v 1.452192 0.361468 0.890000
v 1.452192 0.361468 0.890000
v 1.452192 0.361468 0.890000
v 1.451326 0.361968 0.930000
v 1.451326 0.361968 0.930000
v 1.451326 0.361968 0.930000
v 1.443532 0.356468 0.890000
v 1.443532 0.356468 0.890000
v 1.443532 0.356468 0.890000
v 1.443532 0.357468 0.930000
v 1.443532 0.357468 0.930000
v 1.443532 0.357468 0.930000
v 1.434872 0.361468 0.890000
v 1.434872 0.361468 0.890000
v 1.434872 0.361468 0.890000
v 1.435738 0.361968 0.930000
v 1.435738 0.361968 0.930000
v 1.435738 0.361968 0.930000
v 1.434872 0.371468 0.890000
v 1.434872 0.371468 0.890000
v 1.434872 0.371468 0.890000
v 1.435738 0.370968 0.930000
v 1.435738 0.370968 0.930000
v 1.435738 0.370968 0.930000
vn 0.499900 0.865800 0.021600
vn 0.999800 -0.000000 0.021600
vn 0.499900 -0.865800 0.021600
vn -0.499900 -0.865800 0.021600
vn -0.000000 -0.000000 1.000000
vn -0.999800 -0.000000 0.021600
vn -0.499900 0.865800 0.021600
vn -0.000000 -0.000000 -1.000000
vt 0.003767 0.685666
vt 0.020818 0.003768
vt 0.097550 0.006645
vt 0.089024 0.688862
vt 0.251013 0.006645
vt 0.259539 0.688862
vt 0.327745 0.003768
vt 0.344796 0.685666
vt 0.352331 0.685665
vt 0.369382 0.003767
vt 0.446114 0.006643
vt 0.437588 0.688860
vt 0.833797 0.352331
vt 0.966700 0.429062
vt 0.966700 0.582526
vt 0.833797 0.659258
vt 0.700894 0.582527
vt 0.700894 0.429063
vt 0.599577 0.006643
vt 0.608103 0.688860
vt 0.676309 0.003767
vt 0.693360 0.685665
vt 0.996233 0.259539
vt 0.848564 0.344796
vt 0.700895 0.259539
vt 0.700895 0.089024
vt 0.848564 0.003767
vt 0.996233 0.089024
s 0
g CplBolt3_RD_Steel
usemtl RD_Steel
f 383/333/94 377/332/94 374/331/94
f 380/334/94 383/333/94 374/331/94
f 390/335/95 384/333/95 381/334/95
f 387/336/95 390/335/95 381/334/95
f 395/337/96 389/335/96 386/336/96
f 392/338/96 395/337/96 386/336/96
f 401/341/97 396/340/97 393/339/97
f 398/342/97 401/341/97 393/339/97
f 376/345/98 382/344/98 388/343/98
f 400/347/98 406/346/98 376/345/98
f 388/343/98 394/348/98 400/347/98
f 388/343/98 400/347/98 376/345/98
f 408/349/99 402/341/99 399/342/99
f 405/350/99 408/349/99 399/342/99
f 378/351/100 407/349/100 404/350/100
f 375/352/100 378/351/100 404/350/100
f 379/355/101 373/354/101 403/353/101
f 391/357/101 385/356/101 379/355/101
f 403/353/101 397/358/101 391/357/101
f 403/353/101 391/357/101 379/355/101
g CplBolt4_Mesh
v 1.416000 0.310000 0.890000
v 1.416000 0.310000 0.890000
v 1.416000 0.310000 0.890000
v 1.416000 0.309000 0.930000
v 1.416000 0.309000 0.930000
v 1.416000 0.309000 0.930000
v 1.424660 0.305000 0.890000
v 1.424660 0.305000 0.890000
v 1.424660 0.305000 0.890000
v 1.423794 0.304500 0.930000
v 1.423794 0.304500 0.930000
v 1.423794 0.304500 0.930000
v 1.424660 0.295000 0.890000
v 1.424660 0.295000 0.890000
v 1.424660 0.295000 0.890000
v 1.423794 0.295500 0.930000
v 1.423794 0.295500 0.930000
v 1.423794 0.295500 0.930000
v 1.416000 0.290000 0.890000
v 1.416000 0.290000 0.890000
v 1.416000 0.290000 0.890000
v 1.416000 0.291000 0.930000
v 1.416000 0.291000 0.930000
v 1.416000 0.291000 0.930000
v 1.407340 0.295000 0.890000
v 1.407340 0.295000 0.890000
v 1.407340 0.295000 0.890000
v 1.408206 0.295500 0.930000
v 1.408206 0.295500 0.930000
v 1.408206 0.295500 0.930000
v 1.407340 0.305000 0.890000
v 1.407340 0.305000 0.890000
v 1.407340 0.305000 0.890000
v 1.408206 0.304500 0.930000
v 1.408206 0.304500 0.930000
v 1.408206 0.304500 0.930000
vn 0.499900 0.865800 0.021600
vn 0.999800 -0.000000 0.021600
vn 0.499900 -0.865800 0.021600
vn -0.499900 -0.865800 0.021600
vn -0.000000 -0.000000 1.000000
vn -0.999800 -0.000000 0.021600
vn -0.499900 0.865800 0.021600
vn -0.000000 -0.000000 -1.000000
vt 0.003767 0.685666
vt 0.020818 0.003768
vt 0.097550 0.006644
vt 0.089024 0.688862
vt 0.251013 0.006644
vt 0.259539 0.688862
vt 0.327745 0.003768
vt 0.344796 0.685666
vt 0.352331 0.685666
vt 0.369382 0.003768
vt 0.446114 0.006644
vt 0.437588 0.688861
vt 0.966702 0.429062
vt 0.966702 0.582526
vt 0.833799 0.659257
vt 0.700895 0.582526
vt 0.700895 0.429062
vt 0.833799 0.352331
vt 0.599577 0.006644
vt 0.608103 0.688861
vt 0.676309 0.003768
vt 0.693360 0.685666
vt 0.996233 0.259539
vt 0.848564 0.344796
vt 0.700895 0.259539
vt 0.700895 0.089024
vt 0.848564 0.003767
vt 0.996233 0.089024
s 0
g CplBolt4_RD_Steel
usemtl RD_Steel
f 419/361/102 413/360/102 410/359/102
f 416/362/102 419/361/102 410/359/102
f 426/363/103 420/361/103 417/362/103
f 423/364/103 426/363/103 417/362/103
f 431/365/104 425/363/104 422/364/104
f 428/366/104 431/365/104 422/364/104
f 437/369/105 432/368/105 429/367/105
f 434/370/105 437/369/105 429/367/105
f 412/373/106 418/372/106 424/371/106
f 436/375/106 442/374/106 412/373/106
f 424/371/106 430/376/106 436/375/106
f 424/371/106 436/375/106 412/373/106
f 444/377/107 438/369/107 435/370/107
f 441/378/107 444/377/107 435/370/107
s 1
f 414/379/108 443/377/108 440/378/108
s 0
f 411/380/108 414/379/108 440/378/108
f 415/383/109 409/382/109 439/381/109
f 427/385/109 421/384/109 415/383/109
f 439/381/109 433/386/109 427/385/109
f 439/381/109 427/385/109 415/383/109
g CplBolt5_Mesh
v 1.443532 0.243532 0.890000
v 1.443532 0.243532 0.890000
v 1.443532 0.243532 0.890000
v 1.443532 0.242532 0.930000
v 1.443532 0.242532 0.930000
v 1.443532 0.242532 0.930000
v 1.452192 0.238532 0.890000
v 1.452192 0.238532 0.890000
v 1.452192 0.238532 0.890000
v 1.451326 0.238032 0.930000
v 1.451326 0.238032 0.930000
v 1.451326 0.238032 0.930000
v 1.452192 0.228532 0.890000
v 1.452192 0.228532 0.890000
v 1.452192 0.228532 0.890000
v 1.451326 0.229032 0.930000
v 1.451326 0.229032 0.930000
v 1.451326 0.229032 0.930000
v 1.443532 0.223532 0.890000
v 1.443532 0.223532 0.890000
v 1.443532 0.223532 0.890000
v 1.443532 0.224532 0.930000
v 1.443532 0.224532 0.930000
v 1.443532 0.224532 0.930000
v 1.434872 0.228532 0.890000
v 1.434872 0.228532 0.890000
v 1.434872 0.228532 0.890000
v 1.435738 0.229032 0.930000
v 1.435738 0.229032 0.930000
v 1.435738 0.229032 0.930000
v 1.434872 0.238532 0.890000
v 1.434872 0.238532 0.890000
v 1.434872 0.238532 0.890000
v 1.435738 0.238032 0.930000
v 1.435738 0.238032 0.930000
v 1.435738 0.238032 0.930000
vn 0.499900 0.865800 0.021600
vn 0.999800 -0.000000 0.021600
vn 0.499900 -0.865800 0.021600
vn -0.499900 -0.865800 0.021600
vn -0.000000 -0.000000 1.000000
vn -0.999800 -0.000000 0.021600
vn -0.499900 0.865800 0.021600
vn -0.000000 -0.000000 -1.000000
vt 0.089024 0.688861
vt 0.097549 0.006644
vt 0.251013 0.006644
vt 0.259536 0.688861
vt 0.327745 0.003768
vt 0.344795 0.685665
vt 0.352330 0.685665
vt 0.369380 0.003768
vt 0.446112 0.006644
vt 0.437587 0.688861
vt 0.599574 0.006644
vt 0.608099 0.688861
vt 0.966700 0.429060
vt 0.966700 0.582523
vt 0.833797 0.659254
vt 0.700894 0.582523
vt 0.700894 0.429060
vt 0.833797 0.352328
vt 0.676306 0.003768
vt 0.693358 0.685665
vt 0.003767 0.685665
vt 0.020819 0.003768
vt 0.848564 0.344795
vt 0.700894 0.259539
vt 0.700894 0.089026
vt 0.848563 0.003768
vt 0.996233 0.089024
vt 0.996233 0.259538
s 0
g CplBolt5_RD_Steel
usemtl RD_Steel
f 455/389/110 449/388/110 446/387/110
f 452/390/110 455/389/110 446/387/110
f 462/391/111 456/389/111 453/390/111
f 459/392/111 462/391/111 453/390/111
f 467/395/112 461/394/112 458/393/112
f 464/396/112 467/395/112 458/393/112
f 473/397/113 468/395/113 465/396/113
f 470/398/113 473/397/113 465/396/113
f 448/401/114 454/400/114 460/399/114
f 472/403/114 478/402/114 448/401/114
f 460/399/114 466/404/114 472/403/114
f 460/399/114 472/403/114 448/401/114
f 480/405/115 474/397/115 471/398/115
f 477/406/115 480/405/115 471/398/115
f 450/388/116 479/408/116 476/407/116
f 447/387/116 450/388/116 476/407/116
f 451/411/117 445/410/117 475/409/117
f 463/413/117 457/412/117 451/411/117
f 475/409/117 469/414/117 463/413/117
f 475/409/117 463/413/117 451/411/117
g CplBolt6_Mesh
v 1.510000 0.216000 0.890000
v 1.510000 0.216000 0.890000
v 1.510000 0.216000 0.890000
v 1.510000 0.215000 0.930000
v 1.510000 0.215000 0.930000
v 1.510000 0.215000 0.930000
v 1.518660 0.211000 0.890000
v 1.518660 0.211000 0.890000
v 1.518660 0.211000 0.890000
v 1.517794 0.210500 0.930000
v 1.517794 0.210500 0.930000
v 1.517794 0.210500 0.930000
v 1.518660 0.201000 0.890000
v 1.518660 0.201000 0.890000
v 1.518660 0.201000 0.890000
v 1.517794 0.201500 0.930000
v 1.517794 0.201500 0.930000
v 1.517794 0.201500 0.930000
v 1.510000 0.196000 0.890000
v 1.510000 0.196000 0.890000
v 1.510000 0.196000 0.890000
v 1.510000 0.197000 0.930000
v 1.510000 0.197000 0.930000
v 1.510000 0.197000 0.930000
v 1.501340 0.201000 0.890000
v 1.501340 0.201000 0.890000
v 1.501340 0.201000 0.890000
v 1.502206 0.201500 0.930000
v 1.502206 0.201500 0.930000
v 1.502206 0.201500 0.930000
v 1.501340 0.211000 0.890000
v 1.501340 0.211000 0.890000
v 1.501340 0.211000 0.890000
v 1.502206 0.210500 0.930000
v 1.502206 0.210500 0.930000
v 1.502206 0.210500 0.930000
vn 0.499900 0.865800 0.021600
vn 0.999800 -0.000000 0.021600
vn 0.499900 -0.865800 0.021600
vn -0.499900 -0.865800 0.021600
vn -0.000000 -0.000000 1.000000
vn -0.999800 -0.000000 0.021600
vn -0.499900 0.865800 0.021600
vn -0.000000 -0.000000 -1.000000
vt 0.089026 0.688865
vt 0.097551 0.006645
vt 0.251014 0.006645
vt 0.259539 0.688865
vt 0.327746 0.003768
vt 0.344797 0.685668
vt 0.352330 0.685668
vt 0.369380 0.003768
vt 0.446110 0.006644
vt 0.437585 0.688865
vt 0.599575 0.006644
vt 0.608100 0.688865
vt 0.966700 0.582526
vt 0.833796 0.659257
vt 0.700892 0.582525
vt 0.700892 0.429061
vt 0.833796 0.352329
vt 0.966700 0.429062
vt 0.676308 0.003768
vt 0.693358 0.685668
vt 0.003769 0.685668
vt 0.020819 0.003768
vt 0.848564 0.344797
vt 0.700894 0.259541
vt 0.700894 0.089026
vt 0.848564 0.003768
vt 0.996234 0.089024
vt 0.996234 0.259539
s 0
g CplBolt6_RD_Steel
usemtl RD_Steel
f 491/417/118 485/416/118 482/415/118
f 488/418/118 491/417/118 482/415/118
f 498/419/119 492/417/119 489/418/119
f 495/420/119 498/419/119 489/418/119
f 503/423/120 497/422/120 494/421/120
f 500/424/120 503/423/120 494/421/120
f 509/425/121 504/423/121 501/424/121
f 506/426/121 509/425/121 501/424/121
f 484/429/122 490/428/122 496/427/122
f 508/431/122 514/430/122 484/429/122
f 496/427/122 502/432/122 508/431/122
f 496/427/122 508/431/122 484/429/122
f 516/433/123 510/425/123 507/426/123
f 513/434/123 516/433/123 507/426/123
f 486/416/124 515/436/124 512/435/124
f 483/415/124 486/416/124 512/435/124
f 487/439/125 481/438/125 511/437/125
f 499/441/125 493/440/125 487/439/125
f 511/437/125 505/442/125 499/441/125
f 511/437/125 499/441/125 487/439/125
g CplBolt7_Mesh
v 1.576468 0.243532 0.890000
v 1.576468 0.243532 0.890000
v 1.576468 0.243532 0.890000
v 1.576468 0.242532 0.930000
v 1.576468 0.242532 0.930000
v 1.576468 0.242532 0.930000
v 1.585128 0.238532 0.890000
v 1.585128 0.238532 0.890000
v 1.585128 0.238532 0.890000
v 1.584262 0.238032 0.930000
v 1.584262 0.238032 0.930000
v 1.584262 0.238032 0.930000
v 1.585128 0.228532 0.890000
v 1.585128 0.228532 0.890000
v 1.585128 0.228532 0.890000
v 1.584262 0.229032 0.930000
v 1.584262 0.229032 0.930000
v 1.584262 0.229032 0.930000
v 1.576468 0.223532 0.890000
v 1.576468 0.223532 0.890000
v 1.576468 0.223532 0.890000
v 1.576468 0.224532 0.930000
v 1.576468 0.224532 0.930000
v 1.576468 0.224532 0.930000
v 1.567808 0.228532 0.890000
v 1.567808 0.228532 0.890000
v 1.567808 0.228532 0.890000
v 1.568674 0.229032 0.930000
v 1.568674 0.229032 0.930000
v 1.568674 0.229032 0.930000
v 1.567808 0.238532 0.890000
v 1.567808 0.238532 0.890000
v 1.567808 0.238532 0.890000
v 1.568674 0.238032 0.930000
v 1.568674 0.238032 0.930000
v 1.568674 0.238032 0.930000
vn 0.499900 0.865800 0.021600
vn 0.999800 -0.000000 0.021600
vn 0.499900 -0.865800 0.021600
vn -0.499900 -0.865800 0.021600
vn -0.000000 -0.000000 1.000000
vn -0.999800 -0.000000 0.021600
vn -0.499900 0.865800 0.021600
vn -0.000000 -0.000000 -1.000000
vt 0.089024 0.688861
vt 0.097549 0.006645
vt 0.251013 0.006645
vt 0.259536 0.688861
vt 0.327745 0.003768
vt 0.344795 0.685665
vt 0.352330 0.685665
vt 0.369380 0.003768
vt 0.446112 0.006644
vt 0.437587 0.688861
vt 0.599574 0.006644
vt 0.608099 0.688860
vt 0.966700 0.429060
vt 0.966700 0.582523
vt 0.833797 0.659254
vt 0.700894 0.582523
vt 0.700894 0.429060
vt 0.833797 0.352328
vt 0.676306 0.003768
vt 0.693358 0.685665
vt 0.003767 0.685665
vt 0.020819 0.003768
vt 0.848563 0.344796
vt 0.700893 0.259540
vt 0.700893 0.089026
vt 0.848562 0.003769
vt 0.996232 0.089024
vt 0.996232 0.259538
s 1
g CplBolt7_RD_Steel
usemtl RD_Steel
f 527/445/126 521/444/126 518/443/126
s 0
f 524/446/126 527/445/126 518/443/126
f 534/447/127 528/445/127 525/446/127
f 531/448/127 534/447/127 525/446/127
f 539/451/128 533/450/128 530/449/128
f 536/452/128 539/451/128 530/449/128
s 1
f 545/453/129 540/451/129 537/452/129
s 0
f 542/454/129 545/453/129 537/452/129
f 520/457/130 526/456/130 532/455/130
f 544/459/130 550/458/130 520/457/130
f 532/455/130 538/460/130 544/459/130
f 532/455/130 544/459/130 520/457/130
f 552/461/131 546/453/131 543/454/131
f 549/462/131 552/461/131 543/454/131
f 522/444/132 551/464/132 548/463/132
f 519/443/132 522/444/132 548/463/132
f 523/467/133 517/466/133 547/465/133
f 535/469/133 529/468/133 523/467/133
f 547/465/133 541/470/133 535/469/133
f 547/465/133 535/469/133 523/467/133
g Drop0_Mesh
v -1.330000 0.421791 0.687911
v -1.330000 0.421791 0.687911
v -1.330000 0.421791 0.687911
v -1.330000 0.321791 0.697911
v -1.330000 0.321791 0.697911
v -1.330000 0.321791 0.697911
v -1.321000 0.421551 0.685511
v -1.321000 0.421551 0.685511
v -1.321000 0.421551 0.685511
v -1.321000 0.321551 0.695511
v -1.321000 0.321551 0.695511
v -1.321000 0.321551 0.695511
v -1.314412 0.420896 0.678955
v -1.314412 0.420896 0.678955
v -1.314412 0.420896 0.678955
v -1.314412 0.320896 0.688955
v -1.314412 0.320896 0.688955
v -1.314412 0.320896 0.688955
v -1.312000 0.420000 0.670000
v -1.312000 0.420000 0.670000
v -1.312000 0.420000 0.670000
v -1.312000 0.320000 0.680000
v -1.312000 0.320000 0.680000
v -1.312000 0.320000 0.680000
v -1.314412 0.419104 0.661045
v -1.314412 0.419104 0.661045
v -1.314412 0.419104 0.661045
v -1.314412 0.319104 0.671045
v -1.314412 0.319104 0.671045
v -1.314412 0.319104 0.671045
v -1.321000 0.418449 0.654489
v -1.321000 0.418449 0.654489
v -1.321000 0.418449 0.654489
v -1.321000 0.318449 0.664489
v -1.321000 0.318449 0.664489
v -1.321000 0.318449 0.664489
v -1.330000 0.418209 0.652089
v -1.330000 0.418209 0.652089
v -1.330000 0.418209 0.652089
v -1.330000 0.318209 0.662089
v -1.330000 0.318209 0.662089
v -1.330000 0.318209 0.662089
v -1.339000 0.418449 0.654489
v -1.339000 0.418449 0.654489
v -1.339000 0.418449 0.654489
v -1.339000 0.318449 0.664489
v -1.339000 0.318449 0.664489
v -1.339000 0.318449 0.664489
v -1.345588 0.419104 0.661045
v -1.345588 0.419104 0.661045
v -1.345588 0.419104 0.661045
v -1.345588 0.319104 0.671045
v -1.345588 0.319104 0.671045
v -1.345588 0.319104 0.671045
v -1.348000 0.420000 0.670000
v -1.348000 0.420000 0.670000
v -1.348000 0.420000 0.670000
v -1.348000 0.320000 0.680000
v -1.348000 0.320000 0.680000
v -1.348000 0.320000 0.680000
v -1.345588 0.420896 0.678955
v -1.345588 0.420896 0.678955
v -1.345588 0.420896 0.678955
v -1.345588 0.320896 0.688955
v -1.345588 0.320896 0.688955
v -1.345588 0.320896 0.688955
v -1.339000 0.421551 0.685511
v -1.339000 0.421551 0.685511
v -1.339000 0.421551 0.685511
v -1.339000 0.321551 0.695511
v -1.339000 0.321551 0.695511
v -1.339000 0.321551 0.695511
vn 0.258800 0.096100 0.961100
vn 0.707100 0.070400 0.703600
vn 0.965900 0.025800 0.257600
vn 0.965900 0.025800 0.257500
vn 0.965900 -0.025800 -0.257500
vn 0.965900 -0.025800 -0.257600
vn 0.707100 -0.070400 -0.703600
vn 0.258800 -0.096100 -0.961100
vn -0.258800 -0.096100 -0.961100
vn -0.707100 -0.070400 -0.703600
vn -0.965900 -0.025800 -0.257500
vn -0.965900 0.025800 0.257500
vn -0.000000 -0.995000 0.099500
vn -0.707100 0.070400 0.703600
vn -0.258800 0.096100 0.961100
vn -0.000000 0.995000 -0.099500
vt 0.584568 0.779670
vt 0.584568 0.004344
vt 0.656450 0.004345
vt 0.656450 0.779670
vt 0.718702 0.004344
vt 0.718702 0.779670
vt 0.245359 0.779670
vt 0.245359 0.004344
vt 0.307611 0.004344
vt 0.307611 0.779669
vt 0.379494 0.004344
vt 0.379494 0.779669
vt 0.441745 0.004344
vt 0.441746 0.779669
vt 0.477687 0.004343
vt 0.477687 0.779670
vt 0.004343 0.779670
vt 0.004343 0.004344
vt 0.040285 0.004344
vt 0.040284 0.779670
vt 0.102536 0.004344
vt 0.102536 0.779669
vt 0.174418 0.004344
vt 0.174419 0.779669
vt 0.236671 0.004344
vt 0.236671 0.779670
vt 0.727388 0.102536
vt 0.763329 0.040285
vt 0.825580 0.004343
vt 0.897462 0.004343
vt 0.959714 0.040283
vt 0.995656 0.102536
vt 0.995656 0.174418
vt 0.959715 0.236670
vt 0.897464 0.272611
vt 0.825582 0.272611
vt 0.763330 0.236671
vt 0.727388 0.174419
vt 0.486375 0.779670
vt 0.486375 0.004344
vt 0.522316 0.004344
vt 0.522316 0.779670
vt 0.959715 0.317241
vt 0.995656 0.379492
vt 0.995656 0.451374
vt 0.959715 0.513626
vt 0.897463 0.549568
vt 0.825581 0.549568
vt 0.763329 0.513626
vt 0.727388 0.451375
vt 0.727388 0.379493
vt 0.763328 0.317241
vt 0.825580 0.281299
vt 0.897463 0.281300
s 0
g Drop0_RD_Steel
usemtl RD_Steel
f 563/473/134 557/472/134 554/471/134
f 560/474/134 563/473/134 554/471/134
f 569/475/135 564/473/135 561/474/135
f 566/476/135 569/475/135 561/474/135
f 575/479/136 570/478/136 567/477/136
f 572/480/137 575/479/137 567/477/137
f 582/481/138 576/479/138 573/480/138
f 579/482/139 582/481/139 573/480/139
f 588/483/140 581/481/140 578/482/140
f 585/484/140 588/483/140 578/482/140
f 593/485/141 587/483/141 584/484/141
f 590/486/141 593/485/141 584/484/141
f 599/489/142 594/488/142 591/487/142
f 596/490/142 599/489/142 591/487/142
f 605/491/143 600/489/143 597/490/143
f 602/492/143 605/491/143 597/490/143
f 612/493/144 606/491/144 603/492/144
f 609/494/144 612/493/144 603/492/144
f 618/495/145 611/493/145 608/494/145
f 615/496/145 618/495/145 608/494/145
f 556/499/146 562/498/146 568/497/146
s 1
f 616/501/146 622/500/146 556/499/146
s 0
f 604/503/146 610/502/146 616/501/146
f 592/505/146 598/504/146 604/503/146
f 580/507/146 586/506/146 592/505/146
s 1
f 568/497/146 574/508/146 580/507/146
s 0
f 616/501/146 556/499/146 568/497/146
f 592/505/146 604/503/146 616/501/146
f 568/497/146 580/507/146 592/505/146
f 568/497/146 592/505/146 616/501/146
f 624/511/147 617/510/147 614/509/147
f 621/512/147 624/511/147 614/509/147
f 558/472/148 623/511/148 620/512/148
f 555/471/148 558/472/148 620/512/148
f 559/515/149 553/514/149 619/513/149
f 571/517/149 565/516/149 559/515/149
f 583/519/149 577/518/149 571/517/149
f 595/521/149 589/520/149 583/519/149
f 607/523/149 601/522/149 595/521/149
f 619/513/149 613/524/149 607/523/149
f 571/517/149 559/515/149 619/513/149
f 595/521/149 583/519/149 571/517/149
f 619/513/149 607/523/149 595/521/149
f 619/513/149 595/521/149 571/517/149
g Drop1_Mesh
v -0.950000 0.421791 0.687911
v -0.950000 0.421791 0.687911
v -0.950000 0.421791 0.687911
v -0.950000 0.321791 0.697911
v -0.950000 0.321791 0.697911
v -0.950000 0.321791 0.697911
v -0.941000 0.421551 0.685511
v -0.941000 0.421551 0.685511
v -0.941000 0.421551 0.685511
v -0.941000 0.321551 0.695511
v -0.941000 0.321551 0.695511
v -0.941000 0.321551 0.695511
v -0.934412 0.420896 0.678955
v -0.934412 0.420896 0.678955
v -0.934412 0.420896 0.678955
v -0.934412 0.320896 0.688955
v -0.934412 0.320896 0.688955
v -0.934412 0.320896 0.688955
v -0.932000 0.420000 0.670000
v -0.932000 0.420000 0.670000
v -0.932000 0.420000 0.670000
v -0.932000 0.320000 0.680000
v -0.932000 0.320000 0.680000
v -0.932000 0.320000 0.680000
v -0.934412 0.419104 0.661045
v -0.934412 0.419104 0.661045
v -0.934412 0.419104 0.661045
v -0.934412 0.319104 0.671045
v -0.934412 0.319104 0.671045
v -0.934412 0.319104 0.671045
v -0.941000 0.418449 0.654489
v -0.941000 0.418449 0.654489
v -0.941000 0.418449 0.654489
v -0.941000 0.318449 0.664489
v -0.941000 0.318449 0.664489
v -0.941000 0.318449 0.664489
v -0.950000 0.418209 0.652089
v -0.950000 0.418209 0.652089
v -0.950000 0.418209 0.652089
v -0.950000 0.318209 0.662089
v -0.950000 0.318209 0.662089
v -0.950000 0.318209 0.662089
v -0.959000 0.418449 0.654489
v -0.959000 0.418449 0.654489
v -0.959000 0.418449 0.654489
v -0.959000 0.318449 0.664489
v -0.959000 0.318449 0.664489
v -0.959000 0.318449 0.664489
v -0.965588 0.419104 0.661045
v -0.965588 0.419104 0.661045
v -0.965588 0.419104 0.661045
v -0.965588 0.319104 0.671045
v -0.965588 0.319104 0.671045
v -0.965588 0.319104 0.671045
v -0.968000 0.420000 0.670000
v -0.968000 0.420000 0.670000
v -0.968000 0.420000 0.670000
v -0.968000 0.320000 0.680000
v -0.968000 0.320000 0.680000
v -0.968000 0.320000 0.680000
v -0.965588 0.420896 0.678955
v -0.965588 0.420896 0.678955
v -0.965588 0.420896 0.678955
v -0.965588 0.320896 0.688955
v -0.965588 0.320896 0.688955
v -0.965588 0.320896 0.688955
v -0.959000 0.421551 0.685511
v -0.959000 0.421551 0.685511
v -0.959000 0.421551 0.685511
v -0.959000 0.321551 0.695511
v -0.959000 0.321551 0.695511
v -0.959000 0.321551 0.695511
vn 0.258800 0.096100 0.961100
vn 0.707100 0.070400 0.703600
vn 0.965900 0.025800 0.257500
vn 0.965900 -0.025800 -0.257500
vn 0.707100 -0.070400 -0.703600
vn 0.258800 -0.096100 -0.961100
vn -0.258800 -0.096100 -0.961100
vn -0.707100 -0.070400 -0.703600
vn -0.965900 -0.025800 -0.257500
vn -0.965900 0.025800 0.257500
vn -0.000000 -0.995000 0.099500
vn -0.707100 0.070400 0.703600
vn -0.258800 0.096100 0.961100
vn -0.000000 0.995000 -0.099500
vt 0.063255 0.733607
vt 0.063256 0.004732
vt 0.130831 0.004732
vt 0.130831 0.733607
vt 0.189353 0.004732
vt 0.189353 0.733607
vt 0.586989 0.733607
vt 0.586989 0.004732
vt 0.645511 0.004732
vt 0.645511 0.733607
vt 0.713087 0.004732
vt 0.713087 0.733607
vt 0.771609 0.004732
vt 0.771609 0.733607
vt 0.198818 0.733607
vt 0.198818 0.004733
vt 0.257341 0.004732
vt 0.257341 0.733607
vt 0.324916 0.004732
vt 0.324917 0.733608
vt 0.383439 0.004732
vt 0.383439 0.733607
vt 0.392903 0.733607
vt 0.392904 0.004732
vt 0.451426 0.004732
vt 0.451426 0.733607
vt 0.519002 0.004732
vt 0.519002 0.733607
vt 0.392903 0.835381
vt 0.426691 0.776859
vt 0.485214 0.743071
vt 0.552790 0.743071
vt 0.611312 0.776859
vt 0.645099 0.835382
vt 0.645099 0.902958
vt 0.611311 0.961480
vt 0.552789 0.995267
vt 0.485213 0.995268
vt 0.426691 0.961480
vt 0.392903 0.902957
vt 0.577524 0.004732
vt 0.577524 0.733607
vt 0.004732 0.733607
vt 0.004732 0.004732
vt 0.349651 0.776860
vt 0.383438 0.835383
vt 0.383438 0.902958
vt 0.349650 0.961480
vt 0.291128 0.995268
vt 0.223551 0.995268
vt 0.165029 0.961479
vt 0.131242 0.902957
vt 0.131242 0.835381
vt 0.165030 0.776859
vt 0.223553 0.743071
vt 0.291129 0.743072
s 0
g Drop1_RD_Steel
usemtl RD_Steel
f 635/527/150 629/526/150 626/525/150
f 632/528/150 635/527/150 626/525/150
f 641/529/151 636/527/151 633/528/151
f 638/530/151 641/529/151 633/528/151
f 647/533/152 642/532/152 639/531/152
f 644/534/152 647/533/152 639/531/152
f 654/535/153 648/533/153 645/534/153
s 1
f 651/536/153 654/535/153 645/534/153
s 0
f 660/537/154 653/535/154 650/536/154
f 657/538/154 660/537/154 650/536/154
f 665/541/155 659/540/155 656/539/155
f 662/542/155 665/541/155 656/539/155
f 671/543/156 666/541/156 663/542/156
f 668/544/156 671/543/156 663/542/156
f 677/545/157 672/543/157 669/544/157
f 674/546/157 677/545/157 669/544/157
f 684/549/158 678/548/158 675/547/158
s 1
f 681/550/158 684/549/158 675/547/158
s 0
f 690/551/159 683/549/159 680/550/159
f 687/552/159 690/551/159 680/550/159
f 628/555/160 634/554/160 640/553/160
f 688/557/160 694/556/160 628/555/160
f 676/559/160 682/558/160 688/557/160
f 664/561/160 670/560/160 676/559/160
s 1
f 652/563/160 658/562/160 664/561/160
s 0
f 640/553/160 646/564/160 652/563/160
f 688/557/160 628/555/160 640/553/160
f 664/561/160 676/559/160 688/557/160
f 640/553/160 652/563/160 664/561/160
s 1
f 640/553/160 664/561/160 688/557/160
s 0
f 696/565/161 689/551/161 686/552/161
f 693/566/161 696/565/161 686/552/161
f 630/526/162 695/568/162 692/567/162
f 627/525/162 630/526/162 692/567/162
f 631/571/163 625/570/163 691/569/163
f 643/573/163 637/572/163 631/571/163
f 655/575/163 649/574/163 643/573/163
f 667/577/163 661/576/163 655/575/163
f 679/579/163 673/578/163 667/577/163
f 691/569/163 685/580/163 679/579/163
f 643/573/163 631/571/163 691/569/163
f 667/577/163 655/575/163 643/573/163
f 691/569/163 679/579/163 667/577/163
f 691/569/163 667/577/163 643/573/163
g Drop2_Mesh
v -0.570000 0.421791 0.687911
v -0.570000 0.421791 0.687911
v -0.570000 0.421791 0.687911
v -0.570000 0.321791 0.697911
v -0.570000 0.321791 0.697911
v -0.570000 0.321791 0.697911
v -0.561000 0.421551 0.685511
v -0.561000 0.421551 0.685511
v -0.561000 0.421551 0.685511
v -0.561000 0.321551 0.695511
v -0.561000 0.321551 0.695511
v -0.561000 0.321551 0.695511
v -0.554412 0.420896 0.678955
v -0.554412 0.420896 0.678955
v -0.554412 0.420896 0.678955
v -0.554412 0.320896 0.688955
v -0.554412 0.320896 0.688955
v -0.554412 0.320896 0.688955
v -0.552000 0.420000 0.670000
v -0.552000 0.420000 0.670000
v -0.552000 0.420000 0.670000
v -0.552000 0.320000 0.680000
v -0.552000 0.320000 0.680000
v -0.552000 0.320000 0.680000
v -0.554412 0.419104 0.661045
v -0.554412 0.419104 0.661045
v -0.554412 0.419104 0.661045
v -0.554412 0.319104 0.671045
v -0.554412 0.319104 0.671045
v -0.554412 0.319104 0.671045
v -0.561000 0.418449 0.654489
v -0.561000 0.418449 0.654489
v -0.561000 0.418449 0.654489
v -0.561000 0.318449 0.664489
v -0.561000 0.318449 0.664489
v -0.561000 0.318449 0.664489
v -0.570000 0.418209 0.652089
v -0.570000 0.418209 0.652089
v -0.570000 0.418209 0.652089
v -0.570000 0.318209 0.662089
v -0.570000 0.318209 0.662089
v -0.570000 0.318209 0.662089
v -0.579000 0.418449 0.654489
v -0.579000 0.418449 0.654489
v -0.579000 0.418449 0.654489
v -0.579000 0.318449 0.664489
v -0.579000 0.318449 0.664489
v -0.579000 0.318449 0.664489
v -0.585588 0.419104 0.661045
v -0.585588 0.419104 0.661045
v -0.585588 0.419104 0.661045
v -0.585588 0.319104 0.671045
v -0.585588 0.319104 0.671045
v -0.585588 0.319104 0.671045
v -0.588000 0.420000 0.670000
v -0.588000 0.420000 0.670000
v -0.588000 0.420000 0.670000
v -0.588000 0.320000 0.680000
v -0.588000 0.320000 0.680000
v -0.588000 0.320000 0.680000
v -0.585588 0.420896 0.678955
v -0.585588 0.420896 0.678955
v -0.585588 0.420896 0.678955
v -0.585588 0.320896 0.688955
v -0.585588 0.320896 0.688955
v -0.585588 0.320896 0.688955
v -0.579000 0.421551 0.685511
v -0.579000 0.421551 0.685511
v -0.579000 0.421551 0.685511
v -0.579000 0.321551 0.695511
v -0.579000 0.321551 0.695511
v -0.579000 0.321551 0.695511
vn 0.258800 0.096100 0.961100
vn 0.707100 0.070400 0.703600
vn 0.965900 0.025800 0.257500
vn 0.965900 -0.025800 -0.257500
vn 0.707100 -0.070400 -0.703600
vn 0.258800 -0.096100 -0.961100
vn -0.258800 -0.096100 -0.961100
vn -0.707100 -0.070400 -0.703600
vn -0.965900 -0.025800 -0.257500
vn -0.965900 0.025800 0.257500
vn -0.000000 -0.995000 0.099500
vn -0.707100 0.070400 0.703600
vn -0.258800 0.096100 0.961100
vn -0.000000 0.995000 -0.099500
vt 0.040284 0.779669
vt 0.040284 0.004343
vt 0.102536 0.004343
vt 0.102536 0.779669
vt 0.174419 0.004344
vt 0.174418 0.779670
vt 0.236671 0.004343
vt 0.236671 0.779670
vt 0.245359 0.779669
vt 0.245359 0.004343
vt 0.307611 0.004343
vt 0.307611 0.779669
vt 0.379493 0.004344
vt 0.379493 0.779669
vt 0.441745 0.004344
vt 0.441745 0.779670
vt 0.477686 0.004344
vt 0.477686 0.779670
vt 0.486374 0.779670
vt 0.486373 0.004343
vt 0.522314 0.004343
vt 0.522314 0.779669
vt 0.584566 0.004343
vt 0.584566 0.779670
vt 0.656449 0.004343
vt 0.656449 0.779670
vt 0.763330 0.236672
vt 0.727388 0.174420
vt 0.727388 0.102538
vt 0.763329 0.040286
vt 0.825581 0.004344
vt 0.897464 0.004344
vt 0.959716 0.040285
vt 0.995657 0.102537
vt 0.995657 0.174420
vt 0.959716 0.236672
vt 0.897464 0.272613
vt 0.825582 0.272613
vt 0.718701 0.004343
vt 0.718701 0.779670
vt 0.004343 0.779669
vt 0.004343 0.004343
vt 0.959715 0.317241
vt 0.995656 0.379493
vt 0.995656 0.451375
vt 0.959716 0.513627
vt 0.897463 0.549569
vt 0.825581 0.549569
vt 0.763329 0.513628
vt 0.727388 0.451375
vt 0.727388 0.379493
vt 0.763329 0.317241
vt 0.825581 0.281300
vt 0.897464 0.281300
s 0
g Drop2_RD_Steel
usemtl RD_Steel
f 707/583/164 701/582/164 698/581/164
f 704/584/164 707/583/164 698/581/164
f 713/585/165 708/583/165 705/584/165
f 710/586/165 713/585/165 705/584/165
f 719/587/166 714/585/166 711/586/166
f 716/588/166 719/587/166 711/586/166
f 726/591/167 720/590/167 717/589/167
f 723/592/167 726/591/167 717/589/167
f 732/593/168 725/591/168 722/592/168
f 729/594/168 732/593/168 722/592/168
f 737/595/169 731/593/169 728/594/169
f 734/596/169 737/595/169 728/594/169
f 743/597/170 738/595/170 735/596/170
f 740/598/170 743/597/170 735/596/170
f 749/601/171 744/600/171 741/599/171
f 746/602/171 749/601/171 741/599/171
f 756/603/172 750/601/172 747/602/172
f 753/604/172 756/603/172 747/602/172
f 762/605/173 755/603/173 752/604/173
f 759/606/173 762/605/173 752/604/173
f 700/609/174 706/608/174 712/607/174
f 760/611/174 766/610/174 700/609/174
f 748/613/174 754/612/174 760/611/174
s 1
f 736/615/174 742/614/174 748/613/174
f 724/617/174 730/616/174 736/615/174
s 0
f 712/607/174 718/618/174 724/617/174
f 760/611/174 700/609/174 712/607/174
f 736/615/174 748/613/174 760/611/174
f 712/607/174 724/617/174 736/615/174
s 1
f 712/607/174 736/615/174 760/611/174
s 0
f 768/619/175 761/605/175 758/606/175
f 765/620/175 768/619/175 758/606/175
f 702/582/176 767/622/176 764/621/176
f 699/581/176 702/582/176 764/621/176
f 703/625/177 697/624/177 763/623/177
f 715/627/177 709/626/177 703/625/177
f 727/629/177 721/628/177 715/627/177
f 739/631/177 733/630/177 727/629/177
f 751/633/177 745/632/177 739/631/177
f 763/623/177 757/634/177 751/633/177
f 715/627/177 703/625/177 763/623/177
f 739/631/177 727/629/177 715/627/177
f 763/623/177 751/633/177 739/631/177
f 763/623/177 739/631/177 715/627/177
g Drop3_Mesh
v -0.190000 0.421791 0.687911
v -0.190000 0.421791 0.687911
v -0.190000 0.421791 0.687911
v -0.190000 0.321791 0.697911
v -0.190000 0.321791 0.697911
v -0.190000 0.321791 0.697911
v -0.181000 0.421551 0.685511
v -0.181000 0.421551 0.685511
v -0.181000 0.421551 0.685511
v -0.181000 0.321551 0.695511
v -0.181000 0.321551 0.695511
v -0.181000 0.321551 0.695511
v -0.174412 0.420896 0.678955
v -0.174412 0.420896 0.678955
v -0.174412 0.420896 0.678955
v -0.174412 0.320896 0.688955
v -0.174412 0.320896 0.688955
v -0.174412 0.320896 0.688955
v -0.172000 0.420000 0.670000
v -0.172000 0.420000 0.670000
v -0.172000 0.420000 0.670000
v -0.172000 0.320000 0.680000
v -0.172000 0.320000 0.680000
v -0.172000 0.320000 0.680000
v -0.174412 0.419104 0.661045
v -0.174412 0.419104 0.661045
v -0.174412 0.419104 0.661045
v -0.174412 0.319104 0.671045
v -0.174412 0.319104 0.671045
v -0.174412 0.319104 0.671045
v -0.181000 0.418449 0.654489
v -0.181000 0.418449 0.654489
v -0.181000 0.418449 0.654489
v -0.181000 0.318449 0.664489
v -0.181000 0.318449 0.664489
v -0.181000 0.318449 0.664489
v -0.190000 0.418209 0.652089
v -0.190000 0.418209 0.652089
v -0.190000 0.418209 0.652089
v -0.190000 0.318209 0.662089
v -0.190000 0.318209 0.662089
v -0.190000 0.318209 0.662089
v -0.199000 0.418449 0.654489
v -0.199000 0.418449 0.654489
v -0.199000 0.418449 0.654489
v -0.199000 0.318449 0.664489
v -0.199000 0.318449 0.664489
v -0.199000 0.318449 0.664489
v -0.205588 0.419104 0.661045
v -0.205588 0.419104 0.661045
v -0.205588 0.419104 0.661045
v -0.205588 0.319104 0.671045
v -0.205588 0.319104 0.671045
v -0.205588 0.319104 0.671045
v -0.208000 0.420000 0.670000
v -0.208000 0.420000 0.670000
v -0.208000 0.420000 0.670000
v -0.208000 0.320000 0.680000
v -0.208000 0.320000 0.680000
v -0.208000 0.320000 0.680000
v -0.205588 0.420896 0.678955
v -0.205588 0.420896 0.678955
v -0.205588 0.420896 0.678955
v -0.205588 0.320896 0.688955
v -0.205588 0.320896 0.688955
v -0.205588 0.320896 0.688955
v -0.199000 0.421551 0.685511
v -0.199000 0.421551 0.685511
v -0.199000 0.421551 0.685511
v -0.199000 0.321551 0.695511
v -0.199000 0.321551 0.695511
v -0.199000 0.321551 0.695511
vn 0.258800 0.096100 0.961100
vn 0.707100 0.070400 0.703600
vn 0.965900 0.025800 0.257500
vn 0.965900 -0.025800 -0.257500
vn 0.707100 -0.070400 -0.703600
vn 0.258800 -0.096100 -0.961100
vn -0.258800 -0.096100 -0.961100
vn -0.707100 -0.070400 -0.703600
vn -0.965900 -0.025800 -0.257500
vn -0.965900 0.025800 0.257500
vn -0.000000 -0.995000 0.099500
vn -0.707100 0.070400 0.703600
vn -0.258800 0.096100 0.961100
vn -0.000000 0.995000 -0.099500
vt 0.257340 0.733607
vt 0.257340 0.004732
vt 0.324916 0.004732
vt 0.324915 0.733607
vt 0.383438 0.004732
vt 0.383438 0.733607
vt 0.392902 0.733607
vt 0.392902 0.004732
vt 0.451424 0.004732
vt 0.451424 0.733607
vt 0.519000 0.004732
vt 0.519000 0.733607
vt 0.577522 0.004732
vt 0.577522 0.733607
vt 0.004732 0.733607
vt 0.004732 0.004732
vt 0.063254 0.004732
vt 0.063255 0.733607
vt 0.130830 0.004733
vt 0.130830 0.733607
vt 0.189353 0.004732
vt 0.189353 0.733607
vt 0.586986 0.733607
vt 0.586986 0.004732
vt 0.645509 0.004732
vt 0.645509 0.733607
vt 0.713085 0.004732
vt 0.713085 0.733607
vt 0.291129 0.743072
vt 0.349650 0.776860
vt 0.383438 0.835383
vt 0.383438 0.902958
vt 0.349650 0.961480
vt 0.291127 0.995268
vt 0.223551 0.995268
vt 0.165029 0.961479
vt 0.131242 0.902957
vt 0.131242 0.835381
vt 0.165030 0.776859
vt 0.223553 0.743071
vt 0.771607 0.004732
vt 0.771607 0.733607
vt 0.198817 0.733607
vt 0.198817 0.004732
vt 0.611310 0.776859
vt 0.645098 0.835382
vt 0.645098 0.902957
vt 0.611310 0.961480
vt 0.552788 0.995268
vt 0.485212 0.995268
vt 0.426690 0.961480
vt 0.392902 0.902957
vt 0.392902 0.835381
vt 0.426690 0.776859
vt 0.485212 0.743071
vt 0.552788 0.743071
s 0
g Drop3_RD_Steel
usemtl RD_Steel
f 779/637/178 773/636/178 770/635/178
f 776/638/178 779/637/178 770/635/178
f 785/639/179 780/637/179 777/638/179
f 782/640/179 785/639/179 777/638/179
f 791/643/180 786/642/180 783/641/180
f 788/644/180 791/643/180 783/641/180
f 798/645/181 792/643/181 789/644/181
f 795/646/181 798/645/181 789/644/181
f 804/647/182 797/645/182 794/646/182
f 801/648/182 804/647/182 794/646/182
f 809/651/183 803/650/183 800/649/183
f 806/652/183 809/651/183 800/649/183
f 815/653/184 810/651/184 807/652/184
f 812/654/184 815/653/184 807/652/184
f 821/655/185 816/653/185 813/654/185
f 818/656/185 821/655/185 813/654/185
f 828/659/186 822/658/186 819/657/186
f 825/660/186 828/659/186 819/657/186
f 834/661/187 827/659/187 824/660/187
f 831/662/187 834/661/187 824/660/187
f 772/665/188 778/664/188 784/663/188
f 832/667/188 838/666/188 772/665/188
f 820/669/188 826/668/188 832/667/188
f 808/671/188 814/670/188 820/669/188
s 1
f 796/673/188 802/672/188 808/671/188
s 0
f 784/663/188 790/674/188 796/673/188
f 832/667/188 772/665/188 784/663/188
f 808/671/188 820/669/188 832/667/188
f 784/663/188 796/673/188 808/671/188
f 784/663/188 808/671/188 832/667/188
f 840/675/189 833/661/189 830/662/189
f 837/676/189 840/675/189 830/662/189
f 774/636/190 839/678/190 836/677/190
f 771/635/190 774/636/190 836/677/190
f 775/681/191 769/680/191 835/679/191
f 787/683/191 781/682/191 775/681/191
f 799/685/191 793/684/191 787/683/191
f 811/687/191 805/686/191 799/685/191
f 823/689/191 817/688/191 811/687/191
f 835/679/191 829/690/191 823/689/191
f 787/683/191 775/681/191 835/679/191
f 811/687/191 799/685/191 787/683/191
f 835/679/191 823/689/191 811/687/191
f 835/679/191 811/687/191 787/683/191
g Drop4_Mesh
v 0.190000 0.421791 0.687911
v 0.190000 0.421791 0.687911
v 0.190000 0.421791 0.687911
v 0.190000 0.321791 0.697911
v 0.190000 0.321791 0.697911
v 0.190000 0.321791 0.697911
v 0.199000 0.421551 0.685511
v 0.199000 0.421551 0.685511
v 0.199000 0.421551 0.685511
v 0.199000 0.321551 0.695511
v 0.199000 0.321551 0.695511
v 0.199000 0.321551 0.695511
v 0.205588 0.420896 0.678955
v 0.205588 0.420896 0.678955
v 0.205588 0.420896 0.678955
v 0.205588 0.320896 0.688955
v 0.205588 0.320896 0.688955
v 0.205588 0.320896 0.688955
v 0.208000 0.420000 0.670000
v 0.208000 0.420000 0.670000
v 0.208000 0.420000 0.670000
v 0.208000 0.320000 0.680000
v 0.208000 0.320000 0.680000
v 0.208000 0.320000 0.680000
v 0.205588 0.419104 0.661045
v 0.205588 0.419104 0.661045
v 0.205588 0.419104 0.661045
v 0.205588 0.319104 0.671045
v 0.205588 0.319104 0.671045
v 0.205588 0.319104 0.671045
v 0.199000 0.418449 0.654489
v 0.199000 0.418449 0.654489
v 0.199000 0.418449 0.654489
v 0.199000 0.318449 0.664489
v 0.199000 0.318449 0.664489
v 0.199000 0.318449 0.664489
v 0.190000 0.418209 0.652089
v 0.190000 0.418209 0.652089
v 0.190000 0.418209 0.652089
v 0.190000 0.318209 0.662089
v 0.190000 0.318209 0.662089
v 0.190000 0.318209 0.662089
v 0.181000 0.418449 0.654489
v 0.181000 0.418449 0.654489
v 0.181000 0.418449 0.654489
v 0.181000 0.318449 0.664489
v 0.181000 0.318449 0.664489
v 0.181000 0.318449 0.664489
v 0.174412 0.419104 0.661045
v 0.174412 0.419104 0.661045
v 0.174412 0.419104 0.661045
v 0.174412 0.319104 0.671045
v 0.174412 0.319104 0.671045
v 0.174412 0.319104 0.671045
v 0.172000 0.420000 0.670000
v 0.172000 0.420000 0.670000
v 0.172000 0.420000 0.670000
v 0.172000 0.320000 0.680000
v 0.172000 0.320000 0.680000
v 0.172000 0.320000 0.680000
v 0.174412 0.420896 0.678955
v 0.174412 0.420896 0.678955
v 0.174412 0.420896 0.678955
v 0.174412 0.320896 0.688955
v 0.174412 0.320896 0.688955
v 0.174412 0.320896 0.688955
v 0.181000 0.421551 0.685511
v 0.181000 0.421551 0.685511
v 0.181000 0.421551 0.685511
v 0.181000 0.321551 0.695511
v 0.181000 0.321551 0.695511
v 0.181000 0.321551 0.695511
vn 0.258800 0.096100 0.961100
vn 0.707100 0.070400 0.703600
vn 0.965900 0.025800 0.257500
vn 0.965900 -0.025800 -0.257500
vn 0.707100 -0.070400 -0.703600
vn 0.258800 -0.096100 -0.961100
vn -0.258800 -0.096100 -0.961100
vn -0.707100 -0.070400 -0.703600
vn -0.965900 -0.025800 -0.257500
vn -0.965900 0.025800 0.257500
vn -0.000000 -0.995000 0.099500
vn -0.707100 0.070400 0.703600
vn -0.258800 0.096100 0.961100
vn -0.000000 0.995000 -0.099500
vt 0.257339 0.733607
vt 0.257340 0.004732
vt 0.324915 0.004732
vt 0.324915 0.733607
vt 0.383438 0.004733
vt 0.383438 0.733607
vt 0.004732 0.733607
vt 0.004732 0.004732
vt 0.063254 0.004732
vt 0.063254 0.733607
vt 0.130830 0.004732
vt 0.130830 0.733607
vt 0.189352 0.004732
vt 0.189352 0.733607
vt 0.392902 0.733606
vt 0.392902 0.004732
vt 0.451424 0.004732
vt 0.451425 0.733607
vt 0.519000 0.004732
vt 0.519000 0.733607
vt 0.577522 0.004732
vt 0.577522 0.733606
vt 0.586987 0.733607
vt 0.586987 0.004732
vt 0.645509 0.004732
vt 0.645509 0.733607
vt 0.713085 0.004732
vt 0.713085 0.733607
vt 0.300181 0.961480
vt 0.266393 0.902958
vt 0.266392 0.835383
vt 0.300180 0.776860
vt 0.358702 0.743072
vt 0.426277 0.743071
vt 0.484800 0.776859
vt 0.518589 0.835381
vt 0.518589 0.902957
vt 0.484801 0.961479
vt 0.426279 0.995268
vt 0.358703 0.995268
vt 0.771607 0.004732
vt 0.771607 0.733607
vt 0.198817 0.733607
vt 0.198817 0.004733
vt 0.038520 0.776859
vt 0.097042 0.743071
vt 0.164618 0.743071
vt 0.223140 0.776859
vt 0.256928 0.835382
vt 0.256928 0.902957
vt 0.223140 0.961480
vt 0.164618 0.995268
vt 0.097042 0.995268
vt 0.038520 0.961480
vt 0.004732 0.902957
vt 0.004732 0.835382
s 0
g Drop4_RD_Steel
usemtl RD_Steel
f 851/693/192 845/692/192 842/691/192
f 848/694/192 851/693/192 842/691/192
f 857/695/193 852/693/193 849/694/193
f 854/696/193 857/695/193 849/694/193
f 863/699/194 858/698/194 855/697/194
f 860/700/194 863/699/194 855/697/194
f 870/701/195 864/699/195 861/700/195
f 867/702/195 870/701/195 861/700/195
f 876/703/196 869/701/196 866/702/196
f 873/704/196 876/703/196 866/702/196
f 881/707/197 875/706/197 872/705/197
f 878/708/197 881/707/197 872/705/197
f 887/709/198 882/707/198 879/708/198
f 884/710/198 887/709/198 879/708/198
f 893/711/199 888/709/199 885/710/199
f 890/712/199 893/711/199 885/710/199
f 900/715/200 894/714/200 891/713/200
f 897/716/200 900/715/200 891/713/200
f 906/717/201 899/715/201 896/716/201
f 903/718/201 906/717/201 896/716/201
f 844/721/202 850/720/202 856/719/202
f 904/723/202 910/722/202 844/721/202
f 892/725/202 898/724/202 904/723/202
s 1
f 880/727/202 886/726/202 892/725/202
s 0
f 868/729/202 874/728/202 880/727/202
f 856/719/202 862/730/202 868/729/202
f 904/723/202 844/721/202 856/719/202
f 880/727/202 892/725/202 904/723/202
f 856/719/202 868/729/202 880/727/202
f 856/719/202 880/727/202 904/723/202
f 912/731/203 905/717/203 902/718/203
f 909/732/203 912/731/203 902/718/203
f 846/692/204 911/734/204 908/733/204
f 843/691/204 846/692/204 908/733/204
f 847/737/205 841/736/205 907/735/205
f 859/739/205 853/738/205 847/737/205
f 871/741/205 865/740/205 859/739/205
f 883/743/205 877/742/205 871/741/205
f 895/745/205 889/744/205 883/743/205
f 907/735/205 901/746/205 895/745/205
f 859/739/205 847/737/205 907/735/205
f 883/743/205 871/741/205 859/739/205
f 907/735/205 895/745/205 883/743/205
f 907/735/205 883/743/205 859/739/205
g Drop5_Mesh
v 0.570000 0.421791 0.687911
v 0.570000 0.421791 0.687911
v 0.570000 0.421791 0.687911
v 0.570000 0.321791 0.697911
v 0.570000 0.321791 0.697911
v 0.570000 0.321791 0.697911
v 0.579000 0.421551 0.685511
v 0.579000 0.421551 0.685511
v 0.579000 0.421551 0.685511
v 0.579000 0.321551 0.695511
v 0.579000 0.321551 0.695511
v 0.579000 0.321551 0.695511
v 0.585588 0.420896 0.678955
v 0.585588 0.420896 0.678955
v 0.585588 0.420896 0.678955
v 0.585588 0.320896 0.688955
v 0.585588 0.320896 0.688955
v 0.585588 0.320896 0.688955
v 0.588000 0.420000 0.670000
v 0.588000 0.420000 0.670000
v 0.588000 0.420000 0.670000
v 0.588000 0.320000 0.680000
v 0.588000 0.320000 0.680000
v 0.588000 0.320000 0.680000
v 0.585588 0.419104 0.661045
v 0.585588 0.419104 0.661045
v 0.585588 0.419104 0.661045
v 0.585588 0.319104 0.671045
v 0.585588 0.319104 0.671045
v 0.585588 0.319104 0.671045
v 0.579000 0.418449 0.654489
v 0.579000 0.418449 0.654489
v 0.579000 0.418449 0.654489
v 0.579000 0.318449 0.664489
v 0.579000 0.318449 0.664489
v 0.579000 0.318449 0.664489
v 0.570000 0.418209 0.652089
v 0.570000 0.418209 0.652089
v 0.570000 0.418209 0.652089
v 0.570000 0.318209 0.662089
v 0.570000 0.318209 0.662089
v 0.570000 0.318209 0.662089
v 0.561000 0.418449 0.654489
v 0.561000 0.418449 0.654489
v 0.561000 0.418449 0.654489
v 0.561000 0.318449 0.664489
v 0.561000 0.318449 0.664489
v 0.561000 0.318449 0.664489
v 0.554412 0.419104 0.661045
v 0.554412 0.419104 0.661045
v 0.554412 0.419104 0.661045
v 0.554412 0.319104 0.671045
v 0.554412 0.319104 0.671045
v 0.554412 0.319104 0.671045
v 0.552000 0.420000 0.670000
v 0.552000 0.420000 0.670000
v 0.552000 0.420000 0.670000
v 0.552000 0.320000 0.680000
v 0.552000 0.320000 0.680000
v 0.552000 0.320000 0.680000
v 0.554412 0.420896 0.678955
v 0.554412 0.420896 0.678955
v 0.554412 0.420896 0.678955
v 0.554412 0.320896 0.688955
v 0.554412 0.320896 0.688955
v 0.554412 0.320896 0.688955
v 0.561000 0.421551 0.685511
v 0.561000 0.421551 0.685511
v 0.561000 0.421551 0.685511
v 0.561000 0.321551 0.695511
v 0.561000 0.321551 0.695511
v 0.561000 0.321551 0.695511
vn 0.258800 0.096100 0.961100
vn 0.707100 0.070400 0.703600
vn 0.965900 0.025800 0.257500
vn 0.965900 -0.025800 -0.257500
vn 0.707100 -0.070400 -0.703600
vn 0.258800 -0.096100 -0.961100
vn -0.258800 -0.096100 -0.961100
vn -0.707100 -0.070400 -0.703600
vn -0.965900 -0.025800 -0.257500
vn -0.965900 0.025800 0.257500
vn -0.000000 -0.995000 0.099500
vn -0.707100 0.070400 0.703600
vn -0.258800 0.096100 0.961100
vn -0.000000 0.995000 -0.099500
vt 0.451424 0.733606
vt 0.451425 0.004732
vt 0.519000 0.004732
vt 0.519000 0.733607
vt 0.577523 0.004732
vt 0.577522 0.733607
vt 0.004732 0.733607
vt 0.004732 0.004733
vt 0.063254 0.004732
vt 0.063254 0.733607
vt 0.130830 0.004733
vt 0.130830 0.733607
vt 0.189352 0.004733
vt 0.189352 0.733607
vt 0.586987 0.733607
vt 0.586987 0.004733
vt 0.645510 0.004732
vt 0.645510 0.733607
vt 0.713085 0.004733
vt 0.713085 0.733607
vt 0.771607 0.004732
vt 0.771607 0.733607
vt 0.198818 0.733607
vt 0.198818 0.004733
vt 0.257340 0.004732
vt 0.257340 0.733607
vt 0.324916 0.004733
vt 0.324916 0.733607
vt 0.004732 0.902957
vt 0.004732 0.835382
vt 0.038520 0.776859
vt 0.097043 0.743071
vt 0.164618 0.743071
vt 0.223140 0.776859
vt 0.256929 0.835382
vt 0.256929 0.902957
vt 0.223140 0.961479
vt 0.164618 0.995268
vt 0.097043 0.995268
vt 0.038520 0.961479
vt 0.383438 0.004732
vt 0.383438 0.733607
vt 0.392902 0.733607
vt 0.392902 0.004732
vt 0.426278 0.743071
vt 0.484801 0.776859
vt 0.518589 0.835381
vt 0.518589 0.902957
vt 0.484801 0.961479
vt 0.426278 0.995267
vt 0.358703 0.995267
vt 0.300180 0.961479
vt 0.266392 0.902957
vt 0.266392 0.835381
vt 0.300180 0.776859
vt 0.358703 0.743071
s 0
g Drop5_RD_Steel
usemtl RD_Steel
f 923/749/206 917/748/206 914/747/206
f 920/750/206 923/749/206 914/747/206
f 929/751/207 924/749/207 921/750/207
f 926/752/207 929/751/207 921/750/207
f 935/755/208 930/754/208 927/753/208
f 932/756/208 935/755/208 927/753/208
f 942/757/209 936/755/209 933/756/209
f 939/758/209 942/757/209 933/756/209
f 948/759/210 941/757/210 938/758/210
f 945/760/210 948/759/210 938/758/210
f 953/763/211 947/762/211 944/761/211
f 950/764/211 953/763/211 944/761/211
f 959/765/212 954/763/212 951/764/212
f 956/766/212 959/765/212 951/764/212
f 965/767/213 960/765/213 957/766/213
f 962/768/213 965/767/213 957/766/213
f 972/771/214 966/770/214 963/769/214
f 969/772/214 972/771/214 963/769/214
f 978/773/215 971/771/215 968/772/215
f 975/774/215 978/773/215 968/772/215
f 916/777/216 922/776/216 928/775/216
f 976/779/216 982/778/216 916/777/216
f 964/781/216 970/780/216 976/779/216
s 1
f 952/783/216 958/782/216 964/781/216
s 0
f 940/785/216 946/784/216 952/783/216
f 928/775/216 934/786/216 940/785/216
f 976/779/216 916/777/216 928/775/216
f 952/783/216 964/781/216 976/779/216
f 928/775/216 940/785/216 952/783/216
s 1
f 928/775/216 952/783/216 976/779/216
s 0
f 984/787/217 977/773/217 974/774/217
f 981/788/217 984/787/217 974/774/217
f 918/748/218 983/790/218 980/789/218
f 915/747/218 918/748/218 980/789/218
f 919/793/219 913/792/219 979/791/219
f 931/795/219 925/794/219 919/793/219
f 943/797/219 937/796/219 931/795/219
f 955/799/219 949/798/219 943/797/219
f 967/801/219 961/800/219 955/799/219
f 979/791/219 973/802/219 967/801/219
f 931/795/219 919/793/219 979/791/219
f 955/799/219 943/797/219 931/795/219
f 979/791/219 967/801/219 955/799/219
f 979/791/219 955/799/219 931/795/219
g Drop6_Mesh
v 0.950000 0.421791 0.687911
v 0.950000 0.421791 0.687911
v 0.950000 0.421791 0.687911
v 0.950000 0.321791 0.697911
v 0.950000 0.321791 0.697911
v 0.950000 0.321791 0.697911
v 0.959000 0.421551 0.685511
v 0.959000 0.421551 0.685511
v 0.959000 0.421551 0.685511
v 0.959000 0.321551 0.695511
v 0.959000 0.321551 0.695511
v 0.959000 0.321551 0.695511
v 0.965588 0.420896 0.678955
v 0.965588 0.420896 0.678955
v 0.965588 0.420896 0.678955
v 0.965588 0.320896 0.688955
v 0.965588 0.320896 0.688955
v 0.965588 0.320896 0.688955
v 0.968000 0.420000 0.670000
v 0.968000 0.420000 0.670000
v 0.968000 0.420000 0.670000
v 0.968000 0.320000 0.680000
v 0.968000 0.320000 0.680000
v 0.968000 0.320000 0.680000
v 0.965588 0.419104 0.661045
v 0.965588 0.419104 0.661045
v 0.965588 0.419104 0.661045
v 0.965588 0.319104 0.671045
v 0.965588 0.319104 0.671045
v 0.965588 0.319104 0.671045
v 0.959000 0.418449 0.654489
v 0.959000 0.418449 0.654489
v 0.959000 0.418449 0.654489
v 0.959000 0.318449 0.664489
v 0.959000 0.318449 0.664489
v 0.959000 0.318449 0.664489
v 0.950000 0.418209 0.652089
v 0.950000 0.418209 0.652089
v 0.950000 0.418209 0.652089
v 0.950000 0.318209 0.662089
v 0.950000 0.318209 0.662089
v 0.950000 0.318209 0.662089
v 0.941000 0.418449 0.654489
v 0.941000 0.418449 0.654489
v 0.941000 0.418449 0.654489
v 0.941000 0.318449 0.664489
v 0.941000 0.318449 0.664489
v 0.941000 0.318449 0.664489
v 0.934412 0.419104 0.661045
v 0.934412 0.419104 0.661045
v 0.934412 0.419104 0.661045
v 0.934412 0.319104 0.671045
v 0.934412 0.319104 0.671045
v 0.934412 0.319104 0.671045
v 0.932000 0.420000 0.670000
v 0.932000 0.420000 0.670000
v 0.932000 0.420000 0.670000
v 0.932000 0.320000 0.680000
v 0.932000 0.320000 0.680000
v 0.932000 0.320000 0.680000
v 0.934412 0.420896 0.678955
v 0.934412 0.420896 0.678955
v 0.934412 0.420896 0.678955
v 0.934412 0.320896 0.688955
v 0.934412 0.320896 0.688955
v 0.934412 0.320896 0.688955
v 0.941000 0.421551 0.685511
v 0.941000 0.421551 0.685511
v 0.941000 0.421551 0.685511
v 0.941000 0.321551 0.695511
v 0.941000 0.321551 0.695511
v 0.941000 0.321551 0.695511
vn 0.258800 0.096100 0.961100
vn 0.707100 0.070400 0.703600
vn 0.965900 0.025800 0.257500
vn 0.965900 -0.025800 -0.257500
vn 0.707100 -0.070400 -0.703600
vn 0.258800 -0.096100 -0.961100
vn -0.258800 -0.096100 -0.961100
vn -0.707100 -0.070400 -0.703600
vn -0.965900 -0.025800 -0.257500
vn -0.965900 0.025800 0.257500
vn -0.000000 -0.995000 0.099500
vn -0.707100 0.070400 0.703600
vn -0.258800 0.096100 0.961100
vn -0.000000 0.995000 -0.099500
vt 0.040285 0.779671
vt 0.040284 0.004343
vt 0.102537 0.004343
vt 0.102537 0.779671
vt 0.174419 0.004344
vt 0.174419 0.779671
vt 0.236671 0.004343
vt 0.236671 0.779671
vt 0.486374 0.779671
vt 0.486374 0.004343
vt 0.548626 0.004344
vt 0.548626 0.779671
vt 0.620509 0.004344
vt 0.620509 0.779671
vt 0.682762 0.004344
vt 0.682761 0.779671
vt 0.718702 0.004344
vt 0.718702 0.779671
vt 0.245359 0.779671
vt 0.245359 0.004344
vt 0.307611 0.004344
vt 0.307611 0.779671
vt 0.379493 0.004344
vt 0.379493 0.779672
vt 0.441745 0.004344
vt 0.441745 0.779672
vt 0.727387 0.102536
vt 0.763328 0.040285
vt 0.825580 0.004344
vt 0.897463 0.004344
vt 0.959715 0.040284
vt 0.995656 0.102536
vt 0.995656 0.174419
vt 0.959715 0.236672
vt 0.897463 0.272612
vt 0.825581 0.272613
vt 0.763328 0.236672
vt 0.727387 0.174419
vt 0.477686 0.004344
vt 0.477686 0.779671
vt 0.004343 0.779671
vt 0.004344 0.004343
vt 0.727387 0.451376
vt 0.727387 0.379493
vt 0.763328 0.317241
vt 0.825580 0.281300
vt 0.897463 0.281300
vt 0.959715 0.317241
vt 0.995656 0.379493
vt 0.995656 0.451375
vt 0.959715 0.513627
vt 0.897463 0.549569
vt 0.825581 0.549569
vt 0.763328 0.513628
s 0
g Drop6_RD_Steel
usemtl RD_Steel
f 995/805/220 989/804/220 986/803/220
f 992/806/220 995/805/220 986/803/220
f 1001/807/221 996/805/221 993/806/221
f 998/808/221 1001/807/221 993/806/221
f 1007/809/222 1002/807/222 999/808/222
f 1004/810/222 1007/809/222 999/808/222
f 1014/813/223 1008/812/223 1005/811/223
f 1011/814/223 1014/813/223 1005/811/223
f 1020/815/224 1013/813/224 1010/814/224
f 1017/816/224 1020/815/224 1010/814/224
f 1025/817/225 1019/815/225 1016/816/225
f 1022/818/225 1025/817/225 1016/816/225
f 1031/819/226 1026/817/226 1023/818/226
f 1028/820/226 1031/819/226 1023/818/226
f 1037/823/227 1032/822/227 1029/821/227
f 1034/824/227 1037/823/227 1029/821/227
f 1044/825/228 1038/823/228 1035/824/228
s 1
f 1041/826/228 1044/825/228 1035/824/228
s 0
f 1050/827/229 1043/825/229 1040/826/229
f 1047/828/229 1050/827/229 1040/826/229
f 988/831/230 994/830/230 1000/829/230
f 1048/833/230 1054/832/230 988/831/230
f 1036/835/230 1042/834/230 1048/833/230
s 1
f 1024/837/230 1030/836/230 1036/835/230
s 0
f 1012/839/230 1018/838/230 1024/837/230
f 1000/829/230 1006/840/230 1012/839/230
f 1048/833/230 988/831/230 1000/829/230
f 1024/837/230 1036/835/230 1048/833/230
f 1000/829/230 1012/839/230 1024/837/230
s 1
f 1000/829/230 1024/837/230 1048/833/230
s 0
f 1056/841/231 1049/827/231 1046/828/231
f 1053/842/231 1056/841/231 1046/828/231
f 990/804/232 1055/844/232 1052/843/232
f 987/803/232 990/804/232 1052/843/232
f 991/847/233 985/846/233 1051/845/233
f 1003/849/233 997/848/233 991/847/233
f 1015/851/233 1009/850/233 1003/849/233
f 1027/853/233 1021/852/233 1015/851/233
f 1039/855/233 1033/854/233 1027/853/233
f 1051/845/233 1045/856/233 1039/855/233
f 1003/849/233 991/847/233 1051/845/233
f 1027/853/233 1015/851/233 1003/849/233
f 1051/845/233 1039/855/233 1027/853/233
f 1051/845/233 1027/853/233 1003/849/233
g Drop7_Mesh
v 1.330000 0.421791 0.687911
v 1.330000 0.421791 0.687911
v 1.330000 0.421791 0.687911
v 1.330000 0.321791 0.697911
v 1.330000 0.321791 0.697911
v 1.330000 0.321791 0.697911
v 1.339000 0.421551 0.685511
v 1.339000 0.421551 0.685511
v 1.339000 0.421551 0.685511
v 1.339000 0.321551 0.695511
v 1.339000 0.321551 0.695511
v 1.339000 0.321551 0.695511
v 1.345588 0.420896 0.678955
v 1.345588 0.420896 0.678955
v 1.345588 0.420896 0.678955
v 1.345588 0.320896 0.688955
v 1.345588 0.320896 0.688955
v 1.345588 0.320896 0.688955
v 1.348000 0.420000 0.670000
v 1.348000 0.420000 0.670000
v 1.348000 0.420000 0.670000
v 1.348000 0.320000 0.680000
v 1.348000 0.320000 0.680000
v 1.348000 0.320000 0.680000
v 1.345588 0.419104 0.661045
v 1.345588 0.419104 0.661045
v 1.345588 0.419104 0.661045
v 1.345588 0.319104 0.671045
v 1.345588 0.319104 0.671045
v 1.345588 0.319104 0.671045
v 1.339000 0.418449 0.654489
v 1.339000 0.418449 0.654489
v 1.339000 0.418449 0.654489
v 1.339000 0.318449 0.664489
v 1.339000 0.318449 0.664489
v 1.339000 0.318449 0.664489
v 1.330000 0.418209 0.652089
v 1.330000 0.418209 0.652089
v 1.330000 0.418209 0.652089
v 1.330000 0.318209 0.662089
v 1.330000 0.318209 0.662089
v 1.330000 0.318209 0.662089
v 1.321000 0.418449 0.654489
v 1.321000 0.418449 0.654489
v 1.321000 0.418449 0.654489
v 1.321000 0.318449 0.664489
v 1.321000 0.318449 0.664489
v 1.321000 0.318449 0.664489
v 1.314412 0.419104 0.661045
v 1.314412 0.419104 0.661045
v 1.314412 0.419104 0.661045
v 1.314412 0.319104 0.671045
v 1.314412 0.319104 0.671045
v 1.314412 0.319104 0.671045
v 1.312000 0.420000 0.670000
v 1.312000 0.420000 0.670000
v 1.312000 0.420000 0.670000
v 1.312000 0.320000 0.680000
v 1.312000 0.320000 0.680000
v 1.312000 0.320000 0.680000
v 1.314412 0.420896 0.678955
v 1.314412 0.420896 0.678955
v 1.314412 0.420896 0.678955
v 1.314412 0.320896 0.688955
v 1.314412 0.320896 0.688955
v 1.314412 0.320896 0.688955
v 1.321000 0.421551 0.685511
v 1.321000 0.421551 0.685511
v 1.321000 0.421551 0.685511
v 1.321000 0.321551 0.695511
v 1.321000 0.321551 0.695511
v 1.321000 0.321551 0.695511
vn 0.258800 0.096100 0.961100
vn 0.707100 0.070400 0.703600
vn 0.965900 0.025800 0.257500
vn 0.965900 -0.025800 -0.257500
vn 0.707100 -0.070400 -0.703600
vn 0.258800 -0.096100 -0.961100
vn -0.258800 -0.096100 -0.961100
vn -0.707100 -0.070400 -0.703600
vn -0.965900 -0.025800 -0.257500
vn -0.965900 -0.025800 -0.257600
vn -0.965900 0.025800 0.257600
vn -0.965900 0.025800 0.257500
vn -0.000000 -0.995000 0.099500
vn -0.707100 0.070400 0.703600
vn -0.258800 0.096100 0.961100
vn -0.000000 0.995000 -0.099500
vt 0.584566 0.779671
vt 0.584566 0.004344
vt 0.656449 0.004344
vt 0.656449 0.779670
vt 0.718700 0.004344
vt 0.718700 0.779671
vt 0.004344 0.779670
vt 0.004343 0.004344
vt 0.066596 0.004344
vt 0.066596 0.779670
vt 0.138478 0.004344
vt 0.138478 0.779670
vt 0.200730 0.004344
vt 0.200731 0.779670
vt 0.236671 0.004344
vt 0.236671 0.779670
vt 0.245359 0.779670
vt 0.245359 0.004344
vt 0.281300 0.004344
vt 0.281300 0.779670
vt 0.343552 0.004344
vt 0.343552 0.779670
vt 0.415435 0.004344
vt 0.415435 0.779670
vt 0.477687 0.004344
vt 0.477686 0.779670
vt 0.825581 0.281300
vt 0.897464 0.281300
vt 0.959715 0.317241
vt 0.995656 0.379493
vt 0.995656 0.451375
vt 0.959715 0.513627
vt 0.897463 0.549568
vt 0.825580 0.549568
vt 0.763329 0.513627
vt 0.727388 0.451376
vt 0.727388 0.379493
vt 0.763329 0.317241
vt 0.486373 0.779670
vt 0.486373 0.004344
vt 0.522315 0.004344
vt 0.522315 0.779670
vt 0.959716 0.040285
vt 0.995657 0.102537
vt 0.995657 0.174419
vt 0.959716 0.236671
vt 0.897464 0.272613
vt 0.825581 0.272613
vt 0.763330 0.236671
vt 0.727388 0.174420
vt 0.727388 0.102538
vt 0.763329 0.040286
vt 0.825581 0.004344
vt 0.897464 0.004344
s 0
g Drop7_RD_Steel
usemtl RD_Steel
f 1067/859/234 1061/858/234 1058/857/234
f 1064/860/234 1067/859/234 1058/857/234
f 1073/861/235 1068/859/235 1065/860/235
f 1070/862/235 1073/861/235 1065/860/235
f 1079/865/236 1074/864/236 1071/863/236
f 1076/866/236 1079/865/236 1071/863/236
f 1086/867/237 1080/865/237 1077/866/237
f 1083/868/237 1086/867/237 1077/866/237
f 1092/869/238 1085/867/238 1082/868/238
f 1089/870/238 1092/869/238 1082/868/238
f 1097/871/239 1091/869/239 1088/870/239
f 1094/872/239 1097/871/239 1088/870/239
f 1103/875/240 1098/874/240 1095/873/240
f 1100/876/240 1103/875/240 1095/873/240
f 1109/877/241 1104/875/241 1101/876/241
f 1106/878/241 1109/877/241 1101/876/241
f 1116/879/242 1110/877/242 1107/878/242
f 1113/880/243 1116/879/243 1107/878/243
f 1122/881/244 1115/879/244 1112/880/244
f 1119/882/245 1122/881/245 1112/880/245
s 1
f 1060/885/246 1066/884/246 1072/883/246
f 1120/887/246 1126/886/246 1060/885/246
f 1108/889/246 1114/888/246 1120/887/246
s 0
f 1096/891/246 1102/890/246 1108/889/246
f 1084/893/246 1090/892/246 1096/891/246
f 1072/883/246 1078/894/246 1084/893/246
f 1120/887/246 1060/885/246 1072/883/246
f 1096/891/246 1108/889/246 1120/887/246
f 1072/883/246 1084/893/246 1096/891/246
f 1072/883/246 1096/891/246 1120/887/246
f 1128/897/247 1121/896/247 1118/895/247
f 1125/898/247 1128/897/247 1118/895/247
f 1062/858/248 1127/897/248 1124/898/248
f 1059/857/248 1062/858/248 1124/898/248
f 1063/901/249 1057/900/249 1123/899/249
f 1075/903/249 1069/902/249 1063/901/249
f 1087/905/249 1081/904/249 1075/903/249
f 1099/907/249 1093/906/249 1087/905/249
s 1
f 1111/909/249 1105/908/249 1099/907/249
s 0
f 1123/899/249 1117/910/249 1111/909/249
f 1075/903/249 1063/901/249 1123/899/249
f 1099/907/249 1087/905/249 1075/903/249
f 1123/899/249 1111/909/249 1099/907/249
s 1
f 1123/899/249 1099/907/249 1075/903/249
g Elbow0_Mesh
v -1.330000 0.420000 0.654000
v -1.330000 0.420000 0.654000
v -1.330000 0.420000 0.654000
v -1.330000 0.550000 0.654000
v -1.330000 0.550000 0.654000
v -1.330000 0.550000 0.654000
v -1.322000 0.420000 0.656144
v -1.322000 0.420000 0.656144
v -1.322000 0.420000 0.656144
v -1.322000 0.550000 0.656144
v -1.322000 0.550000 0.656144
v -1.322000 0.550000 0.656144
v -1.316144 0.420000 0.662000
v -1.316144 0.420000 0.662000
v -1.316144 0.420000 0.662000
v -1.316144 0.550000 0.662000
v -1.316144 0.550000 0.662000
v -1.316144 0.550000 0.662000
v -1.314000 0.420000 0.670000
v -1.314000 0.420000 0.670000
v -1.314000 0.420000 0.670000
v -1.314000 0.550000 0.670000
v -1.314000 0.550000 0.670000
v -1.314000 0.550000 0.670000
v -1.316144 0.420000 0.678000
v -1.316144 0.420000 0.678000
v -1.316144 0.420000 0.678000
v -1.316144 0.550000 0.678000
v -1.316144 0.550000 0.678000
v -1.316144 0.550000 0.678000
v -1.322000 0.420000 0.683856
v -1.322000 0.420000 0.683856
v -1.322000 0.420000 0.683856
v -1.322000 0.550000 0.683856
v -1.322000 0.550000 0.683856
v -1.322000 0.550000 0.683856
v -1.330000 0.420000 0.686000
v -1.330000 0.420000 0.686000
v -1.330000 0.420000 0.686000
v -1.330000 0.550000 0.686000
v -1.330000 0.550000 0.686000
v -1.330000 0.550000 0.686000
v -1.338000 0.420000 0.683856
v -1.338000 0.420000 0.683856
v -1.338000 0.420000 0.683856
v -1.338000 0.550000 0.683856
v -1.338000 0.550000 0.683856
v -1.338000 0.550000 0.683856
v -1.343856 0.420000 0.678000
v -1.343856 0.420000 0.678000
v -1.343856 0.420000 0.678000
v -1.343856 0.550000 0.678000
v -1.343856 0.550000 0.678000
v -1.343856 0.550000 0.678000
v -1.346000 0.420000 0.670000
v -1.346000 0.420000 0.670000
v -1.346000 0.420000 0.670000
v -1.346000 0.550000 0.670000
v -1.346000 0.550000 0.670000
v -1.346000 0.550000 0.670000
v -1.343856 0.420000 0.662000
v -1.343856 0.420000 0.662000
v -1.343856 0.420000 0.662000
v -1.343856 0.550000 0.662000
v -1.343856 0.550000 0.662000
v -1.343856 0.550000 0.662000
v -1.338000 0.420000 0.656144
v -1.338000 0.420000 0.656144
v -1.338000 0.420000 0.656144
v -1.338000 0.550000 0.656144
v -1.338000 0.550000 0.656144
v -1.338000 0.550000 0.656144
vn 0.258800 -0.000000 -0.965900
vn 0.707100 -0.000000 -0.707100
vn 0.965900 -0.000000 -0.258800
vn 0.965900 -0.000000 0.258800
vn 0.707100 -0.000000 0.707100
vn 0.258800 -0.000000 0.965900
vn -0.258800 -0.000000 0.965900
vn -0.707100 -0.000000 0.707100
vn -0.965900 -0.000000 0.258800
vn -0.965900 -0.000000 -0.258800
vn -0.000000 1.000000 0.000000
vn -0.707100 -0.000000 -0.707100
vn -0.258800 -0.000000 -0.965900
vn -0.000000 -1.000000 0.000000
vt 0.305239 0.994906
vt 0.305239 0.005094
vt 0.359850 0.005094
vt 0.359850 0.994906
vt 0.177378 0.005094
vt 0.177378 0.994906
vt 0.122766 0.994906
vt 0.122767 0.005094
vt 0.059706 0.994906
vt 0.059706 0.005094
vt 0.005094 0.994906
vt 0.005094 0.005094
vt 0.542323 0.005094
vt 0.542323 0.994906
vt 0.487711 0.994906
vt 0.487711 0.005094
vt 0.424651 0.994906
vt 0.424651 0.005094
vt 0.370039 0.994906
vt 0.370039 0.005094
vt 0.552510 0.994906
vt 0.552510 0.005094
vt 0.607122 0.005094
vt 0.607122 0.994906
vt 0.670183 0.005094
vt 0.670183 0.994906
vt 0.724795 0.005094
vt 0.724795 0.994906
vt 0.970325 0.336769
vt 0.970325 0.399829
vt 0.938794 0.454441
vt 0.884183 0.485971
vt 0.821123 0.485971
vt 0.766511 0.454441
vt 0.734981 0.399829
vt 0.734981 0.336769
vt 0.766511 0.282157
vt 0.821123 0.250627
vt 0.884183 0.250627
vt 0.938795 0.282157
vt 0.187566 0.994906
vt 0.187566 0.005094
vt 0.242178 0.005094
vt 0.242178 0.994906
vt 0.970327 0.091235
vt 0.970327 0.154295
vt 0.938798 0.208907
vt 0.884186 0.240438
vt 0.821126 0.240438
vt 0.766514 0.208908
vt 0.734983 0.154296
vt 0.734983 0.091236
vt 0.766513 0.036624
vt 0.821125 0.005094
vt 0.884185 0.005093
vt 0.938797 0.036623
s 1
g Elbow0_RD_Steel
usemtl RD_Steel
f 1139/913/250 1133/912/250 1130/911/250
s 0
f 1136/914/250 1139/913/250 1130/911/250
f 1145/917/251 1140/916/251 1137/915/251
f 1142/918/251 1145/917/251 1137/915/251
f 1152/919/252 1146/917/252 1143/918/252
f 1149/920/252 1152/919/252 1143/918/252
f 1158/921/253 1151/919/253 1148/920/253
f 1155/922/253 1158/921/253 1148/920/253
f 1164/925/254 1157/924/254 1154/923/254
f 1161/926/254 1164/925/254 1154/923/254
f 1169/927/255 1163/925/255 1160/926/255
f 1166/928/255 1169/927/255 1160/926/255
f 1175/929/256 1170/927/256 1167/928/256
f 1172/930/256 1175/929/256 1167/928/256
f 1181/933/257 1176/932/257 1173/931/257
f 1178/934/257 1181/933/257 1173/931/257
f 1187/935/258 1182/933/258 1179/934/258
f 1184/936/258 1187/935/258 1179/934/258
f 1194/937/259 1188/935/259 1185/936/259
f 1191/938/259 1194/937/259 1185/936/259
f 1132/941/260 1138/940/260 1144/939/260
f 1192/943/260 1198/942/260 1132/941/260
f 1180/945/260 1186/944/260 1192/943/260
f 1168/947/260 1174/946/260 1180/945/260
f 1156/949/260 1162/948/260 1168/947/260
f 1144/939/260 1150/950/260 1156/949/260
f 1192/943/260 1132/941/260 1144/939/260
f 1168/947/260 1180/945/260 1192/943/260
f 1144/939/260 1156/949/260 1168/947/260
f 1144/939/260 1168/947/260 1192/943/260
f 1200/953/261 1193/952/261 1190/951/261
f 1197/954/261 1200/953/261 1190/951/261
f 1134/912/262 1199/953/262 1196/954/262
s 1
f 1131/911/262 1134/912/262 1196/954/262
s 0
f 1135/957/263 1129/956/263 1195/955/263
f 1147/959/263 1141/958/263 1135/957/263
f 1159/961/263 1153/960/263 1147/959/263
f 1171/963/263 1165/962/263 1159/961/263
f 1183/965/263 1177/964/263 1171/963/263
f 1195/955/263 1189/966/263 1183/965/263
f 1147/959/263 1135/957/263 1195/955/263
f 1171/963/263 1159/961/263 1147/959/263
f 1195/955/263 1183/965/263 1171/963/263
f 1195/955/263 1171/963/263 1147/959/263
g Elbow1_Mesh
v -0.950000 0.420000 0.654000
v -0.950000 0.420000 0.654000
v -0.950000 0.420000 0.654000
v -0.950000 0.550000 0.654000
v -0.950000 0.550000 0.654000
v -0.950000 0.550000 0.654000
v -0.942000 0.420000 0.656144
v -0.942000 0.420000 0.656144
v -0.942000 0.420000 0.656144
v -0.942000 0.550000 0.656144
v -0.942000 0.550000 0.656144
v -0.942000 0.550000 0.656144
v -0.936144 0.420000 0.662000
v -0.936144 0.420000 0.662000
v -0.936144 0.420000 0.662000
v -0.936144 0.550000 0.662000
v -0.936144 0.550000 0.662000
v -0.936144 0.550000 0.662000
v -0.934000 0.420000 0.670000
v -0.934000 0.420000 0.670000
v -0.934000 0.420000 0.670000
v -0.934000 0.550000 0.670000
v -0.934000 0.550000 0.670000
v -0.934000 0.550000 0.670000
v -0.936144 0.420000 0.678000
v -0.936144 0.420000 0.678000
v -0.936144 0.420000 0.678000
v -0.936144 0.550000 0.678000
v -0.936144 0.550000 0.678000
v -0.936144 0.550000 0.678000
v -0.942000 0.420000 0.683856
v -0.942000 0.420000 0.683856
v -0.942000 0.420000 0.683856
v -0.942000 0.550000 0.683856
v -0.942000 0.550000 0.683856
v -0.942000 0.550000 0.683856
v -0.950000 0.420000 0.686000
v -0.950000 0.420000 0.686000
v -0.950000 0.420000 0.686000
v -0.950000 0.550000 0.686000
v -0.950000 0.550000 0.686000
v -0.950000 0.550000 0.686000
v -0.958000 0.420000 0.683856
v -0.958000 0.420000 0.683856
v -0.958000 0.420000 0.683856
v -0.958000 0.550000 0.683856
v -0.958000 0.550000 0.683856
v -0.958000 0.550000 0.683856
v -0.963856 0.420000 0.678000
v -0.963856 0.420000 0.678000
v -0.963856 0.420000 0.678000
v -0.963856 0.550000 0.678000
v -0.963856 0.550000 0.678000
v -0.963856 0.550000 0.678000
v -0.966000 0.420000 0.670000
v -0.966000 0.420000 0.670000
v -0.966000 0.420000 0.670000
v -0.966000 0.550000 0.670000
v -0.966000 0.550000 0.670000
v -0.966000 0.550000 0.670000
v -0.963856 0.420000 0.662000
v -0.963856 0.420000 0.662000
v -0.963856 0.420000 0.662000
v -0.963856 0.550000 0.662000
v -0.963856 0.550000 0.662000
v -0.963856 0.550000 0.662000
v -0.958000 0.420000 0.656144
v -0.958000 0.420000 0.656144
v -0.958000 0.420000 0.656144
v -0.958000 0.550000 0.656144
v -0.958000 0.550000 0.656144
v -0.958000 0.550000 0.656144
vn 0.258800 -0.000000 -0.965900
vn 0.707100 -0.000000 -0.707100
vn 0.965900 -0.000000 -0.258800
vn 0.965900 -0.000000 0.258800
vn 0.707100 -0.000000 0.707100
vn 0.258800 -0.000000 0.965900
vn -0.258800 -0.000000 0.965900
vn -0.707100 -0.000000 0.707100
vn -0.965900 -0.000000 0.258800
vn -0.965900 -0.000000 -0.258800
vn -0.000000 1.000000 0.000000
vn -0.707100 -0.000000 -0.707100
vn -0.258800 -0.000000 -0.965900
vn -0.000000 -1.000000 0.000000
vt 0.670181 0.994906
vt 0.670181 0.005094
vt 0.724793 0.005094
vt 0.724793 0.994906
vt 0.177378 0.005094
vt 0.177378 0.994906
vt 0.122766 0.994906
vt 0.122767 0.005094
vt 0.059706 0.994906
vt 0.059706 0.005094
vt 0.005094 0.994906
vt 0.005094 0.005094
vt 0.542321 0.005094
vt 0.542321 0.994906
vt 0.487710 0.994906
vt 0.487710 0.005094
vt 0.424649 0.994906
vt 0.424650 0.005094
vt 0.370038 0.994906
vt 0.370038 0.005094
vt 0.187566 0.994906
vt 0.187566 0.005094
vt 0.242178 0.005094
vt 0.242178 0.994906
vt 0.305238 0.005094
vt 0.305238 0.994906
vt 0.359850 0.005094
vt 0.359850 0.994906
vt 0.970324 0.336768
vt 0.970324 0.399828
vt 0.938793 0.454440
vt 0.884181 0.485970
vt 0.821121 0.485970
vt 0.766510 0.454440
vt 0.734979 0.399828
vt 0.734979 0.336768
vt 0.766510 0.282157
vt 0.821121 0.250626
vt 0.884181 0.250626
vt 0.938793 0.282157
vt 0.552510 0.994906
vt 0.552510 0.005094
vt 0.607121 0.005094
vt 0.607121 0.994906
vt 0.938793 0.208909
vt 0.884181 0.240439
vt 0.821121 0.240439
vt 0.766509 0.208908
vt 0.734980 0.154296
vt 0.734980 0.091236
vt 0.766510 0.036624
vt 0.821122 0.005095
vt 0.884182 0.005095
vt 0.938794 0.036625
vt 0.970323 0.091237
vt 0.970323 0.154297
s 0
g Elbow1_RD_Steel
usemtl RD_Steel
f 1211/969/264 1205/968/264 1202/967/264
f 1208/970/264 1211/969/264 1202/967/264
f 1217/973/265 1212/972/265 1209/971/265
f 1214/974/265 1217/973/265 1209/971/265
f 1224/975/266 1218/973/266 1215/974/266
f 1221/976/266 1224/975/266 1215/974/266
f 1230/977/267 1223/975/267 1220/976/267
f 1227/978/267 1230/977/267 1220/976/267
f 1236/981/268 1229/980/268 1226/979/268
f 1233/982/268 1236/981/268 1226/979/268
f 1241/983/269 1235/981/269 1232/982/269
s 1
f 1238/984/269 1241/983/269 1232/982/269
s 0
f 1247/985/270 1242/983/270 1239/984/270
f 1244/986/270 1247/985/270 1239/984/270
f 1253/989/271 1248/988/271 1245/987/271
f 1250/990/271 1253/989/271 1245/987/271
f 1259/991/272 1254/989/272 1251/990/272
f 1256/992/272 1259/991/272 1251/990/272
f 1266/993/273 1260/991/273 1257/992/273
f 1263/994/273 1266/993/273 1257/992/273
f 1204/997/274 1210/996/274 1216/995/274
f 1264/999/274 1270/998/274 1204/997/274
f 1252/1001/274 1258/1000/274 1264/999/274
f 1240/1003/274 1246/1002/274 1252/1001/274
f 1228/1005/274 1234/1004/274 1240/1003/274
f 1216/995/274 1222/1006/274 1228/1005/274
f 1264/999/274 1204/997/274 1216/995/274
f 1240/1003/274 1252/1001/274 1264/999/274
f 1216/995/274 1228/1005/274 1240/1003/274
f 1216/995/274 1240/1003/274 1264/999/274
f 1272/1009/275 1265/1008/275 1262/1007/275
f 1269/1010/275 1272/1009/275 1262/1007/275
f 1206/968/276 1271/1009/276 1268/1010/276
f 1203/967/276 1206/968/276 1268/1010/276
f 1207/1013/277 1201/1012/277 1267/1011/277
f 1219/1015/277 1213/1014/277 1207/1013/277
f 1231/1017/277 1225/1016/277 1219/1015/277
f 1243/1019/277 1237/1018/277 1231/1017/277
f 1255/1021/277 1249/1020/277 1243/1019/277
f 1267/1011/277 1261/1022/277 1255/1021/277
f 1219/1015/277 1207/1013/277 1267/1011/277
f 1243/1019/277 1231/1017/277 1219/1015/277
f 1267/1011/277 1255/1021/277 1243/1019/277
f 1267/1011/277 1243/1019/277 1219/1015/277
g Elbow2_Mesh
v -0.570000 0.420000 0.654000
v -0.570000 0.420000 0.654000
v -0.570000 0.420000 0.654000
v -0.570000 0.550000 0.654000
v -0.570000 0.550000 0.654000
v -0.570000 0.550000 0.654000
v -0.562000 0.420000 0.656144
v -0.562000 0.420000 0.656144
v -0.562000 0.420000 0.656144
v -0.562000 0.550000 0.656144
v -0.562000 0.550000 0.656144
v -0.562000 0.550000 0.656144
v -0.556144 0.420000 0.662000
v -0.556144 0.420000 0.662000
v -0.556144 0.420000 0.662000
v -0.556144 0.550000 0.662000
v -0.556144 0.550000 0.662000
v -0.556144 0.550000 0.662000
v -0.554000 0.420000 0.670000
v -0.554000 0.420000 0.670000
v -0.554000 0.420000 0.670000
v -0.554000 0.550000 0.670000
v -0.554000 0.550000 0.670000
v -0.554000 0.550000 0.670000
v -0.556144 0.420000 0.678000
v -0.556144 0.420000 0.678000
v -0.556144 0.420000 0.678000
v -0.556144 0.550000 0.678000
v -0.556144 0.550000 0.678000
v -0.556144 0.550000 0.678000
v -0.562000 0.420000 0.683856
v -0.562000 0.420000 0.683856
v -0.562000 0.420000 0.683856
v -0.562000 0.550000 0.683856
v -0.562000 0.550000 0.683856
v -0.562000 0.550000 0.683856
v -0.570000 0.420000 0.686000
v -0.570000 0.420000 0.686000
v -0.570000 0.420000 0.686000
v -0.570000 0.550000 0.686000
v -0.570000 0.550000 0.686000
v -0.570000 0.550000 0.686000
v -0.578000 0.420000 0.683856
v -0.578000 0.420000 0.683856
v -0.578000 0.420000 0.683856
v -0.578000 0.550000 0.683856
v -0.578000 0.550000 0.683856
v -0.578000 0.550000 0.683856
v -0.583856 0.420000 0.678000
v -0.583856 0.420000 0.678000
v -0.583856 0.420000 0.678000
v -0.583856 0.550000 0.678000
v -0.583856 0.550000 0.678000
v -0.583856 0.550000 0.678000
v -0.586000 0.420000 0.670000
v -0.586000 0.420000 0.670000
v -0.586000 0.420000 0.670000
v -0.586000 0.550000 0.670000
v -0.586000 0.550000 0.670000
v -0.586000 0.550000 0.670000
v -0.583856 0.420000 0.662000
v -0.583856 0.420000 0.662000
v -0.583856 0.420000 0.662000
v -0.583856 0.550000 0.662000
v -0.583856 0.550000 0.662000
v -0.583856 0.550000 0.662000
v -0.578000 0.420000 0.656144
v -0.578000 0.420000 0.656144
v -0.578000 0.420000 0.656144
v -0.578000 0.550000 0.656144
v -0.578000 0.550000 0.656144
v -0.578000 0.550000 0.656144
vn 0.258800 -0.000000 -0.965900
vn 0.707100 -0.000000 -0.707100
vn 0.965900 -0.000000 -0.258800
vn 0.965900 -0.000000 0.258800
vn 0.707100 -0.000000 0.707100
vn 0.258800 -0.000000 0.965900
vn -0.258800 -0.000000 0.965900
vn -0.707100 -0.000000 0.707100
vn -0.965900 -0.000000 0.258800
vn -0.965900 -0.000000 -0.258800
vn -0.000000 1.000000 0.000000
vn -0.707100 -0.000000 -0.707100
vn -0.258800 -0.000000 -0.965900
vn -0.000000 -1.000000 0.000000
vt 0.305239 0.994906
vt 0.305239 0.005094
vt 0.359851 0.005094
vt 0.359851 0.994906
vt 0.177379 0.005094
vt 0.177379 0.994906
vt 0.122767 0.994906
vt 0.122767 0.005094
vt 0.059707 0.994906
vt 0.059707 0.005094
vt 0.005094 0.994906
vt 0.005094 0.005094
vt 0.542323 0.005094
vt 0.542323 0.994906
vt 0.487711 0.994906
vt 0.487711 0.005094
vt 0.424651 0.994906
vt 0.424651 0.005094
vt 0.370039 0.994906
vt 0.370039 0.005094
vt 0.552510 0.994906
vt 0.552510 0.005094
vt 0.607122 0.005094
vt 0.607122 0.994906
vt 0.670182 0.005094
vt 0.670182 0.994906
vt 0.724795 0.005094
vt 0.724795 0.994906
vt 0.821124 0.485971
vt 0.766512 0.454440
vt 0.734983 0.399828
vt 0.734983 0.336768
vt 0.766513 0.282156
vt 0.821125 0.250627
vt 0.884185 0.250627
vt 0.938797 0.282157
vt 0.970327 0.336769
vt 0.970327 0.399829
vt 0.938796 0.454441
vt 0.884184 0.485971
vt 0.187567 0.994906
vt 0.187567 0.005094
vt 0.242178 0.005094
vt 0.242178 0.994906
vt 0.884185 0.240438
vt 0.821125 0.240438
vt 0.766513 0.208909
vt 0.734982 0.154297
vt 0.734982 0.091237
vt 0.766512 0.036625
vt 0.821124 0.005095
vt 0.884184 0.005095
vt 0.938796 0.036624
vt 0.970326 0.091236
vt 0.970326 0.154296
vt 0.938797 0.208908
s 0
g Elbow2_RD_Steel
usemtl RD_Steel
f 1283/1025/278 1277/1024/278 1274/1023/278
s 1
f 1280/1026/278 1283/1025/278 1274/1023/278
s 0
f 1289/1029/279 1284/1028/279 1281/1027/279
f 1286/1030/279 1289/1029/279 1281/1027/279
f 1296/1031/280 1290/1029/280 1287/1030/280
f 1293/1032/280 1296/1031/280 1287/1030/280
f 1302/1033/281 1295/1031/281 1292/1032/281
f 1299/1034/281 1302/1033/281 1292/1032/281
f 1308/1037/282 1301/1036/282 1298/1035/282
f 1305/1038/282 1308/1037/282 1298/1035/282
f 1313/1039/283 1307/1037/283 1304/1038/283
f 1310/1040/283 1313/1039/283 1304/1038/283
f 1319/1041/284 1314/1039/284 1311/1040/284
f 1316/1042/284 1319/1041/284 1311/1040/284
f 1325/1045/285 1320/1044/285 1317/1043/285
f 1322/1046/285 1325/1045/285 1317/1043/285
f 1331/1047/286 1326/1045/286 1323/1046/286
f 1328/1048/286 1331/1047/286 1323/1046/286
f 1338/1049/287 1332/1047/287 1329/1048/287
f 1335/1050/287 1338/1049/287 1329/1048/287
f 1276/1053/288 1282/1052/288 1288/1051/288
f 1336/1055/288 1342/1054/288 1276/1053/288
f 1324/1057/288 1330/1056/288 1336/1055/288
f 1312/1059/288 1318/1058/288 1324/1057/288
f 1300/1061/288 1306/1060/288 1312/1059/288
f 1288/1051/288 1294/1062/288 1300/1061/288
f 1336/1055/288 1276/1053/288 1288/1051/288
f 1312/1059/288 1324/1057/288 1336/1055/288
f 1288/1051/288 1300/1061/288 1312/1059/288
f 1288/1051/288 1312/1059/288 1336/1055/288
f 1344/1065/289 1337/1064/289 1334/1063/289
f 1341/1066/289 1344/1065/289 1334/1063/289
f 1278/1024/290 1343/1065/290 1340/1066/290
s 1
f 1275/1023/290 1278/1024/290 1340/1066/290
s 0
f 1279/1069/291 1273/1068/291 1339/1067/291
f 1291/1071/291 1285/1070/291 1279/1069/291
f 1303/1073/291 1297/1072/291 1291/1071/291
f 1315/1075/291 1309/1074/291 1303/1073/291
f 1327/1077/291 1321/1076/291 1315/1075/291
f 1339/1067/291 1333/1078/291 1327/1077/291
f 1291/1071/291 1279/1069/291 1339/1067/291
f 1315/1075/291 1303/1073/291 1291/1071/291
f 1339/1067/291 1327/1077/291 1315/1075/291
f 1339/1067/291 1315/1075/291 1291/1071/291
g Elbow3_Mesh
v -0.190000 0.420000 0.654000
v -0.190000 0.420000 0.654000
v -0.190000 0.420000 0.654000
v -0.190000 0.550000 0.654000
v -0.190000 0.550000 0.654000
v -0.190000 0.550000 0.654000
v -0.182000 0.420000 0.656144
v -0.182000 0.420000 0.656144
v -0.182000 0.420000 0.656144
v -0.182000 0.550000 0.656144
v -0.182000 0.550000 0.656144
v -0.182000 0.550000 0.656144
v -0.176144 0.420000 0.662000
v -0.176144 0.420000 0.662000
v -0.176144 0.420000 0.662000
v -0.176144 0.550000 0.662000
v -0.176144 0.550000 0.662000
v -0.176144 0.550000 0.662000
v -0.174000 0.420000 0.670000
v -0.174000 0.420000 0.670000
v -0.174000 0.420000 0.670000
v -0.174000 0.550000 0.670000
v -0.174000 0.550000 0.670000
v -0.174000 0.550000 0.670000
v -0.176144 0.420000 0.678000
v -0.176144 0.420000 0.678000
v -0.176144 0.420000 0.678000
v -0.176144 0.550000 0.678000
v -0.176144 0.550000 0.678000
v -0.176144 0.550000 0.678000
v -0.182000 0.420000 0.683856
v -0.182000 0.420000 0.683856
v -0.182000 0.420000 0.683856
v -0.182000 0.550000 0.683856
v -0.182000 0.550000 0.683856
v -0.182000 0.550000 0.683856
v -0.190000 0.420000 0.686000
v -0.190000 0.420000 0.686000
v -0.190000 0.420000 0.686000
v -0.190000 0.550000 0.686000
v -0.190000 0.550000 0.686000
v -0.190000 0.550000 0.686000
v -0.198000 0.420000 0.683856
v -0.198000 0.420000 0.683856
v -0.198000 0.420000 0.683856
v -0.198000 0.550000 0.683856
v -0.198000 0.550000 0.683856
v -0.198000 0.550000 0.683856
v -0.203856 0.420000 0.678000
v -0.203856 0.420000 0.678000
v -0.203856 0.420000 0.678000
v -0.203856 0.550000 0.678000
v -0.203856 0.550000 0.678000
v -0.203856 0.550000 0.678000
v -0.206000 0.420000 0.670000
v -0.206000 0.420000 0.670000
v -0.206000 0.420000 0.670000
v -0.206000 0.550000 0.670000
v -0.206000 0.550000 0.670000
v -0.206000 0.550000 0.670000
v -0.203856 0.420000 0.662000
v -0.203856 0.420000 0.662000
v -0.203856 0.420000 0.662000
v -0.203856 0.550000 0.662000
v -0.203856 0.550000 0.662000
v -0.203856 0.550000 0.662000
v -0.198000 0.420000 0.656144
v -0.198000 0.420000 0.656144
v -0.198000 0.420000 0.656144
v -0.198000 0.550000 0.656144
v -0.198000 0.550000 0.656144
v -0.198000 0.550000 0.656144
vn 0.258800 -0.000000 -0.965900
vn 0.707100 -0.000000 -0.707100
vn 0.965900 -0.000000 -0.258800
vn 0.965900 -0.000000 0.258800
vn 0.707100 -0.000000 0.707100
vn 0.258800 -0.000000 0.965900
vn -0.258800 -0.000000 0.965900
vn -0.707100 -0.000000 0.707100
vn -0.965900 -0.000000 0.258800
vn -0.965900 -0.000000 -0.258800
vn -0.000000 1.000000 0.000000
vn -0.707100 -0.000000 -0.707100
vn -0.258800 -0.000000 -0.965900
vn -0.000000 -1.000000 0.000000
vt 0.305238 0.994906
vt 0.305238 0.005094
vt 0.359850 0.005094
vt 0.359850 0.994906
vt 0.724793 0.005094
vt 0.724793 0.994906
vt 0.670181 0.994906
vt 0.670181 0.005094
vt 0.607121 0.994906
vt 0.607121 0.005094
vt 0.552509 0.994906
vt 0.552509 0.005094
vt 0.177378 0.005094
vt 0.177378 0.994906
vt 0.122766 0.994906
vt 0.122766 0.005094
vt 0.059706 0.994906
vt 0.059706 0.005094
vt 0.005094 0.994906
vt 0.005094 0.005094
vt 0.370037 0.994906
vt 0.370037 0.005094
vt 0.424649 0.005094
vt 0.424649 0.994906
vt 0.487709 0.005094
vt 0.487709 0.994906
vt 0.542321 0.005094
vt 0.542321 0.994906
vt 0.938796 0.036624
vt 0.970326 0.091236
vt 0.970325 0.154296
vt 0.938796 0.208908
vt 0.884184 0.240438
vt 0.821124 0.240438
vt 0.766512 0.208908
vt 0.734982 0.154296
vt 0.734982 0.091236
vt 0.766512 0.036624
vt 0.821123 0.005094
vt 0.884184 0.005094
vt 0.187566 0.994906
vt 0.187566 0.005094
vt 0.242178 0.005094
vt 0.242178 0.994906
vt 0.884183 0.485970
vt 0.821123 0.485969
vt 0.766511 0.454440
vt 0.734981 0.399828
vt 0.734981 0.336767
vt 0.766511 0.282156
vt 0.821123 0.250625
vt 0.884183 0.250626
vt 0.938795 0.282156
vt 0.970325 0.336767
vt 0.970325 0.399828
vt 0.938795 0.454439
s 0
g Elbow3_RD_Steel
usemtl RD_Steel
f 1355/1081/292 1349/1080/292 1346/1079/292
f 1352/1082/292 1355/1081/292 1346/1079/292
f 1361/1085/293 1356/1084/293 1353/1083/293
f 1358/1086/293 1361/1085/293 1353/1083/293
f 1368/1087/294 1362/1085/294 1359/1086/294
f 1365/1088/294 1368/1087/294 1359/1086/294
f 1374/1089/295 1367/1087/295 1364/1088/295
f 1371/1090/295 1374/1089/295 1364/1088/295
f 1380/1093/296 1373/1092/296 1370/1091/296
f 1377/1094/296 1380/1093/296 1370/1091/296
f 1385/1095/297 1379/1093/297 1376/1094/297
f 1382/1096/297 1385/1095/297 1376/1094/297
f 1391/1097/298 1386/1095/298 1383/1096/298
f 1388/1098/298 1391/1097/298 1383/1096/298
f 1397/1101/299 1392/1100/299 1389/1099/299
f 1394/1102/299 1397/1101/299 1389/1099/299
f 1403/1103/300 1398/1101/300 1395/1102/300
f 1400/1104/300 1403/1103/300 1395/1102/300
f 1410/1105/301 1404/1103/301 1401/1104/301
f 1407/1106/301 1410/1105/301 1401/1104/301
f 1348/1109/302 1354/1108/302 1360/1107/302
f 1408/1111/302 1414/1110/302 1348/1109/302
f 1396/1113/302 1402/1112/302 1408/1111/302
f 1384/1115/302 1390/1114/302 1396/1113/302
f 1372/1117/302 1378/1116/302 1384/1115/302
f 1360/1107/302 1366/1118/302 1372/1117/302
f 1408/1111/302 1348/1109/302 1360/1107/302
f 1384/1115/302 1396/1113/302 1408/1111/302
f 1360/1107/302 1372/1117/302 1384/1115/302
f 1360/1107/302 1384/1115/302 1408/1111/302
f 1416/1121/303 1409/1120/303 1406/1119/303
f 1413/1122/303 1416/1121/303 1406/1119/303
f 1350/1080/304 1415/1121/304 1412/1122/304
f 1347/1079/304 1350/1080/304 1412/1122/304
f 1351/1125/305 1345/1124/305 1411/1123/305
f 1363/1127/305 1357/1126/305 1351/1125/305
f 1375/1129/305 1369/1128/305 1363/1127/305
f 1387/1131/305 1381/1130/305 1375/1129/305
f 1399/1133/305 1393/1132/305 1387/1131/305
f 1411/1123/305 1405/1134/305 1399/1133/305
f 1363/1127/305 1351/1125/305 1411/1123/305
f 1387/1131/305 1375/1129/305 1363/1127/305
f 1411/1123/305 1399/1133/305 1387/1131/305
f 1411/1123/305 1387/1131/305 1363/1127/305
g Elbow4_Mesh
v 0.190000 0.420000 0.654000
v 0.190000 0.420000 0.654000
v 0.190000 0.420000 0.654000
v 0.190000 0.550000 0.654000
v 0.190000 0.550000 0.654000
v 0.190000 0.550000 0.654000
v 0.198000 0.420000 0.656144
v 0.198000 0.420000 0.656144
v 0.198000 0.420000 0.656144
v 0.198000 0.550000 0.656144
v 0.198000 0.550000 0.656144
v 0.198000 0.550000 0.656144
v 0.203856 0.420000 0.662000
v 0.203856 0.420000 0.662000
v 0.203856 0.420000 0.662000
v 0.203856 0.550000 0.662000
v 0.203856 0.550000 0.662000
v 0.203856 0.550000 0.662000
v 0.206000 0.420000 0.670000
v 0.206000 0.420000 0.670000
v 0.206000 0.420000 0.670000
v 0.206000 0.550000 0.670000
v 0.206000 0.550000 0.670000
v 0.206000 0.550000 0.670000
v 0.203856 0.420000 0.678000
v 0.203856 0.420000 0.678000
v 0.203856 0.420000 0.678000
v 0.203856 0.550000 0.678000
v 0.203856 0.550000 0.678000
v 0.203856 0.550000 0.678000
v 0.198000 0.420000 0.683856
v 0.198000 0.420000 0.683856
v 0.198000 0.420000 0.683856
v 0.198000 0.550000 0.683856
v 0.198000 0.550000 0.683856
v 0.198000 0.550000 0.683856
v 0.190000 0.420000 0.686000
v 0.190000 0.420000 0.686000
v 0.190000 0.420000 0.686000
v 0.190000 0.550000 0.686000
v 0.190000 0.550000 0.686000
v 0.190000 0.550000 0.686000
v 0.182000 0.420000 0.683856
v 0.182000 0.420000 0.683856
v 0.182000 0.420000 0.683856
v 0.182000 0.550000 0.683856
v 0.182000 0.550000 0.683856
v 0.182000 0.550000 0.683856
v 0.176144 0.420000 0.678000
v 0.176144 0.420000 0.678000
v 0.176144 0.420000 0.678000
v 0.176144 0.550000 0.678000
v 0.176144 0.550000 0.678000
v 0.176144 0.550000 0.678000
v 0.174000 0.420000 0.670000
v 0.174000 0.420000 0.670000
v 0.174000 0.420000 0.670000
v 0.174000 0.550000 0.670000
v 0.174000 0.550000 0.670000
v 0.174000 0.550000 0.670000
v 0.176144 0.420000 0.662000
v 0.176144 0.420000 0.662000
v 0.176144 0.420000 0.662000
v 0.176144 0.550000 0.662000
v 0.176144 0.550000 0.662000
v 0.176144 0.550000 0.662000
v 0.182000 0.420000 0.656144
v 0.182000 0.420000 0.656144
v 0.182000 0.420000 0.656144
v 0.182000 0.550000 0.656144
v 0.182000 0.550000 0.656144
v 0.182000 0.550000 0.656144
vn 0.258800 -0.000000 -0.965900
vn 0.707100 -0.000000 -0.707100
vn 0.965900 -0.000000 -0.258800
vn 0.965900 -0.000000 0.258800
vn 0.707100 -0.000000 0.707100
vn 0.258800 -0.000000 0.965900
vn -0.258800 -0.000000 0.965900
vn -0.707100 -0.000000 0.707100
vn -0.965900 -0.000000 0.258800
vn -0.965900 -0.000000 -0.258800
vn -0.000000 1.000000 0.000000
vn -0.707100 -0.000000 -0.707100
vn -0.258800 -0.000000 -0.965900
vn -0.000000 -1.000000 0.000000
vt 0.122766 0.994906
vt 0.122766 0.005094
vt 0.177378 0.005094
vt 0.177378 0.994906
vt 0.542321 0.005094
vt 0.542321 0.994906
vt 0.487710 0.994906
vt 0.487710 0.005094
vt 0.424649 0.994906
vt 0.424649 0.005094
vt 0.370038 0.994906
vt 0.370038 0.005094
vt 0.359850 0.005094
vt 0.359850 0.994906
vt 0.305238 0.994906
vt 0.305238 0.005094
vt 0.242178 0.994906
vt 0.242178 0.005094
vt 0.187566 0.994906
vt 0.187566 0.005094
vt 0.552509 0.994906
vt 0.552509 0.005094
vt 0.607121 0.005094
vt 0.607121 0.994906
vt 0.670181 0.005094
vt 0.670181 0.994906
vt 0.724793 0.005094
vt 0.724793 0.994906
vt 0.821123 0.485970
vt 0.766512 0.454440
vt 0.734982 0.399828
vt 0.734982 0.336768
vt 0.766512 0.282156
vt 0.821124 0.250626
vt 0.884184 0.250626
vt 0.938796 0.282156
vt 0.970325 0.336768
vt 0.970326 0.399828
vt 0.938796 0.454440
vt 0.884184 0.485970
vt 0.005094 0.994906
vt 0.005094 0.005094
vt 0.059706 0.005094
vt 0.059706 0.994906
vt 0.766510 0.208908
vt 0.734981 0.154296
vt 0.734981 0.091236
vt 0.766511 0.036624
vt 0.821123 0.005094
vt 0.884183 0.005094
vt 0.938795 0.036625
vt 0.970325 0.091237
vt 0.970325 0.154297
vt 0.938794 0.208908
vt 0.884182 0.240438
vt 0.821122 0.240438
s 0
g Elbow4_RD_Steel
usemtl RD_Steel
f 1427/1137/306 1421/1136/306 1418/1135/306
f 1424/1138/306 1427/1137/306 1418/1135/306
f 1433/1141/307 1428/1140/307 1425/1139/307
f 1430/1142/307 1433/1141/307 1425/1139/307
f 1440/1143/308 1434/1141/308 1431/1142/308
f 1437/1144/308 1440/1143/308 1431/1142/308
f 1446/1145/309 1439/1143/309 1436/1144/309
f 1443/1146/309 1446/1145/309 1436/1144/309
f 1452/1149/310 1445/1148/310 1442/1147/310
f 1449/1150/310 1452/1149/310 1442/1147/310
f 1457/1151/311 1451/1149/311 1448/1150/311
f 1454/1152/311 1457/1151/311 1448/1150/311
f 1463/1153/312 1458/1151/312 1455/1152/312
f 1460/1154/312 1463/1153/312 1455/1152/312
f 1469/1157/313 1464/1156/313 1461/1155/313
f 1466/1158/313 1469/1157/313 1461/1155/313
f 1475/1159/314 1470/1157/314 1467/1158/314
f 1472/1160/314 1475/1159/314 1467/1158/314
f 1482/1161/315 1476/1159/315 1473/1160/315
f 1479/1162/315 1482/1161/315 1473/1160/315
f 1420/1165/316 1426/1164/316 1432/1163/316
f 1480/1167/316 1486/1166/316 1420/1165/316
f 1468/1169/316 1474/1168/316 1480/1167/316
f 1456/1171/316 1462/1170/316 1468/1169/316
f 1444/1173/316 1450/1172/316 1456/1171/316
f 1432/1163/316 1438/1174/316 1444/1173/316
f 1480/1167/316 1420/1165/316 1432/1163/316
f 1456/1171/316 1468/1169/316 1480/1167/316
f 1432/1163/316 1444/1173/316 1456/1171/316
f 1432/1163/316 1456/1171/316 1480/1167/316
f 1488/1177/317 1481/1176/317 1478/1175/317
f 1485/1178/317 1488/1177/317 1478/1175/317
f 1422/1136/318 1487/1177/318 1484/1178/318
f 1419/1135/318 1422/1136/318 1484/1178/318
f 1423/1181/319 1417/1180/319 1483/1179/319
f 1435/1183/319 1429/1182/319 1423/1181/319
f 1447/1185/319 1441/1184/319 1435/1183/319
f 1459/1187/319 1453/1186/319 1447/1185/319
f 1471/1189/319 1465/1188/319 1459/1187/319
f 1483/1179/319 1477/1190/319 1471/1189/319
f 1435/1183/319 1423/1181/319 1483/1179/319
f 1459/1187/319 1447/1185/319 1435/1183/319
f 1483/1179/319 1471/1189/319 1459/1187/319
f 1483/1179/319 1459/1187/319 1435/1183/319
g Elbow5_Mesh
v 0.570000 0.420000 0.654000
v 0.570000 0.420000 0.654000
v 0.570000 0.420000 0.654000
v 0.570000 0.550000 0.654000
v 0.570000 0.550000 0.654000
v 0.570000 0.550000 0.654000
v 0.578000 0.420000 0.656144
v 0.578000 0.420000 0.656144
v 0.578000 0.420000 0.656144
v 0.578000 0.550000 0.656144
v 0.578000 0.550000 0.656144
v 0.578000 0.550000 0.656144
v 0.583856 0.420000 0.662000
v 0.583856 0.420000 0.662000
v 0.583856 0.420000 0.662000
v 0.583856 0.550000 0.662000
v 0.583856 0.550000 0.662000
v 0.583856 0.550000 0.662000
v 0.586000 0.420000 0.670000
v 0.586000 0.420000 0.670000
v 0.586000 0.420000 0.670000
v 0.586000 0.550000 0.670000
v 0.586000 0.550000 0.670000
v 0.586000 0.550000 0.670000
v 0.583856 0.420000 0.678000
v 0.583856 0.420000 0.678000
v 0.583856 0.420000 0.678000
v 0.583856 0.550000 0.678000
v 0.583856 0.550000 0.678000
v 0.583856 0.550000 0.678000
v 0.578000 0.420000 0.683856
v 0.578000 0.420000 0.683856
v 0.578000 0.420000 0.683856
v 0.578000 0.550000 0.683856
v 0.578000 0.550000 0.683856
v 0.578000 0.550000 0.683856
v 0.570000 0.420000 0.686000
v 0.570000 0.420000 0.686000
v 0.570000 0.420000 0.686000
v 0.570000 0.550000 0.686000
v 0.570000 0.550000 0.686000
v 0.570000 0.550000 0.686000
v 0.562000 0.420000 0.683856
v 0.562000 0.420000 0.683856
v 0.562000 0.420000 0.683856
v 0.562000 0.550000 0.683856
v 0.562000 0.550000 0.683856
v 0.562000 0.550000 0.683856
v 0.556144 0.420000 0.678000
v 0.556144 0.420000 0.678000
v 0.556144 0.420000 0.678000
v 0.556144 0.550000 0.678000
v 0.556144 0.550000 0.678000
v 0.556144 0.550000 0.678000
v 0.554000 0.420000 0.670000
v 0.554000 0.420000 0.670000
v 0.554000 0.420000 0.670000
v 0.554000 0.550000 0.670000
v 0.554000 0.550000 0.670000
v 0.554000 0.550000 0.670000
v 0.556144 0.420000 0.662000
v 0.556144 0.420000 0.662000
v 0.556144 0.420000 0.662000
v 0.556144 0.550000 0.662000
v 0.556144 0.550000 0.662000
v 0.556144 0.550000 0.662000
v 0.562000 0.420000 0.656144
v 0.562000 0.420000 0.656144
v 0.562000 0.420000 0.656144
v 0.562000 0.550000 0.656144
v 0.562000 0.550000 0.656144
v 0.562000 0.550000 0.656144
vn 0.258800 -0.000000 -0.965900
vn 0.707100 -0.000000 -0.707100
vn 0.965900 -0.000000 -0.258800
vn 0.965900 -0.000000 0.258800
vn 0.707100 -0.000000 0.707100
vn 0.258800 -0.000000 0.965900
vn -0.258800 -0.000000 0.965900
vn -0.707100 -0.000000 0.707100
vn -0.965900 -0.000000 0.258800
vn -0.965900 -0.000000 -0.258800
vn -0.000000 1.000000 0.000000
vn -0.707100 -0.000000 -0.707100
vn -0.258800 -0.000000 -0.965900
vn -0.000000 -1.000000 0.000000
vt 0.122766 0.994906
vt 0.122766 0.005094
vt 0.177378 0.005094
vt 0.177378 0.994906
vt 0.359850 0.005094
vt 0.359850 0.994906
vt 0.305239 0.994906
vt 0.305239 0.005094
vt 0.242178 0.994906
vt 0.242178 0.005094
vt 0.187566 0.994906
vt 0.187566 0.005094
vt 0.724794 0.005094
vt 0.724794 0.994906
vt 0.670183 0.994906
vt 0.670183 0.005094
vt 0.607122 0.994906
vt 0.607122 0.005094
vt 0.552510 0.994906
vt 0.552510 0.005094
vt 0.370038 0.994906
vt 0.370038 0.005094
vt 0.424650 0.005094
vt 0.424650 0.994906
vt 0.487710 0.005094
vt 0.487710 0.994906
vt 0.542323 0.005094
vt 0.542323 0.994906
vt 0.938797 0.208908
vt 0.884185 0.240439
vt 0.821125 0.240439
vt 0.766513 0.208909
vt 0.734982 0.154298
vt 0.734982 0.091237
vt 0.766512 0.036625
vt 0.821124 0.005095
vt 0.884184 0.005095
vt 0.938796 0.036625
vt 0.970326 0.091236
vt 0.970326 0.154296
vt 0.005094 0.994906
vt 0.005094 0.005094
vt 0.059706 0.005094
vt 0.059706 0.994906
vt 0.938797 0.454441
vt 0.884185 0.485970
vt 0.821124 0.485970
vt 0.766513 0.454440
vt 0.734983 0.399828
vt 0.734983 0.336768
vt 0.766514 0.282156
vt 0.821126 0.250627
vt 0.884186 0.250627
vt 0.938797 0.282157
vt 0.970327 0.336769
vt 0.970327 0.399829
s 0
g Elbow5_RD_Steel
usemtl RD_Steel
f 1499/1193/320 1493/1192/320 1490/1191/320
f 1496/1194/320 1499/1193/320 1490/1191/320
f 1505/1197/321 1500/1196/321 1497/1195/321
f 1502/1198/321 1505/1197/321 1497/1195/321
f 1512/1199/322 1506/1197/322 1503/1198/322
f 1509/1200/322 1512/1199/322 1503/1198/322
f 1518/1201/323 1511/1199/323 1508/1200/323
f 1515/1202/323 1518/1201/323 1508/1200/323
f 1524/1205/324 1517/1204/324 1514/1203/324
f 1521/1206/324 1524/1205/324 1514/1203/324
f 1529/1207/325 1523/1205/325 1520/1206/325
s 1
f 1526/1208/325 1529/1207/325 1520/1206/325
s 0
f 1535/1209/326 1530/1207/326 1527/1208/326
s 1
f 1532/1210/326 1535/1209/326 1527/1208/326
s 0
f 1541/1213/327 1536/1212/327 1533/1211/327
f 1538/1214/327 1541/1213/327 1533/1211/327
f 1547/1215/328 1542/1213/328 1539/1214/328
f 1544/1216/328 1547/1215/328 1539/1214/328
f 1554/1217/329 1548/1215/329 1545/1216/329
f 1551/1218/329 1554/1217/329 1545/1216/329
f 1492/1221/330 1498/1220/330 1504/1219/330
f 1552/1223/330 1558/1222/330 1492/1221/330
f 1540/1225/330 1546/1224/330 1552/1223/330
f 1528/1227/330 1534/1226/330 1540/1225/330
f 1516/1229/330 1522/1228/330 1528/1227/330
f 1504/1219/330 1510/1230/330 1516/1229/330
f 1552/1223/330 1492/1221/330 1504/1219/330
f 1528/1227/330 1540/1225/330 1552/1223/330
f 1504/1219/330 1516/1229/330 1528/1227/330
f 1504/1219/330 1528/1227/330 1552/1223/330
f 1560/1233/331 1553/1232/331 1550/1231/331
f 1557/1234/331 1560/1233/331 1550/1231/331
f 1494/1192/332 1559/1233/332 1556/1234/332
f 1491/1191/332 1494/1192/332 1556/1234/332
f 1495/1237/333 1489/1236/333 1555/1235/333
f 1507/1239/333 1501/1238/333 1495/1237/333
f 1519/1241/333 1513/1240/333 1507/1239/333
f 1531/1243/333 1525/1242/333 1519/1241/333
f 1543/1245/333 1537/1244/333 1531/1243/333
f 1555/1235/333 1549/1246/333 1543/1245/333
f 1507/1239/333 1495/1237/333 1555/1235/333
f 1531/1243/333 1519/1241/333 1507/1239/333
f 1555/1235/333 1543/1245/333 1531/1243/333
f 1555/1235/333 1531/1243/333 1507/1239/333
g Elbow6_Mesh
v 0.950000 0.420000 0.654000
v 0.950000 0.420000 0.654000
v 0.950000 0.420000 0.654000
v 0.950000 0.550000 0.654000
v 0.950000 0.550000 0.654000
v 0.950000 0.550000 0.654000
v 0.958000 0.420000 0.656144
v 0.958000 0.420000 0.656144
v 0.958000 0.420000 0.656144
v 0.958000 0.550000 0.656144
v 0.958000 0.550000 0.656144
v 0.958000 0.550000 0.656144
v 0.963856 0.420000 0.662000
v 0.963856 0.420000 0.662000
v 0.963856 0.420000 0.662000
v 0.963856 0.550000 0.662000
v 0.963856 0.550000 0.662000
v 0.963856 0.550000 0.662000
v 0.966000 0.420000 0.670000
v 0.966000 0.420000 0.670000
v 0.966000 0.420000 0.670000
v 0.966000 0.550000 0.670000
v 0.966000 0.550000 0.670000
v 0.966000 0.550000 0.670000
v 0.963856 0.420000 0.678000
v 0.963856 0.420000 0.678000
v 0.963856 0.420000 0.678000
v 0.963856 0.550000 0.678000
v 0.963856 0.550000 0.678000
v 0.963856 0.550000 0.678000
v 0.958000 0.420000 0.683856
v 0.958000 0.420000 0.683856
v 0.958000 0.420000 0.683856
v 0.958000 0.550000 0.683856
v 0.958000 0.550000 0.683856
v 0.958000 0.550000 0.683856
v 0.950000 0.420000 0.686000
v 0.950000 0.420000 0.686000
v 0.950000 0.420000 0.686000
v 0.950000 0.550000 0.686000
v 0.950000 0.550000 0.686000
v 0.950000 0.550000 0.686000
v 0.942000 0.420000 0.683856
v 0.942000 0.420000 0.683856
v 0.942000 0.420000 0.683856
v 0.942000 0.550000 0.683856
v 0.942000 0.550000 0.683856
v 0.942000 0.550000 0.683856
v 0.936144 0.420000 0.678000
v 0.936144 0.420000 0.678000
v 0.936144 0.420000 0.678000
v 0.936144 0.550000 0.678000
v 0.936144 0.550000 0.678000
v 0.936144 0.550000 0.678000
v 0.934000 0.420000 0.670000
v 0.934000 0.420000 0.670000
v 0.934000 0.420000 0.670000
v 0.934000 0.550000 0.670000
v 0.934000 0.550000 0.670000
v 0.934000 0.550000 0.670000
v 0.936144 0.420000 0.662000
v 0.936144 0.420000 0.662000
v 0.936144 0.420000 0.662000
v 0.936144 0.550000 0.662000
v 0.936144 0.550000 0.662000
v 0.936144 0.550000 0.662000
v 0.942000 0.420000 0.656144
v 0.942000 0.420000 0.656144
v 0.942000 0.420000 0.656144
v 0.942000 0.550000 0.656144
v 0.942000 0.550000 0.656144
v 0.942000 0.550000 0.656144
vn 0.258800 -0.000000 -0.965900
vn 0.707100 -0.000000 -0.707100
vn 0.965900 -0.000000 -0.258800
vn 0.965900 -0.000000 0.258800
vn 0.707100 -0.000000 0.707100
vn 0.258800 -0.000000 0.965900
vn -0.258800 -0.000000 0.965900
vn -0.707100 -0.000000 0.707100
vn -0.965900 -0.000000 0.258800
vn -0.965900 -0.000000 -0.258800
vn -0.000000 1.000000 0.000000
vn -0.707100 -0.000000 -0.707100
vn -0.258800 -0.000000 -0.965900
vn -0.000000 -1.000000 0.000000
vt 0.122767 0.994906
vt 0.122767 0.005094
vt 0.177378 0.005094
vt 0.177378 0.994906
vt 0.359851 0.005094
vt 0.359850 0.994906
vt 0.305239 0.994906
vt 0.305239 0.005094
vt 0.242178 0.994906
vt 0.242178 0.005094
vt 0.187566 0.994906
vt 0.187566 0.005094
vt 0.724794 0.005094
vt 0.724794 0.994906
vt 0.670182 0.994906
vt 0.670182 0.005094
vt 0.607122 0.994906
vt 0.607122 0.005094
vt 0.552510 0.994906
vt 0.552510 0.005094
vt 0.370038 0.994906
vt 0.370038 0.005094
vt 0.424650 0.005094
vt 0.424650 0.994906
vt 0.487711 0.005094
vt 0.487711 0.994906
vt 0.542323 0.005094
vt 0.542323 0.994906
vt 0.884184 0.240438
vt 0.821124 0.240438
vt 0.766512 0.208908
vt 0.734982 0.154296
vt 0.734982 0.091236
vt 0.766512 0.036624
vt 0.821124 0.005094
vt 0.884184 0.005094
vt 0.938796 0.036624
vt 0.970326 0.091236
vt 0.970326 0.154296
vt 0.938796 0.208908
vt 0.005094 0.994906
vt 0.005094 0.005094
vt 0.059706 0.005094
vt 0.059706 0.994906
vt 0.938796 0.454440
vt 0.884184 0.485970
vt 0.821124 0.485970
vt 0.766512 0.454440
vt 0.734982 0.399828
vt 0.734982 0.336767
vt 0.766513 0.282156
vt 0.821125 0.250626
vt 0.884185 0.250626
vt 0.938797 0.282156
vt 0.970326 0.336768
vt 0.970326 0.399829
s 0
g Elbow6_RD_Steel
usemtl RD_Steel
f 1571/1249/334 1565/1248/334 1562/1247/334
f 1568/1250/334 1571/1249/334 1562/1247/334
f 1577/1253/335 1572/1252/335 1569/1251/335
f 1574/1254/335 1577/1253/335 1569/1251/335
f 1584/1255/336 1578/1253/336 1575/1254/336
f 1581/1256/336 1584/1255/336 1575/1254/336
f 1590/1257/337 1583/1255/337 1580/1256/337
f 1587/1258/337 1590/1257/337 1580/1256/337
f 1596/1261/338 1589/1260/338 1586/1259/338
f 1593/1262/338 1596/1261/338 1586/1259/338
f 1601/1263/339 1595/1261/339 1592/1262/339
f 1598/1264/339 1601/1263/339 1592/1262/339
f 1607/1265/340 1602/1263/340 1599/1264/340
f 1604/1266/340 1607/1265/340 1599/1264/340
f 1613/1269/341 1608/1268/341 1605/1267/341
f 1610/1270/341 1613/1269/341 1605/1267/341
f 1619/1271/342 1614/1269/342 1611/1270/342
f 1616/1272/342 1619/1271/342 1611/1270/342
f 1626/1273/343 1620/1271/343 1617/1272/343
f 1623/1274/343 1626/1273/343 1617/1272/343
f 1564/1277/344 1570/1276/344 1576/1275/344
f 1624/1279/344 1630/1278/344 1564/1277/344
f 1612/1281/344 1618/1280/344 1624/1279/344
f 1600/1283/344 1606/1282/344 1612/1281/344
f 1588/1285/344 1594/1284/344 1600/1283/344
f 1576/1275/344 1582/1286/344 1588/1285/344
f 1624/1279/344 1564/1277/344 1576/1275/344
f 1600/1283/344 1612/1281/344 1624/1279/344
f 1576/1275/344 1588/1285/344 1600/1283/344
f 1576/1275/344 1600/1283/344 1624/1279/344
f 1632/1289/345 1625/1288/345 1622/1287/345
f 1629/1290/345 1632/1289/345 1622/1287/345
f 1566/1248/346 1631/1289/346 1628/1290/346
s 1
f 1563/1247/346 1566/1248/346 1628/1290/346
s 0
f 1567/1293/347 1561/1292/347 1627/1291/347
f 1579/1295/347 1573/1294/347 1567/1293/347
f 1591/1297/347 1585/1296/347 1579/1295/347
f 1603/1299/347 1597/1298/347 1591/1297/347
f 1615/1301/347 1609/1300/347 1603/1299/347
f 1627/1291/347 1621/1302/347 1615/1301/347
f 1579/1295/347 1567/1293/347 1627/1291/347
f 1603/1299/347 1591/1297/347 1579/1295/347
f 1627/1291/347 1615/1301/347 1603/1299/347
f 1627/1291/347 1603/1299/347 1579/1295/347
g Elbow7_Mesh
v 1.330000 0.420000 0.654000
v 1.330000 0.420000 0.654000
v 1.330000 0.420000 0.654000
v 1.330000 0.550000 0.654000
v 1.330000 0.550000 0.654000
v 1.330000 0.550000 0.654000
v 1.338000 0.420000 0.656144
v 1.338000 0.420000 0.656144
v 1.338000 0.420000 0.656144
v 1.338000 0.550000 0.656144
v 1.338000 0.550000 0.656144
v 1.338000 0.550000 0.656144
v 1.343856 0.420000 0.662000
v 1.343856 0.420000 0.662000
v 1.343856 0.420000 0.662000
v 1.343856 0.550000 0.662000
v 1.343856 0.550000 0.662000
v 1.343856 0.550000 0.662000
v 1.346000 0.420000 0.670000
v 1.346000 0.420000 0.670000
v 1.346000 0.420000 0.670000
v 1.346000 0.550000 0.670000
v 1.346000 0.550000 0.670000
v 1.346000 0.550000 0.670000
v 1.343856 0.420000 0.678000
v 1.343856 0.420000 0.678000
v 1.343856 0.420000 0.678000
v 1.343856 0.550000 0.678000
v 1.343856 0.550000 0.678000
v 1.343856 0.550000 0.678000
v 1.338000 0.420000 0.683856
v 1.338000 0.420000 0.683856
v 1.338000 0.420000 0.683856
v 1.338000 0.550000 0.683856
v 1.338000 0.550000 0.683856
v 1.338000 0.550000 0.683856
v 1.330000 0.420000 0.686000
v 1.330000 0.420000 0.686000
v 1.330000 0.420000 0.686000
v 1.330000 0.550000 0.686000
v 1.330000 0.550000 0.686000
v 1.330000 0.550000 0.686000
v 1.322000 0.420000 0.683856
v 1.322000 0.420000 0.683856
v 1.322000 0.420000 0.683856
v 1.322000 0.550000 0.683856
v 1.322000 0.550000 0.683856
v 1.322000 0.550000 0.683856
v 1.316144 0.420000 0.678000
v 1.316144 0.420000 0.678000
v 1.316144 0.420000 0.678000
v 1.316144 0.550000 0.678000
v 1.316144 0.550000 0.678000
v 1.316144 0.550000 0.678000
v 1.314000 0.420000 0.670000
v 1.314000 0.420000 0.670000
v 1.314000 0.420000 0.670000
v 1.314000 0.550000 0.670000
v 1.314000 0.550000 0.670000
v 1.314000 0.550000 0.670000
v 1.316144 0.420000 0.662000
v 1.316144 0.420000 0.662000
v 1.316144 0.420000 0.662000
v 1.316144 0.550000 0.662000
v 1.316144 0.550000 0.662000
v 1.316144 0.550000 0.662000
v 1.322000 0.420000 0.656144
v 1.322000 0.420000 0.656144
v 1.322000 0.420000 0.656144
v 1.322000 0.550000 0.656144
v 1.322000 0.550000 0.656144
v 1.322000 0.550000 0.656144
vn 0.258800 -0.000000 -0.965900
vn 0.707100 -0.000000 -0.707100
vn 0.965900 -0.000000 -0.258800
vn 0.965900 -0.000000 0.258800
vn 0.707100 -0.000000 0.707100
vn 0.258800 -0.000000 0.965900
vn -0.258800 -0.000000 0.965900
vn -0.707100 -0.000000 0.707100
vn -0.965900 -0.000000 0.258800
vn -0.965900 -0.000000 -0.258800
vn -0.000000 1.000000 0.000000
vn -0.707100 -0.000000 -0.707100
vn -0.258800 -0.000000 -0.965900
vn -0.000000 -1.000000 0.000000
vt 0.305238 0.994906
vt 0.305238 0.005094
vt 0.359850 0.005094
vt 0.359850 0.994906
vt 0.724796 0.005094
vt 0.724796 0.994906
vt 0.670184 0.994906
vt 0.670184 0.005094
vt 0.607123 0.994906
vt 0.607123 0.005094
vt 0.552511 0.994906
vt 0.552511 0.005094
vt 0.542322 0.005094
vt 0.542322 0.994906
vt 0.487710 0.994906
vt 0.487711 0.005094
vt 0.424649 0.994906
vt 0.424650 0.005094
vt 0.370038 0.994906
vt 0.370038 0.005094
vt 0.005094 0.994906
vt 0.005094 0.005094
vt 0.059705 0.005094
vt 0.059705 0.994906
vt 0.122766 0.005094
vt 0.122766 0.994906
vt 0.177378 0.005094
vt 0.177378 0.994906
vt 0.884185 0.485972
vt 0.821125 0.485972
vt 0.766513 0.454441
vt 0.734983 0.399830
vt 0.734983 0.336770
vt 0.766513 0.282158
vt 0.821125 0.250628
vt 0.884185 0.250628
vt 0.938796 0.282158
vt 0.970327 0.336770
vt 0.970327 0.399830
vt 0.938797 0.454442
vt 0.187566 0.994906
vt 0.187566 0.005094
vt 0.242178 0.005094
vt 0.242178 0.994906
vt 0.766512 0.208907
vt 0.734982 0.154295
vt 0.734982 0.091235
vt 0.766512 0.036623
vt 0.821124 0.005093
vt 0.884185 0.005094
vt 0.938796 0.036624
vt 0.970326 0.091236
vt 0.970326 0.154296
vt 0.938796 0.208908
vt 0.884184 0.240438
vt 0.821123 0.240438
s 0
g Elbow7_RD_Steel
usemtl RD_Steel
f 1643/1305/348 1637/1304/348 1634/1303/348
f 1640/1306/348 1643/1305/348 1634/1303/348
f 1649/1309/349 1644/1308/349 1641/1307/349
f 1646/1310/349 1649/1309/349 1641/1307/349
f 1656/1311/350 1650/1309/350 1647/1310/350
f 1653/1312/350 1656/1311/350 1647/1310/350
f 1662/1313/351 1655/1311/351 1652/1312/351
f 1659/1314/351 1662/1313/351 1652/1312/351
f 1668/1317/352 1661/1316/352 1658/1315/352
f 1665/1318/352 1668/1317/352 1658/1315/352
f 1673/1319/353 1667/1317/353 1664/1318/353
s 1
f 1670/1320/353 1673/1319/353 1664/1318/353
f 1679/1321/354 1674/1319/354 1671/1320/354
s 0
f 1676/1322/354 1679/1321/354 1671/1320/354
f 1685/1325/355 1680/1324/355 1677/1323/355
f 1682/1326/355 1685/1325/355 1677/1323/355
f 1691/1327/356 1686/1325/356 1683/1326/356
f 1688/1328/356 1691/1327/356 1683/1326/356
f 1698/1329/357 1692/1327/357 1689/1328/357
f 1695/1330/357 1698/1329/357 1689/1328/357
f 1636/1333/358 1642/1332/358 1648/1331/358
f 1696/1335/358 1702/1334/358 1636/1333/358
f 1684/1337/358 1690/1336/358 1696/1335/358
f 1672/1339/358 1678/1338/358 1684/1337/358
f 1660/1341/358 1666/1340/358 1672/1339/358
f 1648/1331/358 1654/1342/358 1660/1341/358
f 1696/1335/358 1636/1333/358 1648/1331/358
f 1672/1339/358 1684/1337/358 1696/1335/358
f 1648/1331/358 1660/1341/358 1672/1339/358
f 1648/1331/358 1672/1339/358 1696/1335/358
f 1704/1345/359 1697/1344/359 1694/1343/359
f 1701/1346/359 1704/1345/359 1694/1343/359
f 1638/1304/360 1703/1345/360 1700/1346/360
f 1635/1303/360 1638/1304/360 1700/1346/360
f 1639/1349/361 1633/1348/361 1699/1347/361
f 1651/1351/361 1645/1350/361 1639/1349/361
f 1663/1353/361 1657/1352/361 1651/1351/361
f 1675/1355/361 1669/1354/361 1663/1353/361
f 1687/1357/361 1681/1356/361 1675/1355/361
f 1699/1347/361 1693/1358/361 1687/1357/361
f 1651/1351/361 1639/1349/361 1699/1347/361
f 1675/1355/361 1663/1353/361 1651/1351/361
f 1699/1347/361 1687/1357/361 1675/1355/361
f 1699/1347/361 1675/1355/361 1651/1351/361
g EndPost_Mesh
v -1.540000 0.160000 0.490000
v -1.540000 0.160000 0.490000
v -1.540000 0.160000 0.490000
v -1.540000 0.160000 0.770000
v -1.540000 0.160000 0.770000
v -1.540000 0.160000 0.770000
v -1.540000 0.710000 0.490000
v -1.540000 0.710000 0.490000
v -1.540000 0.710000 0.490000
v -1.540000 0.710000 0.770000
v -1.540000 0.710000 0.770000
v -1.540000 0.710000 0.770000
v -1.380000 0.160000 0.490000
v -1.380000 0.160000 0.490000
v -1.380000 0.160000 0.490000
v -1.380000 0.160000 0.770000
v -1.380000 0.160000 0.770000
v -1.380000 0.160000 0.770000
v -1.380000 0.710000 0.490000
v -1.380000 0.710000 0.490000
v -1.380000 0.710000 0.490000
v -1.380000 0.710000 0.770000
v -1.380000 0.710000 0.770000
v -1.380000 0.710000 0.770000
vn -1.000000 -0.000000 0.000000
vn -0.000000 1.000000 0.000000
vn 1.000000 -0.000000 0.000000
vn -0.000000 -1.000000 0.000000
vn -0.000000 -0.000000 -1.000000
vn -0.000000 -0.000000 1.000000
vt 0.564000 0.696000
vt 0.564000 0.808000
vt 0.784000 0.808000
vt 0.784000 0.696000
vt -0.116000 0.696000
vt -0.116000 0.808000
vt -0.052000 0.808000
vt -0.052000 0.696000
vt -0.116000 0.784000
vt -0.052000 0.784000
vt -0.052000 0.564000
vt -0.116000 0.564000
s 0
g EndPost_RD_Skid
usemtl RD_Skid
f 1716/1361/362 1710/1360/362 1707/1359/362
f 1713/1362/362 1716/1361/362 1707/1359/362
f 1727/1365/363 1715/1364/363 1712/1363/363
f 1724/1366/363 1727/1365/363 1712/1363/363
f 1722/1360/364 1728/1361/364 1725/1362/364
f 1719/1359/364 1722/1360/364 1725/1362/364
f 1709/1364/365 1721/1365/365 1718/1366/365
f 1706/1363/365 1709/1364/365 1718/1366/365
f 1717/1369/366 1723/1368/366 1711/1367/366
f 1705/1370/366 1717/1369/366 1711/1367/366
f 1708/1370/367 1714/1367/367 1726/1368/367
f 1720/1369/367 1708/1370/367 1726/1368/367
g Fin0_Mesh
v -1.408000 0.202000 -0.710000
v -1.408000 0.180000 -0.688000
v -1.430000 0.202000 -0.688000
v -1.408000 0.186444 -0.703556
v -1.408000 0.186444 -0.703556
v -1.420702 0.189298 -0.700702
v -1.420702 0.189298 -0.700702
v -1.420702 0.189298 -0.700702
v -1.423556 0.186444 -0.688000
v -1.423556 0.186444 -0.688000
v -1.423556 0.202000 -0.703556
v -1.423556 0.202000 -0.703556
v -1.408000 0.180000 0.688000
v -1.408000 0.202000 0.710000
v -1.430000 0.202000 0.688000
v -1.408000 0.186444 0.703556
v -1.408000 0.186444 0.703556
v -1.420702 0.189298 0.700702
v -1.420702 0.189298 0.700702
v -1.420702 0.189298 0.700702
v -1.423556 0.202000 0.703556
v -1.423556 0.202000 0.703556
v -1.423556 0.186444 0.688000
v -1.423556 0.186444 0.688000
v -1.408000 2.238000 -0.710000
v -1.430000 2.238000 -0.688000
v -1.408000 2.260000 -0.688000
v -1.423556 2.238000 -0.703556
v -1.423556 2.238000 -0.703556
v -1.420702 2.250702 -0.700702
v -1.420702 2.250702 -0.700702
v -1.420702 2.250702 -0.700702
v -1.423556 2.253556 -0.688000
v -1.423556 2.253556 -0.688000
v -1.408000 2.253556 -0.703556
v -1.408000 2.253556 -0.703556
v -1.408000 2.238000 0.710000
v -1.408000 2.260000 0.688000
v -1.430000 2.238000 0.688000
v -1.408000 2.253556 0.703556
v -1.408000 2.253556 0.703556
v -1.420702 2.250702 0.700702
v -1.420702 2.250702 0.700702
v -1.420702 2.250702 0.700702
v -1.423556 2.253556 0.688000
v -1.423556 2.253556 0.688000
v -1.423556 2.238000 0.703556
v -1.423556 2.238000 0.703556
v -1.252000 0.202000 -0.710000
v -1.230000 0.202000 -0.688000
v -1.252000 0.180000 -0.688000
v -1.236444 0.202000 -0.703556
v -1.236444 0.202000 -0.703556
v -1.239298 0.189298 -0.700702
v -1.239298 0.189298 -0.700702
v -1.239298 0.189298 -0.700702
v -1.236444 0.186444 -0.688000
v -1.236444 0.186444 -0.688000
v -1.252000 0.186444 -0.703556
v -1.252000 0.186444 -0.703556
v -1.252000 0.202000 0.710000
v -1.252000 0.180000 0.688000
v -1.230000 0.202000 0.688000
v -1.252000 0.186444 0.703556
v -1.252000 0.186444 0.703556
v -1.239298 0.189298 0.700702
v -1.239298 0.189298 0.700702
v -1.239298 0.189298 0.700702
v -1.236444 0.186444 0.688000
v -1.236444 0.186444 0.688000
v -1.236444 0.202000 0.703556
v -1.236444 0.202000 0.703556
v -1.252000 2.238000 -0.710000
v -1.252000 2.260000 -0.688000
v -1.230000 2.238000 -0.688000
v -1.252000 2.253556 -0.703556
v -1.252000 2.253556 -0.703556
v -1.239298 2.250702 -0.700702
v -1.239298 2.250702 -0.700702
v -1.239298 2.250702 -0.700702
v -1.236444 2.253556 -0.688000
v -1.236444 2.253556 -0.688000
v -1.236444 2.238000 -0.703556
v -1.236444 2.238000 -0.703556
v -1.252000 2.238000 0.710000
v -1.230000 2.238000 0.688000
v -1.252000 2.260000 0.688000
v -1.236444 2.238000 0.703556
v -1.236444 2.238000 0.703556
v -1.239298 2.250702 0.700702
v -1.239298 2.250702 0.700702
v -1.239298 2.250702 0.700702
v -1.236444 2.253556 0.688000
v -1.236444 2.253556 0.688000
v -1.252000 2.253556 0.703556
v -1.252000 2.253556 0.703556
vn -0.000100 -0.000000 -1.000000
vn -0.000000 -0.707100 -0.707100
vn -0.577400 -0.577300 -0.577400
vn -0.707100 -0.000000 -0.707100
vn -0.000000 -1.000000 0.000000
vn -0.707100 -0.707100 0.000000
vn -1.000000 -0.000000 0.000000
vn -0.000100 -1.000000 0.000000
vn -0.000000 -0.707100 0.707100
vn -0.577400 -0.577300 0.577400
vn -0.000000 -0.000000 1.000000
vn -0.707100 -0.000000 0.707100
vn -0.000000 -0.000000 -1.000000
vn -0.577400 0.577300 -0.577400
vn -0.000000 0.707100 -0.707100
vn -0.707100 0.707100 0.000000
vn -0.000000 1.000000 0.000000
vn -0.000100 -0.000000 1.000000
vn -0.000000 0.707100 0.707100
vn -0.577400 0.577300 0.577400
vn 0.707100 -0.000000 -0.707100
vn 0.577400 -0.577300 -0.577400
vn 1.000000 -0.000000 0.000000
vn 0.707100 -0.707100 0.000000
vn 0.000100 -1.000000 0.000000
vn 0.000100 -0.000000 1.000000
vn 0.577400 -0.577300 0.577400
vn 0.707100 -0.000000 0.707100
vn 0.000100 -0.000000 -1.000000
vn 0.577400 0.577300 -0.577400
vn 0.707100 0.707100 0.000000
vn 0.577400 0.577300 0.577400
vt 0.049440 0.564640
vt 0.049440 0.557600
vt 0.045375 0.557600
vt 0.042400 0.564640
vt 0.049440 0.279840
vt 0.042400 0.279840
vt 0.042400 0.275775
vt 0.049440 0.272800
vt 0.564640 0.279840
vt 0.564640 0.272800
vt 0.560575 0.272800
vt 0.557600 0.279840
vt 0.049440 0.720160
vt 0.049440 0.727200
vt 0.045375 0.727200
vt 0.042400 0.720160
vt 0.049440 0.564640
vt 0.042400 0.560575
vt 0.564640 0.720160
vt 0.557600 0.720160
vt 0.557600 0.724225
vt 0.564640 0.727200
vt 0.049440 1.216160
vt 0.042400 1.216160
vt 0.042400 1.220224
vt 0.049440 1.223200
vt 1.216160 0.279840
vt 1.223200 0.279840
vt 1.223200 0.275775
vt 1.216160 0.272800
vt 0.049440 0.279840
vt 0.045375 0.272800
vt 0.042400 0.279840
vt 0.049440 1.216160
vt 0.049440 1.223200
vt 0.045375 1.223200
vt 0.042400 1.216160
vt 0.049440 0.720160
vt 0.042400 0.720160
vt 0.042400 0.724225
vt 0.049440 0.727200
vt 1.216160 0.720160
vt 1.216160 0.727200
vt 1.220224 0.727200
vt 1.223200 0.720160
vt 0.099360 0.564640
vt 0.106400 0.564640
vt 0.106400 0.560575
vt 0.099360 0.557600
vt 0.564640 0.279840
vt 0.557600 0.279840
vt 0.557600 0.275775
vt 0.564640 0.272800
vt 0.099360 0.279840
vt 0.099360 0.272800
vt 0.103425 0.272800
vt 0.106400 0.279840
vt 0.099360 0.564640
vt 0.099360 0.557600
vt 0.103425 0.557600
vt 0.106400 0.564640
vt 0.099360 0.720160
vt 0.106400 0.720160
vt 0.106400 0.724225
vt 0.099360 0.727200
vt 0.564640 0.720160
vt 0.564640 0.727200
vt 0.560575 0.727200
vt 0.557600 0.720160
vt 0.099360 1.216160
vt 0.099360 1.223200
vt 0.103425 1.223200
vt 0.106400 1.216160
vt 0.099360 0.279840
vt 0.106400 0.275775
vt 0.099360 0.272800
vt 1.216160 0.279840
vt 1.220224 0.272800
vt 0.106400 1.216160
vt 0.106400 1.220224
vt 0.099360 1.223200
vt 1.216160 0.720160
vt 1.223200 0.720160
vt 1.223200 0.724225
vt 1.216160 0.727200
vt 0.099360 0.720160
vt 0.099360 0.727200
vt 0.103425 0.727200
vt 0.106400 0.720160
s 1
g Fin0_RD_Plate
usemtl RD_Plate
f 1735/1373/370 1732/1372/369 1729/1371/368
f 1739/1374/371 1735/1373/370 1729/1371/368
f 1734/1377/370 1737/1376/373 1730/1375/372
f 1733/1378/369 1734/1377/370 1730/1375/372
f 1736/1381/370 1740/1380/371 1731/1379/374
f 1738/1382/373 1736/1381/370 1731/1379/374
f 1747/1385/377 1744/1384/376 1741/1383/375
f 1751/1386/373 1747/1385/377 1741/1383/375
f 1746/1388/377 1749/1374/379 1742/1387/378
f 1745/1372/376 1746/1388/377 1742/1387/378
f 1748/1391/377 1752/1390/373 1743/1389/374
f 1750/1392/379 1748/1391/377 1743/1389/374
f 1758/1395/381 1756/1394/371 1753/1393/380
f 1764/1396/382 1758/1395/381 1753/1393/380
f 1760/1399/381 1762/1398/383 1754/1397/374
f 1757/1400/371 1760/1399/381 1754/1397/374
f 1759/1402/381 1763/1378/382 1755/1401/384
f 1761/1403/383 1759/1402/381 1755/1401/384
f 1771/1406/387 1769/1405/386 1765/1404/385
f 1775/1407/379 1771/1406/387 1765/1404/385
f 1770/1410/387 1773/1409/383 1766/1408/384
f 1768/1411/386 1770/1410/387 1766/1408/384
f 1772/1414/387 1776/1413/379 1767/1412/374
f 1774/1415/383 1772/1414/387 1767/1412/374
f 1783/1418/389 1780/1417/388 1777/1416/380
f 1788/1419/369 1783/1418/389 1777/1416/380
f 1784/1422/389 1786/1421/391 1778/1420/390
f 1781/1423/388 1784/1422/389 1778/1420/390
f 1782/1426/389 1787/1425/369 1779/1424/392
f 1785/1427/391 1782/1426/389 1779/1424/392
f 1794/1430/394 1792/1429/376 1789/1428/393
f 1799/1431/395 1794/1430/394 1789/1428/393
f 1795/1434/394 1797/1433/391 1790/1432/372
f 1793/1435/376 1795/1434/394 1790/1432/372
f 1796/1438/394 1800/1437/395 1791/1436/390
f 1798/1439/391 1796/1438/394 1791/1436/390
f 1806/1442/397 1804/1441/382 1801/1440/396
f 1811/1443/388 1806/1442/397 1801/1440/396
f 1807/1445/397 1809/1427/398 1802/1444/384
f 1805/1446/382 1807/1445/397 1802/1444/384
f 1808/1448/397 1812/1400/388 1803/1447/390
f 1810/1398/398 1808/1448/397 1803/1447/390
f 1819/1450/399 1816/1449/395 1813/1440/378
f 1824/1451/386 1819/1450/399 1813/1440/378
f 1820/1454/399 1822/1453/398 1814/1452/390
f 1817/1455/395 1820/1454/399 1814/1452/390
f 1818/1458/399 1823/1457/386 1815/1456/384
f 1821/1459/398 1818/1458/399 1815/1456/384
f 1739/1374/371 1729/1371/368 1753/1393/380
f 1756/1394/371 1739/1374/371 1753/1393/380
f 1731/1379/374 1740/1380/371 1757/1400/371
f 1754/1397/374 1731/1379/374 1757/1400/371
f 1751/1386/373 1741/1383/375 1730/1375/372
f 1737/1376/373 1751/1386/373 1730/1375/372
f 1743/1389/374 1752/1390/373 1738/1382/373
f 1731/1379/374 1743/1389/374 1738/1382/373
f 1775/1407/379 1765/1404/385 1742/1387/378
f 1749/1374/379 1775/1407/379 1742/1387/378
f 1767/1412/374 1776/1413/379 1750/1392/379
f 1743/1389/374 1767/1412/374 1750/1392/379
f 1761/1403/383 1755/1401/384 1766/1408/384
f 1773/1409/383 1761/1403/383 1766/1408/384
f 1754/1397/374 1762/1398/383 1774/1415/383
f 1767/1412/374 1754/1397/374 1774/1415/383
f 1764/1396/382 1753/1393/380 1801/1440/396
f 1804/1441/382 1764/1396/382 1801/1440/396
f 1755/1401/384 1763/1378/382 1805/1446/382
f 1802/1444/384 1755/1401/384 1805/1446/382
f 1824/1451/386 1813/1440/378 1765/1404/385
f 1769/1405/386 1824/1451/386 1765/1404/385
f 1815/1456/384 1823/1457/386 1768/1411/386
f 1766/1408/384 1815/1456/384 1768/1411/386
f 1810/1398/398 1803/1447/390 1814/1452/390
f 1822/1453/398 1810/1398/398 1814/1452/390
f 1802/1444/384 1809/1427/398 1821/1459/398
f 1815/1456/384 1802/1444/384 1821/1459/398
f 1811/1443/388 1801/1440/396 1777/1416/380
f 1780/1417/388 1811/1443/388 1777/1416/380
f 1803/1447/390 1812/1400/388 1781/1423/388
f 1778/1420/390 1803/1447/390 1781/1423/388
f 1799/1431/395 1789/1428/393 1813/1440/378
f 1816/1449/395 1799/1431/395 1813/1440/378
f 1791/1436/390 1800/1437/395 1817/1455/395
f 1814/1452/390 1791/1436/390 1817/1455/395
f 1785/1427/391 1779/1424/392 1790/1432/372
f 1797/1433/391 1785/1427/391 1790/1432/372
f 1778/1420/390 1786/1421/391 1798/1439/391
f 1791/1436/390 1778/1420/390 1798/1439/391
f 1788/1419/369 1777/1416/380 1729/1371/368
f 1732/1372/369 1788/1419/369 1729/1371/368
f 1779/1424/392 1787/1425/369 1733/1378/369
f 1730/1375/372 1779/1424/392 1733/1378/369
f 1745/1372/376 1742/1387/378 1789/1428/393
f 1792/1429/376 1745/1372/376 1789/1428/393
f 1741/1383/375 1744/1384/376 1793/1435/376
f 1790/1432/372 1741/1383/375 1793/1435/376
s 0
f 1777/1416/380 1801/1440/380 1753/1393/380
f 1729/1371/380 1777/1416/380 1753/1393/380
f 1767/1412/374 1743/1389/374 1731/1379/374
f 1754/1397/374 1767/1412/374 1731/1379/374
f 1741/1383/372 1790/1432/372 1779/1424/372
f 1730/1375/372 1741/1383/372 1779/1424/372
f 1742/1387/378 1765/1404/378 1813/1440/378
f 1789/1428/378 1742/1387/378 1813/1440/378
f 1815/1456/384 1766/1408/384 1755/1401/384
f 1802/1444/384 1815/1456/384 1755/1401/384
f 1791/1436/390 1814/1452/390 1803/1447/390
f 1778/1420/390 1791/1436/390 1803/1447/390
g Fin1_Mesh
v -1.028000 0.202000 -0.710000
v -1.028000 0.180000 -0.688000
v -1.050000 0.202000 -0.688000
v -1.028000 0.186444 -0.703556
v -1.028000 0.186444 -0.703556
v -1.040702 0.189298 -0.700702
v -1.040702 0.189298 -0.700702
v -1.040702 0.189298 -0.700702
v -1.043556 0.186444 -0.688000
v -1.043556 0.186444 -0.688000
v -1.043556 0.202000 -0.703556
v -1.043556 0.202000 -0.703556
v -1.028000 0.180000 0.688000
v -1.028000 0.202000 0.710000
v -1.050000 0.202000 0.688000
v -1.028000 0.186444 0.703556
v -1.028000 0.186444 0.703556
v -1.040702 0.189298 0.700702
v -1.040702 0.189298 0.700702
v -1.040702 0.189298 0.700702
v -1.043556 0.202000 0.703556
v -1.043556 0.202000 0.703556
v -1.043556 0.186444 0.688000
v -1.043556 0.186444 0.688000
v -1.028000 2.238000 -0.710000
v -1.050000 2.238000 -0.688000
v -1.028000 2.260000 -0.688000
v -1.043556 2.238000 -0.703556
v -1.043556 2.238000 -0.703556
v -1.040702 2.250702 -0.700702
v -1.040702 2.250702 -0.700702
v -1.040702 2.250702 -0.700702
v -1.043556 2.253556 -0.688000
v -1.043556 2.253556 -0.688000
v -1.028000 2.253556 -0.703556
v -1.028000 2.253556 -0.703556
v -1.028000 2.238000 0.710000
v -1.028000 2.260000 0.688000
v -1.050000 2.238000 0.688000
v -1.028000 2.253556 0.703556
v -1.028000 2.253556 0.703556
v -1.040702 2.250702 0.700702
v -1.040702 2.250702 0.700702
v -1.040702 2.250702 0.700702
v -1.043556 2.253556 0.688000
v -1.043556 2.253556 0.688000
v -1.043556 2.238000 0.703556
v -1.043556 2.238000 0.703556
v -0.872000 0.202000 -0.710000
v -0.850000 0.202000 -0.688000
v -0.872000 0.180000 -0.688000
v -0.856444 0.202000 -0.703556
v -0.856444 0.202000 -0.703556
v -0.859298 0.189298 -0.700702
v -0.859298 0.189298 -0.700702
v -0.859298 0.189298 -0.700702
v -0.856444 0.186444 -0.688000
v -0.856444 0.186444 -0.688000
v -0.872000 0.186444 -0.703556
v -0.872000 0.186444 -0.703556
v -0.872000 0.202000 0.710000
v -0.872000 0.180000 0.688000
v -0.850000 0.202000 0.688000
v -0.872000 0.186444 0.703556
v -0.872000 0.186444 0.703556
v -0.859298 0.189298 0.700702
v -0.859298 0.189298 0.700702
v -0.859298 0.189298 0.700702
v -0.856444 0.186444 0.688000
v -0.856444 0.186444 0.688000
v -0.856444 0.202000 0.703556
v -0.856444 0.202000 0.703556
v -0.872000 2.238000 -0.710000
v -0.872000 2.260000 -0.688000
v -0.850000 2.238000 -0.688000
v -0.872000 2.253556 -0.703556
v -0.872000 2.253556 -0.703556
v -0.859298 2.250702 -0.700702
v -0.859298 2.250702 -0.700702
v -0.859298 2.250702 -0.700702
v -0.856444 2.253556 -0.688000
v -0.856444 2.253556 -0.688000
v -0.856444 2.238000 -0.703556
v -0.856444 2.238000 -0.703556
v -0.872000 2.238000 0.710000
v -0.850000 2.238000 0.688000
v -0.872000 2.260000 0.688000
v -0.856444 2.238000 0.703556
v -0.856444 2.238000 0.703556
v -0.859298 2.250702 0.700702
v -0.859298 2.250702 0.700702
v -0.859298 2.250702 0.700702
v -0.856444 2.253556 0.688000
v -0.856444 2.253556 0.688000
v -0.872000 2.253556 0.703556
v -0.872000 2.253556 0.703556
vn -0.000100 -0.000000 -1.000000
vn -0.000000 -0.707100 -0.707100
vn -0.577300 -0.577400 -0.577300
vn -0.707100 -0.000000 -0.707100
vn -0.000000 -1.000000 0.000000
vn -0.707100 -0.707100 0.000000
vn -1.000000 -0.000000 0.000000
vn -0.000100 -1.000000 0.000000
vn -0.000000 -0.707100 0.707100
vn -0.577300 -0.577400 0.577300
vn -0.000000 -0.000000 1.000000
vn -0.707100 -0.000000 0.707100
vn -0.000000 -0.000000 -1.000000
vn -0.577300 0.577400 -0.577300
vn -0.000000 0.707100 -0.707100
vn -0.707100 0.707100 0.000000
vn -0.000000 1.000000 0.000000
vn -0.000100 -0.000000 1.000000
vn -0.000000 0.707100 0.707100
vn -0.577300 0.577400 0.577400
vn 0.707100 -0.000000 -0.707100
vn 0.577400 -0.577300 -0.577400
vn 1.000000 -0.000000 0.000000
vn 0.707100 -0.707100 0.000000
vn 0.000100 -1.000000 0.000000
vn 0.000100 -0.000000 1.000000
vn 0.577400 -0.577400 0.577300
vn 0.707100 -0.000000 0.707100
vn 0.000100 -0.000000 -1.000000
vn 0.577400 0.577300 -0.577400
vn 0.707100 0.707100 0.000000
vn 0.577400 0.577300 0.577400
vt 0.171040 0.564640
vt 0.171040 0.557600
vt 0.166975 0.557600
vt 0.164000 0.564640
vt 0.171040 0.279840
vt 0.164000 0.279840
vt 0.164000 0.275775
vt 0.171040 0.272800
vt 0.564640 0.279840
vt 0.564640 0.272800
vt 0.560575 0.272800
vt 0.557600 0.279840
vt 0.171040 0.720160
vt 0.171040 0.727200
vt 0.166975 0.727200
vt 0.164000 0.720160
vt 0.171040 0.564640
vt 0.164000 0.564640
vt 0.164000 0.560575
vt 0.171040 0.557600
vt 0.564640 0.720160
vt 0.557600 0.720160
vt 0.557600 0.724225
vt 0.564640 0.727200
vt 0.171040 1.216160
vt 0.164000 1.216160
vt 0.164000 1.220224
vt 0.171040 1.223200
vt 1.216160 0.279840
vt 1.223200 0.279840
vt 1.223200 0.275775
vt 1.216160 0.272800
vt 0.166975 0.272800
vt 0.164000 0.279840
vt 0.166975 1.223200
vt 0.164000 1.216160
vt 0.171040 0.720160
vt 0.164000 0.720160
vt 0.164000 0.724225
vt 1.216160 0.720160
vt 1.216160 0.727200
vt 1.220224 0.727200
vt 1.223200 0.720160
vt 0.220960 0.564640
vt 0.228000 0.564640
vt 0.228000 0.560575
vt 0.220960 0.557600
vt 0.564640 0.279840
vt 0.557600 0.279840
vt 0.557600 0.275775
vt 0.564640 0.272800
vt 0.220960 0.279840
vt 0.220960 0.272800
vt 0.225025 0.272800
vt 0.228000 0.279840
vt 0.220960 0.564640
vt 0.220960 0.557600
vt 0.225025 0.557600
vt 0.220960 0.720160
vt 0.228000 0.720160
vt 0.228000 0.724225
vt 0.220960 0.727200
vt 0.564640 0.720160
vt 0.564640 0.727200
vt 0.560575 0.727200
vt 0.220960 1.216160
vt 0.220960 1.223200
vt 0.225025 1.223200
vt 0.228000 1.216160
vt 0.228000 0.279840
vt 0.228000 0.275775
vt 0.220960 0.272800
vt 1.216160 0.279840
vt 1.220224 0.272800
vt 1.223200 0.279840
vt 0.228000 1.216160
vt 0.228000 1.220224
vt 0.220960 1.223200
vt 1.216160 0.720160
vt 1.223200 0.720160
vt 1.223200 0.724225
vt 0.220960 0.720160
vt 0.220960 0.727200
vt 0.225025 0.727200
vt 0.228000 0.720160
s 1
g Fin1_RD_Plate
usemtl RD_Plate
f 1831/1462/402 1829/1461/401 1825/1460/400
f 1835/1463/403 1831/1462/402 1825/1460/400
f 1830/1466/402 1833/1465/405 1826/1464/404
f 1828/1467/401 1830/1466/402 1826/1464/404
f 1832/1470/402 1836/1469/403 1827/1468/406
f 1834/1471/405 1832/1470/402 1827/1468/406
f 1843/1474/409 1841/1473/408 1837/1472/407
f 1847/1475/405 1843/1474/409 1837/1472/407
f 1842/1478/409 1845/1477/411 1838/1476/410
f 1840/1479/408 1842/1478/409 1838/1476/410
f 1844/1482/409 1848/1481/405 1839/1480/406
f 1846/1483/411 1844/1482/409 1839/1480/406
f 1854/1486/413 1852/1485/403 1849/1484/412
f 1859/1487/414 1854/1486/413 1849/1484/412
f 1856/1490/413 1858/1489/415 1850/1488/406
f 1853/1491/403 1856/1490/413 1850/1488/406
f 1855/1492/413 1860/1467/414 1851/1464/416
f 1857/1493/415 1855/1492/413 1851/1464/416
f 1867/1494/419 1864/1487/418 1861/1484/417
f 1871/1495/411 1867/1494/419 1861/1484/417
f 1866/1498/419 1869/1497/415 1862/1496/416
f 1865/1473/418 1866/1498/419 1862/1496/416
f 1868/1501/419 1872/1500/411 1863/1499/406
f 1870/1502/415 1868/1501/419 1863/1499/406
f 1879/1505/421 1876/1504/420 1873/1503/412
f 1883/1506/401 1879/1505/421 1873/1503/412
f 1880/1509/421 1882/1508/423 1874/1507/422
f 1877/1510/420 1880/1509/421 1874/1507/422
f 1878/1513/421 1884/1512/401 1875/1511/424
f 1881/1514/423 1878/1513/421 1875/1511/424
f 1890/1517/426 1889/1516/408 1885/1515/425
f 1895/1504/427 1890/1517/426 1885/1515/425
f 1891/1520/426 1893/1519/423 1886/1518/404
f 1888/1521/408 1891/1520/426 1886/1518/404
f 1892/1524/426 1896/1523/427 1887/1522/422
f 1894/1481/423 1892/1524/426 1887/1522/422
f 1902/1527/429 1901/1526/414 1897/1525/428
f 1907/1528/420 1902/1527/429 1897/1525/428
f 1903/1530/429 1905/1529/430 1898/1511/416
f 1900/1531/414 1903/1530/429 1898/1511/416
f 1904/1533/429 1908/1491/420 1899/1532/422
f 1906/1534/430 1904/1533/429 1899/1532/422
f 1915/1536/431 1912/1535/427 1909/1525/410
f 1919/1537/418 1915/1536/431 1909/1525/410
f 1916/1540/431 1918/1539/430 1910/1538/422
f 1913/1500/427 1916/1540/431 1910/1538/422
f 1914/1543/431 1920/1542/418 1911/1541/416
f 1917/1544/430 1914/1543/431 1911/1541/416
f 1835/1463/403 1825/1460/400 1849/1484/412
f 1852/1485/403 1835/1463/403 1849/1484/412
f 1827/1468/406 1836/1469/403 1853/1491/403
f 1850/1488/406 1827/1468/406 1853/1491/403
f 1847/1475/405 1837/1472/407 1826/1464/404
f 1833/1465/405 1847/1475/405 1826/1464/404
f 1839/1480/406 1848/1481/405 1834/1471/405
f 1827/1468/406 1839/1480/406 1834/1471/405
f 1871/1495/411 1861/1484/417 1838/1476/410
f 1845/1477/411 1871/1495/411 1838/1476/410
f 1863/1499/406 1872/1500/411 1846/1483/411
f 1839/1480/406 1863/1499/406 1846/1483/411
f 1857/1493/415 1851/1464/416 1862/1496/416
f 1869/1497/415 1857/1493/415 1862/1496/416
f 1850/1488/406 1858/1489/415 1870/1502/415
f 1863/1499/406 1850/1488/406 1870/1502/415
f 1859/1487/414 1849/1484/412 1897/1525/428
f 1901/1526/414 1859/1487/414 1897/1525/428
f 1851/1464/416 1860/1467/414 1900/1531/414
f 1898/1511/416 1851/1464/416 1900/1531/414
f 1919/1537/418 1909/1525/410 1861/1484/417
f 1864/1487/418 1919/1537/418 1861/1484/417
f 1911/1541/416 1920/1542/418 1865/1473/418
f 1862/1496/416 1911/1541/416 1865/1473/418
f 1906/1534/430 1899/1532/422 1910/1538/422
f 1918/1539/430 1906/1534/430 1910/1538/422
f 1898/1511/416 1905/1529/430 1917/1544/430
f 1911/1541/416 1898/1511/416 1917/1544/430
f 1907/1528/420 1897/1525/428 1873/1503/412
f 1876/1504/420 1907/1528/420 1873/1503/412
f 1899/1532/422 1908/1491/420 1877/1510/420
f 1874/1507/422 1899/1532/422 1877/1510/420
f 1895/1504/427 1885/1515/425 1909/1525/410
f 1912/1535/427 1895/1504/427 1909/1525/410
f 1887/1522/422 1896/1523/427 1913/1500/427
f 1910/1538/422 1887/1522/422 1913/1500/427
f 1881/1514/423 1875/1511/424 1886/1518/404
f 1893/1519/423 1881/1514/423 1886/1518/404
f 1874/1507/422 1882/1508/423 1894/1481/423
f 1887/1522/422 1874/1507/422 1894/1481/423
f 1883/1506/401 1873/1503/412 1825/1460/400
f 1829/1461/401 1883/1506/401 1825/1460/400
f 1875/1511/424 1884/1512/401 1828/1467/401
f 1826/1464/404 1875/1511/424 1828/1467/401
f 1840/1479/408 1838/1476/410 1885/1515/425
f 1889/1516/408 1840/1479/408 1885/1515/425
f 1837/1472/407 1841/1473/408 1888/1521/408
f 1886/1518/404 1837/1472/407 1888/1521/408
s 0
f 1873/1503/412 1897/1525/412 1849/1484/412
f 1825/1460/412 1873/1503/412 1849/1484/412
f 1863/1499/406 1839/1480/406 1827/1468/406
f 1850/1488/406 1863/1499/406 1827/1468/406
f 1837/1472/404 1886/1518/404 1875/1511/404
f 1826/1464/404 1837/1472/404 1875/1511/404
f 1838/1476/410 1861/1484/410 1909/1525/410
f 1885/1515/410 1838/1476/410 1909/1525/410
f 1911/1541/416 1862/1496/416 1851/1464/416
f 1898/1511/416 1911/1541/416 1851/1464/416
f 1887/1522/422 1910/1538/422 1899/1532/422
f 1874/1507/422 1887/1522/422 1899/1532/422
g Fin2_Mesh
v -0.648000 0.202000 -0.710000
v -0.648000 0.180000 -0.688000
v -0.670000 0.202000 -0.688000
v -0.648000 0.186444 -0.703556
v -0.648000 0.186444 -0.703556
v -0.660702 0.189298 -0.700702
v -0.660702 0.189298 -0.700702
v -0.660702 0.189298 -0.700702
v -0.663556 0.186444 -0.688000
v -0.663556 0.186444 -0.688000
v -0.663556 0.202000 -0.703556
v -0.663556 0.202000 -0.703556
v -0.648000 0.180000 0.688000
v -0.648000 0.202000 0.710000
v -0.670000 0.202000 0.688000
v -0.648000 0.186444 0.703556
v -0.648000 0.186444 0.703556
v -0.660702 0.189298 0.700702
v -0.660702 0.189298 0.700702
v -0.660702 0.189298 0.700702
v -0.663556 0.202000 0.703556
v -0.663556 0.202000 0.703556
v -0.663556 0.186444 0.688000
v -0.663556 0.186444 0.688000
v -0.648000 2.238000 -0.710000
v -0.670000 2.238000 -0.688000
v -0.648000 2.260000 -0.688000
v -0.663556 2.238000 -0.703556
v -0.663556 2.238000 -0.703556
v -0.660702 2.250702 -0.700702
v -0.660702 2.250702 -0.700702
v -0.660702 2.250702 -0.700702
v -0.663556 2.253556 -0.688000
v -0.663556 2.253556 -0.688000
v -0.648000 2.253556 -0.703556
v -0.648000 2.253556 -0.703556
v -0.648000 2.238000 0.710000
v -0.648000 2.260000 0.688000
v -0.670000 2.238000 0.688000
v -0.648000 2.253556 0.703556
v -0.648000 2.253556 0.703556
v -0.660702 2.250702 0.700702
v -0.660702 2.250702 0.700702
v -0.660702 2.250702 0.700702
v -0.663556 2.253556 0.688000
v -0.663556 2.253556 0.688000
v -0.663556 2.238000 0.703556
v -0.663556 2.238000 0.703556
v -0.492000 0.202000 -0.710000
v -0.470000 0.202000 -0.688000
v -0.492000 0.180000 -0.688000
v -0.476444 0.202000 -0.703556
v -0.476444 0.202000 -0.703556
v -0.479298 0.189298 -0.700702
v -0.479298 0.189298 -0.700702
v -0.479298 0.189298 -0.700702
v -0.476444 0.186444 -0.688000
v -0.476444 0.186444 -0.688000
v -0.492000 0.186444 -0.703556
v -0.492000 0.186444 -0.703556
v -0.492000 0.202000 0.710000
v -0.492000 0.180000 0.688000
v -0.470000 0.202000 0.688000
v -0.492000 0.186444 0.703556
v -0.492000 0.186444 0.703556
v -0.479298 0.189298 0.700702
v -0.479298 0.189298 0.700702
v -0.479298 0.189298 0.700702
v -0.476444 0.186444 0.688000
v -0.476444 0.186444 0.688000
v -0.476444 0.202000 0.703556
v -0.476444 0.202000 0.703556
v -0.492000 2.238000 -0.710000
v -0.492000 2.260000 -0.688000
v -0.470000 2.238000 -0.688000
v -0.492000 2.253556 -0.703556
v -0.492000 2.253556 -0.703556
v -0.479298 2.250702 -0.700702
v -0.479298 2.250702 -0.700702
v -0.479298 2.250702 -0.700702
v -0.476444 2.253556 -0.688000
v -0.476444 2.253556 -0.688000
v -0.476444 2.238000 -0.703556
v -0.476444 2.238000 -0.703556
v -0.492000 2.238000 0.710000
v -0.470000 2.238000 0.688000
v -0.492000 2.260000 0.688000
v -0.476444 2.238000 0.703556
v -0.476444 2.238000 0.703556
v -0.479298 2.250702 0.700702
v -0.479298 2.250702 0.700702
v -0.479298 2.250702 0.700702
v -0.476444 2.253556 0.688000
v -0.476444 2.253556 0.688000
v -0.492000 2.253556 0.703556
v -0.492000 2.253556 0.703556
vn -0.000100 -0.000000 -1.000000
vn -0.000000 -0.707100 -0.707100
vn -0.577400 -0.577400 -0.577300
vn -0.707100 -0.000000 -0.707100
vn -0.000000 -1.000000 0.000000
vn -0.707100 -0.707100 0.000000
vn -1.000000 -0.000000 0.000000
vn -0.000100 -1.000000 0.000000
vn -0.000000 -0.707100 0.707100
vn -0.577400 -0.577400 0.577300
vn -0.000000 -0.000000 1.000000
vn -0.707100 -0.000000 0.707100
vn -0.000000 -0.000000 -1.000000
vn -0.577400 0.577400 -0.577300
vn -0.000000 0.707100 -0.707100
vn -0.707100 0.707100 0.000000
vn -0.000000 1.000000 0.000000
vn -0.000100 -0.000000 1.000000
vn -0.000000 0.707100 0.707100
vn -0.577400 0.577400 0.577300
vn 0.707100 -0.000000 -0.707100
vn 0.577400 -0.577300 -0.577400
vn 1.000000 -0.000000 0.000000
vn 0.707100 -0.707100 0.000000
vn 0.000100 -1.000000 0.000000
vn 0.000100 -0.000000 1.000000
vn 0.577400 -0.577300 0.577300
vn 0.707100 -0.000000 0.707100
vn 0.000100 -0.000000 -1.000000
vn 0.577400 0.577300 -0.577300
vn 0.707100 0.707100 0.000000
vn 0.577400 0.577300 0.577300
vt 0.292640 0.564640
vt 0.292640 0.557600
vt 0.288575 0.557600
vt 0.285600 0.564640
vt 0.292640 0.279840
vt 0.285600 0.279840
vt 0.285600 0.275775
vt 0.292640 0.272800
vt 0.564640 0.279840
vt 0.564640 0.272800
vt 0.560575 0.272800
vt 0.557600 0.279840
vt 0.292640 0.720160
vt 0.292640 0.727200
vt 0.288575 0.727200
vt 0.285600 0.720160
vt 0.292640 0.564640
vt 0.285600 0.560575
vt 0.292640 0.557600
vt 0.564640 0.720160
vt 0.557600 0.720160
vt 0.557600 0.724225
vt 0.564640 0.727200
vt 0.292640 1.216160
vt 0.285600 1.216160
vt 0.285600 1.220224
vt 0.292640 1.223200
vt 1.216160 0.279840
vt 1.223200 0.279840
vt 1.223200 0.275775
vt 1.216160 0.272800
vt 0.292640 0.279840
vt 0.292640 0.272800
vt 0.288575 0.272800
vt 0.285600 0.279840
vt 0.288575 1.223200
vt 0.285600 1.216160
vt 0.292640 0.720160
vt 0.285600 0.720160
vt 0.285600 0.724225
vt 0.292640 0.727200
vt 1.216160 0.720160
vt 1.216160 0.727200
vt 1.220224 0.727200
vt 1.223200 0.720160
vt 0.342560 0.564640
vt 0.349600 0.564640
vt 0.349600 0.560575
vt 0.342560 0.557600
vt 0.564640 0.279840
vt 0.557600 0.279840
vt 0.557600 0.275775
vt 0.564640 0.272800
vt 0.342560 0.279840
vt 0.342560 0.272800
vt 0.346625 0.272800
vt 0.349600 0.279840
vt 0.342560 0.564640
vt 0.342560 0.557600
vt 0.346625 0.557600
vt 0.342560 0.720160
vt 0.349600 0.720160
vt 0.349600 0.724225
vt 0.342560 0.727200
vt 0.564640 0.720160
vt 0.564640 0.727200
vt 0.560575 0.727200
vt 0.557600 0.720160
vt 0.342560 1.216160
vt 0.342560 1.223200
vt 0.346625 1.223200
vt 0.349600 1.216160
vt 0.342560 0.279840
vt 0.349600 0.279840
vt 0.349600 0.275775
vt 1.216160 0.279840
vt 1.220224 0.272800
vt 0.342560 1.216160
vt 0.349600 1.216160
vt 0.349600 1.220224
vt 1.216160 0.720160
vt 1.223200 0.720160
vt 1.223200 0.724225
vt 1.216160 0.727200
vt 0.342560 0.720160
vt 0.342560 0.727200
vt 0.346625 0.727200
vt 0.349600 0.720160
s 1
g Fin2_RD_Plate
usemtl RD_Plate
f 1927/1547/434 1925/1546/433 1921/1545/432
f 1931/1548/435 1927/1547/434 1921/1545/432
f 1926/1551/434 1929/1550/437 1922/1549/436
f 1924/1552/433 1926/1551/434 1922/1549/436
f 1928/1555/434 1932/1554/435 1923/1553/438
f 1930/1556/437 1928/1555/434 1923/1553/438
f 1939/1559/441 1936/1558/440 1933/1557/439
f 1943/1560/437 1939/1559/441 1933/1557/439
f 1938/1562/441 1941/1548/443 1934/1561/442
f 1937/1563/440 1938/1562/441 1934/1561/442
f 1940/1566/441 1944/1565/437 1935/1564/438
f 1942/1567/443 1940/1566/441 1935/1564/438
f 1950/1570/445 1948/1569/435 1945/1568/444
f 1955/1571/446 1950/1570/445 1945/1568/444
f 1952/1574/445 1954/1573/447 1946/1572/438
f 1949/1575/435 1952/1574/445 1946/1572/438
f 1951/1578/445 1956/1577/446 1947/1576/448
f 1953/1579/447 1951/1578/445 1947/1576/448
f 1963/1580/451 1960/1571/450 1957/1568/449
f 1967/1581/443 1963/1580/451 1957/1568/449
f 1962/1584/451 1965/1583/447 1958/1582/448
f 1961/1585/450 1962/1584/451 1958/1582/448
f 1964/1588/451 1968/1587/443 1959/1586/438
f 1966/1589/447 1964/1588/451 1959/1586/438
f 1975/1592/453 1972/1591/452 1969/1590/444
f 1979/1593/433 1975/1592/453 1969/1590/444
f 1976/1596/453 1978/1595/455 1970/1594/454
f 1973/1597/452 1976/1596/453 1970/1594/454
f 1974/1600/453 1980/1599/433 1971/1598/456
f 1977/1601/455 1974/1600/453 1971/1598/456
f 1986/1604/458 1985/1603/440 1981/1602/457
f 1991/1591/459 1986/1604/458 1981/1602/457
f 1987/1607/458 1989/1606/455 1982/1605/436
f 1984/1608/440 1987/1607/458 1982/1605/436
f 1988/1611/458 1992/1610/459 1983/1609/454
f 1990/1612/455 1988/1611/458 1983/1609/454
f 1998/1615/461 1997/1614/446 1993/1613/460
f 2003/1616/452 1998/1615/461 1993/1613/460
f 1999/1619/461 2001/1618/462 1994/1617/448
f 1996/1599/446 1999/1619/461 1994/1617/448
f 2000/1621/461 2004/1575/452 1995/1620/454
f 2002/1573/462 2000/1621/461 1995/1620/454
f 2011/1624/463 2008/1623/459 2005/1622/442
f 2016/1614/450 2011/1624/463 2005/1622/442
f 2012/1627/463 2014/1626/462 2006/1625/454
f 2009/1628/459 2012/1627/463 2006/1625/454
f 2010/1631/463 2015/1630/450 2007/1629/448
f 2013/1632/462 2010/1631/463 2007/1629/448
f 1931/1548/435 1921/1545/432 1945/1568/444
f 1948/1569/435 1931/1548/435 1945/1568/444
f 1923/1553/438 1932/1554/435 1949/1575/435
f 1946/1572/438 1923/1553/438 1949/1575/435
f 1943/1560/437 1933/1557/439 1922/1549/436
f 1929/1550/437 1943/1560/437 1922/1549/436
f 1935/1564/438 1944/1565/437 1930/1556/437
f 1923/1553/438 1935/1564/438 1930/1556/437
f 1967/1581/443 1957/1568/449 1934/1561/442
f 1941/1548/443 1967/1581/443 1934/1561/442
f 1959/1586/438 1968/1587/443 1942/1567/443
f 1935/1564/438 1959/1586/438 1942/1567/443
f 1953/1579/447 1947/1576/448 1958/1582/448
f 1965/1583/447 1953/1579/447 1958/1582/448
f 1946/1572/438 1954/1573/447 1966/1589/447
f 1959/1586/438 1946/1572/438 1966/1589/447
f 1955/1571/446 1945/1568/444 1993/1613/460
f 1997/1614/446 1955/1571/446 1993/1613/460
f 1947/1576/448 1956/1577/446 1996/1599/446
f 1994/1617/448 1947/1576/448 1996/1599/446
f 2016/1614/450 2005/1622/442 1957/1568/449
f 1960/1571/450 2016/1614/450 1957/1568/449
f 2007/1629/448 2015/1630/450 1961/1585/450
f 1958/1582/448 2007/1629/448 1961/1585/450
f 2002/1573/462 1995/1620/454 2006/1625/454
f 2014/1626/462 2002/1573/462 2006/1625/454
f 1994/1617/448 2001/1618/462 2013/1632/462
f 2007/1629/448 1994/1617/448 2013/1632/462
f 2003/1616/452 1993/1613/460 1969/1590/444
f 1972/1591/452 2003/1616/452 1969/1590/444
f 1995/1620/454 2004/1575/452 1973/1597/452
f 1970/1594/454 1995/1620/454 1973/1597/452
f 1991/1591/459 1981/1602/457 2005/1622/442
f 2008/1623/459 1991/1591/459 2005/1622/442
f 1983/1609/454 1992/1610/459 2009/1628/459
f 2006/1625/454 1983/1609/454 2009/1628/459
f 1977/1601/455 1971/1598/456 1982/1605/436
f 1989/1606/455 1977/1601/455 1982/1605/436
f 1970/1594/454 1978/1595/455 1990/1612/455
f 1983/1609/454 1970/1594/454 1990/1612/455
f 1979/1593/433 1969/1590/444 1921/1545/432
f 1925/1546/433 1979/1593/433 1921/1545/432
f 1971/1598/456 1980/1599/433 1924/1552/433
f 1922/1549/436 1971/1598/456 1924/1552/433
f 1937/1563/440 1934/1561/442 1981/1602/457
f 1985/1603/440 1937/1563/440 1981/1602/457
f 1933/1557/439 1936/1558/440 1984/1608/440
f 1982/1605/436 1933/1557/439 1984/1608/440
s 0
f 1969/1590/444 1993/1613/444 1945/1568/444
f 1921/1545/444 1969/1590/444 1945/1568/444
f 1959/1586/438 1935/1564/438 1923/1553/438
f 1946/1572/438 1959/1586/438 1923/1553/438
f 1933/1557/436 1982/1605/436 1971/1598/436
f 1922/1549/436 1933/1557/436 1971/1598/436
f 1934/1561/442 1957/1568/442 2005/1622/442
f 1981/1602/442 1934/1561/442 2005/1622/442
f 2007/1629/448 1958/1582/448 1947/1576/448
f 1994/1617/448 2007/1629/448 1947/1576/448
f 1983/1609/454 2006/1625/454 1995/1620/454
f 1970/1594/454 1983/1609/454 1995/1620/454
g Fin3_Mesh
v -0.268000 0.202000 -0.710000
v -0.268000 0.180000 -0.688000
v -0.290000 0.202000 -0.688000
v -0.268000 0.186444 -0.703556
v -0.268000 0.186444 -0.703556
v -0.280702 0.189298 -0.700702
v -0.280702 0.189298 -0.700702
v -0.280702 0.189298 -0.700702
v -0.283556 0.186444 -0.688000
v -0.283556 0.186444 -0.688000
v -0.283556 0.202000 -0.703556
v -0.283556 0.202000 -0.703556
v -0.268000 0.180000 0.688000
v -0.268000 0.202000 0.710000
v -0.290000 0.202000 0.688000
v -0.268000 0.186444 0.703556
v -0.268000 0.186444 0.703556
v -0.280702 0.189298 0.700702
v -0.280702 0.189298 0.700702
v -0.280702 0.189298 0.700702
v -0.283556 0.202000 0.703556
v -0.283556 0.202000 0.703556
v -0.283556 0.186444 0.688000
v -0.283556 0.186444 0.688000
v -0.268000 2.238000 -0.710000
v -0.290000 2.238000 -0.688000
v -0.268000 2.260000 -0.688000
v -0.283556 2.238000 -0.703556
v -0.283556 2.238000 -0.703556
v -0.280702 2.250702 -0.700702
v -0.280702 2.250702 -0.700702
v -0.280702 2.250702 -0.700702
v -0.283556 2.253556 -0.688000
v -0.283556 2.253556 -0.688000
v -0.268000 2.253556 -0.703556
v -0.268000 2.253556 -0.703556
v -0.268000 2.238000 0.710000
v -0.268000 2.260000 0.688000
v -0.290000 2.238000 0.688000
v -0.268000 2.253556 0.703556
v -0.268000 2.253556 0.703556
v -0.280702 2.250702 0.700702
v -0.280702 2.250702 0.700702
v -0.280702 2.250702 0.700702
v -0.283556 2.253556 0.688000
v -0.283556 2.253556 0.688000
v -0.283556 2.238000 0.703556
v -0.283556 2.238000 0.703556
v -0.112000 0.202000 -0.710000
v -0.090000 0.202000 -0.688000
v -0.112000 0.180000 -0.688000
v -0.096444 0.202000 -0.703556
v -0.096444 0.202000 -0.703556
v -0.099298 0.189298 -0.700702
v -0.099298 0.189298 -0.700702
v -0.099298 0.189298 -0.700702
v -0.096444 0.186444 -0.688000
v -0.096444 0.186444 -0.688000
v -0.112000 0.186444 -0.703556
v -0.112000 0.186444 -0.703556
v -0.112000 0.202000 0.710000
v -0.112000 0.180000 0.688000
v -0.090000 0.202000 0.688000
v -0.112000 0.186444 0.703556
v -0.112000 0.186444 0.703556
v -0.099298 0.189298 0.700702
v -0.099298 0.189298 0.700702
v -0.099298 0.189298 0.700702
v -0.096444 0.186444 0.688000
v -0.096444 0.186444 0.688000
v -0.096444 0.202000 0.703556
v -0.096444 0.202000 0.703556
v -0.112000 2.238000 -0.710000
v -0.112000 2.260000 -0.688000
v -0.090000 2.238000 -0.688000
v -0.112000 2.253556 -0.703556
v -0.112000 2.253556 -0.703556
v -0.099298 2.250702 -0.700702
v -0.099298 2.250702 -0.700702
v -0.099298 2.250702 -0.700702
v -0.096444 2.253556 -0.688000
v -0.096444 2.253556 -0.688000
v -0.096444 2.238000 -0.703556
v -0.096444 2.238000 -0.703556
v -0.112000 2.238000 0.710000
v -0.090000 2.238000 0.688000
v -0.112000 2.260000 0.688000
v -0.096444 2.238000 0.703556
v -0.096444 2.238000 0.703556
v -0.099298 2.250702 0.700702
v -0.099298 2.250702 0.700702
v -0.099298 2.250702 0.700702
v -0.096444 2.253556 0.688000
v -0.096444 2.253556 0.688000
v -0.112000 2.253556 0.703556
v -0.112000 2.253556 0.703556
vn -0.000100 -0.000000 -1.000000
vn -0.000000 -0.707100 -0.707100
vn -0.577400 -0.577300 -0.577300
vn -0.707100 -0.000000 -0.707100
vn -0.000000 -1.000000 0.000000
vn -0.707100 -0.707100 0.000000
vn -1.000000 -0.000000 0.000000
vn -0.000100 -1.000000 0.000000
vn -0.000000 -0.707100 0.707100
vn -0.577400 -0.577300 0.577300
vn -0.000000 -0.000000 1.000000
vn -0.707100 -0.000000 0.707100
vn -0.000000 -0.000000 -1.000000
vn -0.577400 0.577400 -0.577300
vn -0.000000 0.707100 -0.707100
vn -0.707100 0.707100 0.000000
vn -0.000000 1.000000 0.000000
vn -0.000100 -0.000000 1.000000
vn -0.000000 0.707100 0.707100
vn -0.577400 0.577400 0.577300
vn 0.707100 -0.000000 -0.707100
vn 0.577400 -0.577300 -0.577400
vn 1.000000 -0.000000 0.000000
vn 0.707100 -0.707100 0.000000
vn 0.000100 -1.000000 0.000000
vn 0.000100 -0.000000 1.000000
vn 0.577400 -0.577300 0.577300
vn 0.707100 -0.000000 0.707100
vn 0.000100 -0.000000 -1.000000
vn -0.000000 0.707200 -0.707000
vn 0.577400 0.577400 -0.577300
vn 0.707100 0.707100 0.000000
vn 0.577400 0.577400 0.577300
vt 0.414240 0.564640
vt 0.414240 0.557600
vt 0.410175 0.557600
vt 0.407200 0.564640
vt 0.414240 0.279840
vt 0.407200 0.279840
vt 0.407200 0.275775
vt 0.414240 0.272800
vt 0.564640 0.279840
vt 0.564640 0.272800
vt 0.560575 0.272800
vt 0.557600 0.279840
vt 0.414240 0.720160
vt 0.414240 0.727200
vt 0.410175 0.727200
vt 0.407200 0.720160
vt 0.414240 0.564640
vt 0.407200 0.564640
vt 0.407200 0.560575
vt 0.414240 0.557600
vt 0.564640 0.720160
vt 0.557600 0.720160
vt 0.557600 0.724225
vt 0.564640 0.727200
vt 0.414240 1.216160
vt 0.407200 1.216160
vt 0.407200 1.220224
vt 0.414240 1.223200
vt 1.216160 0.279840
vt 1.223200 0.279840
vt 1.223200 0.275775
vt 1.216160 0.272800
vt 0.414240 0.272800
vt 0.410175 0.272800
vt 0.407200 0.279840
vt 0.414240 1.216160
vt 0.414240 1.223200
vt 0.410175 1.223200
vt 0.407200 1.216160
vt 0.414240 0.720160
vt 0.407200 0.720160
vt 0.407200 0.724225
vt 1.216160 0.720160
vt 1.216160 0.727200
vt 1.220224 0.727200
vt 1.223200 0.720160
vt 0.464160 0.564640
vt 0.471200 0.564640
vt 0.471200 0.560575
vt 0.464160 0.557600
vt 0.564640 0.279840
vt 0.557600 0.275775
vt 0.564640 0.272800
vt 0.464160 0.279840
vt 0.464160 0.272800
vt 0.468225 0.272800
vt 0.471200 0.279840
vt 0.464160 0.564640
vt 0.464160 0.557600
vt 0.468225 0.557600
vt 0.471200 0.564640
vt 0.464160 0.720160
vt 0.471200 0.720160
vt 0.471200 0.724225
vt 0.464160 0.727200
vt 0.564640 0.720160
vt 0.564640 0.727200
vt 0.560575 0.727200
vt 0.557600 0.720160
vt 0.464160 1.216160
vt 0.464160 1.223200
vt 0.468225 1.223200
vt 0.471200 1.216160
vt 0.471200 0.279840
vt 0.471200 0.275775
vt 0.464160 0.272800
vt 1.216160 0.279840
vt 1.216160 0.272800
vt 1.220224 0.272800
vt 1.223200 0.279840
vt 0.464160 1.216160
vt 0.471200 1.216160
vt 0.471200 1.220224
vt 0.464160 1.223200
vt 1.216160 0.720160
vt 1.223200 0.720160
vt 1.223200 0.724225
vt 1.216160 0.727200
vt 0.464160 0.720160
vt 0.468225 0.727200
vt 0.471200 0.720160
s 1
g Fin3_RD_Plate
usemtl RD_Plate
f 2023/1635/466 2021/1634/465 2017/1633/464
f 2027/1636/467 2023/1635/466 2017/1633/464
f 2022/1639/466 2025/1638/469 2018/1637/468
f 2020/1640/465 2022/1639/466 2018/1637/468
f 2024/1643/466 2028/1642/467 2019/1641/470
f 2026/1644/469 2024/1643/466 2019/1641/470
f 2035/1647/473 2032/1646/472 2029/1645/471
f 2039/1648/469 2035/1647/473 2029/1645/471
f 2034/1651/473 2037/1650/475 2030/1649/474
f 2033/1652/472 2034/1651/473 2030/1649/474
f 2036/1655/473 2040/1654/469 2031/1653/470
f 2038/1656/475 2036/1655/473 2031/1653/470
f 2046/1659/477 2044/1658/467 2041/1657/476
f 2051/1660/478 2046/1659/477 2041/1657/476
f 2048/1663/477 2050/1662/479 2042/1661/470
f 2045/1664/467 2048/1663/477 2042/1661/470
f 2047/1666/477 2052/1665/478 2043/1637/480
f 2049/1667/479 2047/1666/477 2043/1637/480
f 2059/1670/483 2056/1669/482 2053/1668/481
f 2063/1671/475 2059/1670/483 2053/1668/481
f 2058/1674/483 2061/1673/479 2054/1672/480
f 2057/1646/482 2058/1674/483 2054/1672/480
f 2060/1677/483 2064/1676/475 2055/1675/470
f 2062/1678/479 2060/1677/483 2055/1675/470
f 2071/1681/485 2068/1680/484 2065/1679/476
f 2076/1682/465 2071/1681/485 2065/1679/476
f 2072/1684/485 2074/1644/487 2066/1683/486
f 2069/1685/484 2072/1684/485 2066/1683/486
f 2070/1688/485 2075/1687/465 2067/1686/488
f 2073/1689/487 2070/1688/485 2067/1686/488
f 2082/1692/490 2081/1691/472 2077/1690/489
f 2087/1693/491 2082/1692/490 2077/1690/489
f 2083/1696/490 2085/1695/487 2078/1694/468
f 2080/1697/472 2083/1696/490 2078/1694/468
f 2084/1700/490 2088/1699/491 2079/1698/486
f 2086/1701/487 2084/1700/490 2079/1698/486
f 2094/1704/494 2093/1703/493 2089/1702/492
f 2099/1705/484 2094/1704/494 2089/1702/492
f 2095/1707/494 2097/1706/495 2090/1686/480
f 2092/1708/493 2095/1707/494 2090/1686/480
f 2096/1711/494 2100/1710/484 2091/1709/486
f 2098/1712/495 2096/1711/494 2091/1709/486
f 2107/1715/496 2104/1714/491 2101/1713/474
f 2111/1716/482 2107/1715/496 2101/1713/474
f 2108/1719/496 2110/1718/495 2102/1717/486
f 2105/1720/491 2108/1719/496 2102/1717/486
f 2106/1722/496 2112/1697/482 2103/1721/480
f 2109/1723/495 2106/1722/496 2103/1721/480
f 2027/1636/467 2017/1633/464 2041/1657/476
f 2044/1658/467 2027/1636/467 2041/1657/476
f 2019/1641/470 2028/1642/467 2045/1664/467
f 2042/1661/470 2019/1641/470 2045/1664/467
f 2039/1648/469 2029/1645/471 2018/1637/468
f 2025/1638/469 2039/1648/469 2018/1637/468
f 2031/1653/470 2040/1654/469 2026/1644/469
f 2019/1641/470 2031/1653/470 2026/1644/469
f 2063/1671/475 2053/1668/481 2030/1649/474
f 2037/1650/475 2063/1671/475 2030/1649/474
f 2055/1675/470 2064/1676/475 2038/1656/475
f 2031/1653/470 2055/1675/470 2038/1656/475
f 2049/1667/479 2043/1637/480 2054/1672/480
f 2061/1673/479 2049/1667/479 2054/1672/480
f 2042/1661/470 2050/1662/479 2062/1678/479
f 2055/1675/470 2042/1661/470 2062/1678/479
f 2051/1660/478 2041/1657/476 2089/1702/492
f 2093/1703/493 2051/1660/478 2089/1702/492
f 2043/1637/480 2052/1665/478 2092/1708/493
f 2090/1686/480 2043/1637/480 2092/1708/493
f 2111/1716/482 2101/1713/474 2053/1668/481
f 2056/1669/482 2111/1716/482 2053/1668/481
f 2103/1721/480 2112/1697/482 2057/1646/482
f 2054/1672/480 2103/1721/480 2057/1646/482
f 2098/1712/495 2091/1709/486 2102/1717/486
f 2110/1718/495 2098/1712/495 2102/1717/486
f 2090/1686/480 2097/1706/495 2109/1723/495
f 2103/1721/480 2090/1686/480 2109/1723/495
f 2099/1705/484 2089/1702/492 2065/1679/476
f 2068/1680/484 2099/1705/484 2065/1679/476
f 2091/1709/486 2100/1710/484 2069/1685/484
f 2066/1683/486 2091/1709/486 2069/1685/484
f 2087/1693/491 2077/1690/489 2101/1713/474
f 2104/1714/491 2087/1693/491 2101/1713/474
f 2079/1698/486 2088/1699/491 2105/1720/491
f 2102/1717/486 2079/1698/486 2105/1720/491
f 2073/1689/487 2067/1686/488 2078/1694/468
f 2085/1695/487 2073/1689/487 2078/1694/468
f 2066/1683/486 2074/1644/487 2086/1701/487
f 2079/1698/486 2066/1683/486 2086/1701/487
f 2076/1682/465 2065/1679/476 2017/1633/464
f 2021/1634/465 2076/1682/465 2017/1633/464
f 2067/1686/488 2075/1687/465 2020/1640/465
f 2018/1637/468 2067/1686/488 2020/1640/465
f 2033/1652/472 2030/1649/474 2077/1690/489
f 2081/1691/472 2033/1652/472 2077/1690/489
f 2029/1645/471 2032/1646/472 2080/1697/472
f 2078/1694/468 2029/1645/471 2080/1697/472
s 0
f 2065/1679/476 2089/1702/476 2041/1657/476
f 2017/1633/476 2065/1679/476 2041/1657/476
f 2055/1675/470 2031/1653/470 2019/1641/470
f 2042/1661/470 2055/1675/470 2019/1641/470
f 2029/1645/468 2078/1694/468 2067/1686/468
f 2018/1637/468 2029/1645/468 2067/1686/468
f 2030/1649/474 2053/1668/474 2101/1713/474
f 2077/1690/474 2030/1649/474 2101/1713/474
f 2103/1721/480 2054/1672/480 2043/1637/480
f 2090/1686/480 2103/1721/480 2043/1637/480
f 2079/1698/486 2102/1717/486 2091/1709/486
f 2066/1683/486 2079/1698/486 2091/1709/486
g Fin4_Mesh
v 0.112000 0.202000 -0.710000
v 0.112000 0.180000 -0.688000
v 0.090000 0.202000 -0.688000
v 0.112000 0.186444 -0.703556
v 0.112000 0.186444 -0.703556
v 0.099298 0.189298 -0.700702
v 0.099298 0.189298 -0.700702
v 0.099298 0.189298 -0.700702
v 0.096444 0.186444 -0.688000
v 0.096444 0.186444 -0.688000
v 0.096444 0.202000 -0.703556
v 0.096444 0.202000 -0.703556
v 0.112000 0.180000 0.688000
v 0.112000 0.202000 0.710000
v 0.090000 0.202000 0.688000
v 0.112000 0.186444 0.703556
v 0.112000 0.186444 0.703556
v 0.099298 0.189298 0.700702
v 0.099298 0.189298 0.700702
v 0.099298 0.189298 0.700702
v 0.096444 0.202000 0.703556
v 0.096444 0.202000 0.703556
v 0.096444 0.186444 0.688000
v 0.096444 0.186444 0.688000
v 0.112000 2.238000 -0.710000
v 0.090000 2.238000 -0.688000
v 0.112000 2.260000 -0.688000
v 0.096444 2.238000 -0.703556
v 0.096444 2.238000 -0.703556
v 0.099298 2.250702 -0.700702
v 0.099298 2.250702 -0.700702
v 0.099298 2.250702 -0.700702
v 0.096444 2.253556 -0.688000
v 0.096444 2.253556 -0.688000
v 0.112000 2.253556 -0.703556
v 0.112000 2.253556 -0.703556
v 0.112000 2.238000 0.710000
v 0.112000 2.260000 0.688000
v 0.090000 2.238000 0.688000
v 0.112000 2.253556 0.703556
v 0.112000 2.253556 0.703556
v 0.099298 2.250702 0.700702
v 0.099298 2.250702 0.700702
v 0.099298 2.250702 0.700702
v 0.096444 2.253556 0.688000
v 0.096444 2.253556 0.688000
v 0.096444 2.238000 0.703556
v 0.096444 2.238000 0.703556
v 0.268000 0.202000 -0.710000
v 0.290000 0.202000 -0.688000
v 0.268000 0.180000 -0.688000
v 0.283556 0.202000 -0.703556
v 0.283556 0.202000 -0.703556
v 0.280702 0.189298 -0.700702
v 0.280702 0.189298 -0.700702
v 0.280702 0.189298 -0.700702
v 0.283556 0.186444 -0.688000
v 0.283556 0.186444 -0.688000
v 0.268000 0.186444 -0.703556
v 0.268000 0.186444 -0.703556
v 0.268000 0.202000 0.710000
v 0.268000 0.180000 0.688000
v 0.290000 0.202000 0.688000
v 0.268000 0.186444 0.703556
v 0.268000 0.186444 0.703556
v 0.280702 0.189298 0.700702
v 0.280702 0.189298 0.700702
v 0.280702 0.189298 0.700702
v 0.283556 0.186444 0.688000
v 0.283556 0.186444 0.688000
v 0.283556 0.202000 0.703556
v 0.283556 0.202000 0.703556
v 0.268000 2.238000 -0.710000
v 0.268000 2.260000 -0.688000
v 0.290000 2.238000 -0.688000
v 0.268000 2.253556 -0.703556
v 0.268000 2.253556 -0.703556
v 0.280702 2.250702 -0.700702
v 0.280702 2.250702 -0.700702
v 0.280702 2.250702 -0.700702
v 0.283556 2.253556 -0.688000
v 0.283556 2.253556 -0.688000
v 0.283556 2.238000 -0.703556
v 0.283556 2.238000 -0.703556
v 0.268000 2.238000 0.710000
v 0.290000 2.238000 0.688000
v 0.268000 2.260000 0.688000
v 0.283556 2.238000 0.703556
v 0.283556 2.238000 0.703556
v 0.280702 2.250702 0.700702
v 0.280702 2.250702 0.700702
v 0.280702 2.250702 0.700702
v 0.283556 2.253556 0.688000
v 0.283556 2.253556 0.688000
v 0.268000 2.253556 0.703556
v 0.268000 2.253556 0.703556
vn -0.000100 -0.000000 -1.000000
vn -0.000000 -0.707100 -0.707100
vn -0.577400 -0.577300 -0.577300
vn -0.707100 -0.000000 -0.707100
vn -0.000000 -1.000000 0.000000
vn -0.707100 -0.707100 0.000000
vn -1.000000 -0.000000 0.000000
vn -0.000100 -1.000000 0.000000
vn -0.000000 -0.707100 0.707100
vn -0.577400 -0.577300 0.577400
vn -0.000000 -0.000000 1.000000
vn -0.707100 -0.000000 0.707100
vn -0.000000 -0.000000 -1.000000
vn -0.577400 0.577400 -0.577300
vn -0.000000 0.707100 -0.707100
vn -0.707100 0.707100 0.000000
vn -0.707200 -0.000000 -0.707100
vn -0.000000 1.000000 0.000000
vn -0.000100 -0.000000 1.000000
vn -0.000000 0.707200 0.707000
vn -0.577400 0.577400 0.577300
vn 0.707100 -0.000000 -0.707100
vn 0.577400 -0.577300 -0.577300
vn 1.000000 -0.000000 0.000000
vn 0.707100 -0.707100 0.000000
vn 0.000100 -1.000000 0.000000
vn 0.000100 -0.000000 1.000000
vn 0.577400 -0.577300 0.577300
vn 0.707100 -0.000000 0.707100
vn 0.000100 -0.000000 -1.000000
vn 0.577400 0.577400 -0.577300
vn 0.707100 0.707100 0.000000
vn 0.577400 0.577400 0.577300
vn -0.000000 0.707100 0.707100
vt 0.535840 0.564640
vt 0.535840 0.557600
vt 0.531775 0.557600
vt 0.528800 0.564640
vt 0.535840 0.279840
vt 0.528800 0.279840
vt 0.528800 0.275775
vt 0.535840 0.272800
vt 0.564640 0.279840
vt 0.564640 0.272800
vt 0.560575 0.272800
vt 0.557600 0.279840
vt 0.535840 0.720160
vt 0.535840 0.727200
vt 0.531775 0.727200
vt 0.528800 0.720160
vt 0.528800 0.564640
vt 0.528800 0.560575
vt 0.535840 0.557600
vt 0.564640 0.720160
vt 0.557600 0.720160
vt 0.557600 0.724225
vt 0.564640 0.727200
vt 0.535840 1.216160
vt 0.528800 1.216160
vt 0.528800 1.220224
vt 0.535840 1.223200
vt 1.216160 0.279840
vt 1.223200 0.279840
vt 1.223200 0.275775
vt 1.216160 0.272800
vt 0.535840 0.279840
vt 0.531775 0.272800
vt 0.535840 1.216160
vt 0.535840 1.223200
vt 0.531775 1.223200
vt 0.528800 1.216160
vt 0.535840 0.720160
vt 0.528800 0.720160
vt 0.528800 0.724225
vt 0.535840 0.727200
vt 1.216160 0.720160
vt 1.216160 0.727200
vt 1.220224 0.727200
vt 1.223200 0.720160
vt 0.585760 0.564640
vt 0.592800 0.564640
vt 0.592800 0.560575
vt 0.585760 0.557600
vt 0.557600 0.279840
vt 0.557600 0.275775
vt 0.564640 0.272800
vt 0.585760 0.279840
vt 0.585760 0.272800
vt 0.589825 0.272800
vt 0.592800 0.279840
vt 0.585760 0.564640
vt 0.585760 0.557600
vt 0.589825 0.557600
vt 0.592800 0.564640
vt 0.585760 0.720160
vt 0.592800 0.720160
vt 0.592800 0.724225
vt 0.585760 0.727200
vt 0.564640 0.720160
vt 0.564640 0.727200
vt 0.560575 0.727200
vt 0.557600 0.720160
vt 0.585760 1.216160
vt 0.585760 1.223200
vt 0.589825 1.223200
vt 0.592800 1.216160
vt 0.585760 0.279840
vt 0.592800 0.275775
vt 0.585760 0.272800
vt 1.216160 0.279840
vt 1.216160 0.272800
vt 1.220224 0.272800
vt 0.585760 1.216160
vt 0.592800 1.216160
vt 0.592800 1.220224
vt 0.585760 1.223200
vt 1.216160 0.720160
vt 1.223200 0.720160
vt 1.223200 0.724225
vt 1.216160 0.727200
vt 0.585760 0.720160
vt 0.585760 0.727200
vt 0.589825 0.727200
s 1
g Fin4_RD_Plate
usemtl RD_Plate
f 2119/1726/499 2116/1725/498 2113/1724/497
f 2123/1727/500 2119/1726/499 2113/1724/497
f 2118/1730/499 2121/1729/502 2114/1728/501
f 2117/1731/498 2118/1730/499 2114/1728/501
f 2120/1734/499 2124/1733/500 2115/1732/503
f 2122/1735/502 2120/1734/499 2115/1732/503
f 2131/1738/506 2128/1737/505 2125/1736/504
f 2135/1739/502 2131/1738/506 2125/1736/504
f 2130/1741/506 2133/1740/508 2126/1724/507
f 2129/1742/505 2130/1741/506 2126/1724/507
f 2132/1745/506 2136/1744/502 2127/1743/503
f 2134/1746/508 2132/1745/506 2127/1743/503
f 2142/1749/510 2140/1748/500 2137/1747/509
f 2147/1750/511 2142/1749/510 2137/1747/509
f 2144/1753/510 2146/1752/512 2138/1751/503
f 2141/1754/513 2144/1753/510 2138/1751/503
f 2143/1756/510 2148/1731/511 2139/1755/514
f 2145/1729/512 2143/1756/510 2139/1755/514
f 2155/1759/517 2153/1758/516 2149/1757/515
f 2159/1760/508 2155/1759/517 2149/1757/515
f 2154/1763/517 2157/1762/512 2150/1761/514
f 2152/1764/516 2154/1763/517 2150/1761/514
f 2156/1767/517 2160/1766/508 2151/1765/503
f 2158/1768/512 2156/1767/517 2151/1765/503
f 2168/1771/519 2165/1770/518 2161/1769/509
f 2172/1772/498 2168/1771/519 2161/1769/509
f 2166/1774/519 2169/1773/521 2162/1732/520
f 2164/1775/518 2166/1774/519 2162/1732/520
f 2167/1778/519 2171/1777/498 2163/1776/522
f 2170/1779/521 2167/1778/519 2163/1776/522
f 2179/1782/524 2177/1781/505 2173/1780/523
f 2184/1783/525 2179/1782/524 2173/1780/523
f 2180/1786/524 2182/1785/521 2174/1784/501
f 2176/1787/505 2180/1786/524 2174/1784/501
f 2178/1790/524 2183/1789/525 2175/1788/520
f 2181/1791/521 2178/1790/524 2175/1788/520
f 2190/1794/527 2189/1793/511 2185/1792/526
f 2195/1795/518 2190/1794/527 2185/1792/526
f 2191/1797/527 2193/1779/528 2186/1796/514
f 2188/1798/511 2191/1797/527 2186/1796/514
f 2192/1801/527 2196/1800/518 2187/1799/520
f 2194/1752/528 2192/1801/527 2187/1799/520
f 2203/1804/529 2200/1803/525 2197/1802/507
f 2208/1805/530 2203/1804/529 2197/1802/507
f 2204/1808/529 2206/1807/528 2198/1806/520
f 2201/1809/525 2204/1808/529 2198/1806/520
f 2202/1812/529 2207/1811/530 2199/1810/514
f 2205/1785/528 2202/1812/529 2199/1810/514
f 2123/1727/500 2113/1724/497 2137/1747/509
f 2140/1748/500 2123/1727/500 2137/1747/509
f 2115/1732/503 2124/1733/500 2141/1754/513
f 2138/1751/503 2115/1732/503 2141/1754/513
f 2135/1739/502 2125/1736/504 2114/1728/501
f 2121/1729/502 2135/1739/502 2114/1728/501
f 2127/1743/503 2136/1744/502 2122/1735/502
f 2115/1732/503 2127/1743/503 2122/1735/502
f 2159/1760/508 2149/1757/515 2126/1724/507
f 2133/1740/508 2159/1760/508 2126/1724/507
f 2151/1765/503 2160/1766/508 2134/1746/508
f 2127/1743/503 2151/1765/503 2134/1746/508
f 2145/1729/512 2139/1755/514 2150/1761/514
f 2157/1762/512 2145/1729/512 2150/1761/514
f 2138/1751/503 2146/1752/512 2158/1768/512
f 2151/1765/503 2138/1751/503 2158/1768/512
f 2147/1750/511 2137/1747/509 2185/1792/526
f 2189/1793/511 2147/1750/511 2185/1792/526
f 2139/1755/514 2148/1731/511 2188/1798/511
f 2186/1796/514 2139/1755/514 2188/1798/511
f 2208/1805/530 2197/1802/507 2149/1757/515
f 2153/1758/516 2208/1805/530 2149/1757/515
f 2199/1810/514 2207/1811/530 2152/1764/516
f 2150/1761/514 2199/1810/514 2152/1764/516
f 2194/1752/528 2187/1799/520 2198/1806/520
f 2206/1807/528 2194/1752/528 2198/1806/520
f 2186/1796/514 2193/1779/528 2205/1785/528
f 2199/1810/514 2186/1796/514 2205/1785/528
f 2195/1795/518 2185/1792/526 2161/1769/509
f 2165/1770/518 2195/1795/518 2161/1769/509
f 2187/1799/520 2196/1800/518 2164/1775/518
f 2162/1732/520 2187/1799/520 2164/1775/518
f 2184/1783/525 2173/1780/523 2197/1802/507
f 2200/1803/525 2184/1783/525 2197/1802/507
f 2175/1788/520 2183/1789/525 2201/1809/525
f 2198/1806/520 2175/1788/520 2201/1809/525
f 2170/1779/521 2163/1776/522 2174/1784/501
f 2182/1785/521 2170/1779/521 2174/1784/501
f 2162/1732/520 2169/1773/521 2181/1791/521
f 2175/1788/520 2162/1732/520 2181/1791/521
f 2172/1772/498 2161/1769/509 2113/1724/497
f 2116/1725/498 2172/1772/498 2113/1724/497
f 2163/1776/522 2171/1777/498 2117/1731/498
f 2114/1728/501 2163/1776/522 2117/1731/498
f 2129/1742/505 2126/1724/507 2173/1780/523
f 2177/1781/505 2129/1742/505 2173/1780/523
f 2125/1736/504 2128/1737/505 2176/1787/505
f 2174/1784/501 2125/1736/504 2176/1787/505
s 0
f 2161/1769/509 2185/1792/509 2137/1747/509
f 2113/1724/509 2161/1769/509 2137/1747/509
f 2151/1765/503 2127/1743/503 2115/1732/503
f 2138/1751/503 2151/1765/503 2115/1732/503
f 2125/1736/501 2174/1784/501 2163/1776/501
f 2114/1728/501 2125/1736/501 2163/1776/501
f 2126/1724/507 2149/1757/507 2197/1802/507
f 2173/1780/507 2126/1724/507 2197/1802/507
f 2199/1810/514 2150/1761/514 2139/1755/514
f 2186/1796/514 2199/1810/514 2139/1755/514
f 2175/1788/520 2198/1806/520 2187/1799/520
f 2162/1732/520 2175/1788/520 2187/1799/520
g Fin5_Mesh
v 0.492000 0.202000 -0.710000
v 0.492000 0.180000 -0.688000
v 0.470000 0.202000 -0.688000
v 0.492000 0.186444 -0.703556
v 0.492000 0.186444 -0.703556
v 0.479298 0.189298 -0.700702
v 0.479298 0.189298 -0.700702
v 0.479298 0.189298 -0.700702
v 0.476444 0.186444 -0.688000
v 0.476444 0.186444 -0.688000
v 0.476444 0.202000 -0.703556
v 0.476444 0.202000 -0.703556
v 0.492000 0.180000 0.688000
v 0.492000 0.202000 0.710000
v 0.470000 0.202000 0.688000
v 0.492000 0.186444 0.703556
v 0.492000 0.186444 0.703556
v 0.479298 0.189298 0.700702
v 0.479298 0.189298 0.700702
v 0.479298 0.189298 0.700702
v 0.476444 0.202000 0.703556
v 0.476444 0.202000 0.703556
v 0.476444 0.186444 0.688000
v 0.476444 0.186444 0.688000
v 0.492000 2.238000 -0.710000
v 0.470000 2.238000 -0.688000
v 0.492000 2.260000 -0.688000
v 0.476444 2.238000 -0.703556
v 0.476444 2.238000 -0.703556
v 0.479298 2.250702 -0.700702
v 0.479298 2.250702 -0.700702
v 0.479298 2.250702 -0.700702
v 0.476444 2.253556 -0.688000
v 0.476444 2.253556 -0.688000
v 0.492000 2.253556 -0.703556
v 0.492000 2.253556 -0.703556
v 0.492000 2.238000 0.710000
v 0.492000 2.260000 0.688000
v 0.470000 2.238000 0.688000
v 0.492000 2.253556 0.703556
v 0.492000 2.253556 0.703556
v 0.479298 2.250702 0.700702
v 0.479298 2.250702 0.700702
v 0.479298 2.250702 0.700702
v 0.476444 2.253556 0.688000
v 0.476444 2.253556 0.688000
v 0.476444 2.238000 0.703556
v 0.476444 2.238000 0.703556
v 0.648000 0.202000 -0.710000
v 0.670000 0.202000 -0.688000
v 0.648000 0.180000 -0.688000
v 0.663556 0.202000 -0.703556
v 0.663556 0.202000 -0.703556
v 0.660702 0.189298 -0.700702
v 0.660702 0.189298 -0.700702
v 0.660702 0.189298 -0.700702
v 0.663556 0.186444 -0.688000
v 0.663556 0.186444 -0.688000
v 0.648000 0.186444 -0.703556
v 0.648000 0.186444 -0.703556
v 0.648000 0.202000 0.710000
v 0.648000 0.180000 0.688000
v 0.670000 0.202000 0.688000
v 0.648000 0.186444 0.703556
v 0.648000 0.186444 0.703556
v 0.660702 0.189298 0.700702
v 0.660702 0.189298 0.700702
v 0.660702 0.189298 0.700702
v 0.663556 0.186444 0.688000
v 0.663556 0.186444 0.688000
v 0.663556 0.202000 0.703556
v 0.663556 0.202000 0.703556
v 0.648000 2.238000 -0.710000
v 0.648000 2.260000 -0.688000
v 0.670000 2.238000 -0.688000
v 0.648000 2.253556 -0.703556
v 0.648000 2.253556 -0.703556
v 0.660702 2.250702 -0.700702
v 0.660702 2.250702 -0.700702
v 0.660702 2.250702 -0.700702
v 0.663556 2.253556 -0.688000
v 0.663556 2.253556 -0.688000
v 0.663556 2.238000 -0.703556
v 0.663556 2.238000 -0.703556
v 0.648000 2.238000 0.710000
v 0.670000 2.238000 0.688000
v 0.648000 2.260000 0.688000
v 0.663556 2.238000 0.703556
v 0.663556 2.238000 0.703556
v 0.660702 2.250702 0.700702
v 0.660702 2.250702 0.700702
v 0.660702 2.250702 0.700702
v 0.663556 2.253556 0.688000
v 0.663556 2.253556 0.688000
v 0.648000 2.253556 0.703556
v 0.648000 2.253556 0.703556
vn -0.000100 -0.000000 -1.000000
vn -0.000000 -0.707100 -0.707100
vn -0.577400 -0.577300 -0.577300
vn -0.707100 -0.000000 -0.707100
vn -0.000000 -1.000000 0.000000
vn -0.707100 -0.707100 0.000000
vn -1.000000 -0.000000 0.000000
vn -0.000100 -1.000000 0.000000
vn -0.000000 -0.707100 0.707100
vn -0.577400 -0.577300 0.577400
vn -0.000000 -0.000000 1.000000
vn -0.707100 -0.000000 0.707100
vn -0.000000 -0.000000 -1.000000
vn -0.577400 0.577300 -0.577300
vn -0.000000 0.707100 -0.707100
vn -0.707100 0.707100 0.000000
vn -0.000000 1.000000 0.000000
vn -0.000100 -0.000000 1.000000
vn -0.000000 0.707100 0.707100
vn -0.577400 0.577300 0.577300
vn 0.707100 -0.000000 -0.707100
vn 0.577400 -0.577400 -0.577300
vn 1.000000 -0.000000 0.000000
vn 0.707100 -0.707100 0.000000
vn 0.000100 -1.000000 0.000000
vn 0.000100 -0.000000 1.000000
vn 0.577400 -0.577400 0.577300
vn 0.707100 -0.000000 0.707100
vn 0.000100 -0.000000 -1.000000
vn 0.577400 0.577400 -0.577300
vn 0.707100 0.707100 0.000000
vn 0.577400 0.577400 -0.577200
vn 0.577400 0.577400 0.577300
vt 0.657440 0.564640
vt 0.657440 0.557600
vt 0.653375 0.557600
vt 0.650400 0.564640
vt 0.657440 0.279840
vt 0.650400 0.279840
vt 0.650400 0.275775
vt 0.657440 0.272800
vt 0.564640 0.279840
vt 0.564640 0.272800
vt 0.560575 0.272800
vt 0.557600 0.279840
vt 0.657440 0.720160
vt 0.657440 0.727200
vt 0.653375 0.727200
vt 0.650400 0.720160
vt 0.657440 0.564640
vt 0.650400 0.564640
vt 0.650400 0.560575
vt 0.657440 0.557600
vt 0.564640 0.720160
vt 0.557600 0.720160
vt 0.557600 0.724225
vt 0.564640 0.727200
vt 0.657440 1.216160
vt 0.650400 1.216160
vt 0.650400 1.220224
vt 0.657440 1.223200
vt 1.216160 0.279840
vt 1.223200 0.279840
vt 1.223200 0.275775
vt 1.216160 0.272800
vt 0.657440 0.279840
vt 0.657440 0.272800
vt 0.653375 0.272800
vt 0.650400 0.279840
vt 0.657440 1.216160
vt 0.657440 1.223200
vt 0.653375 1.223200
vt 0.650400 1.216160
vt 0.657440 0.720160
vt 0.650400 0.720160
vt 0.650400 0.724225
vt 0.657440 0.727200
vt 1.216160 0.720160
vt 1.216160 0.727200
vt 1.220224 0.727200
vt 1.223200 0.720160
vt 0.707360 0.564640
vt 0.714400 0.564640
vt 0.714400 0.560575
vt 0.707360 0.557600
vt 0.564640 0.279840
vt 0.557600 0.279840
vt 0.557600 0.275775
vt 0.564640 0.272800
vt 0.707360 0.279840
vt 0.707360 0.272800
vt 0.711425 0.272800
vt 0.714400 0.279840
vt 0.707360 0.564640
vt 0.711425 0.557600
vt 0.714400 0.564640
vt 0.707360 0.720160
vt 0.714400 0.720160
vt 0.714400 0.724225
vt 0.707360 0.727200
vt 0.564640 0.720160
vt 0.564640 0.727200
vt 0.560575 0.727200
vt 0.557600 0.720160
vt 0.707360 1.216160
vt 0.707360 1.223200
vt 0.711425 1.223200
vt 0.714400 1.216160
vt 0.707360 0.279840
vt 0.714400 0.275775
vt 0.707360 0.272800
vt 1.216160 0.279840
vt 1.220224 0.272800
vt 0.714400 1.216160
vt 0.714400 1.220224
vt 0.707360 1.223200
vt 1.216160 0.720160
vt 1.223200 0.720160
vt 1.223200 0.724225
vt 1.216160 0.727200
vt 0.707360 0.720160
vt 0.711425 0.727200
s 1
g Fin5_RD_Plate
usemtl RD_Plate
f 2216/1815/533 2212/1814/532 2209/1813/531
f 2220/1816/534 2216/1815/533 2209/1813/531
f 2215/1819/533 2218/1818/536 2210/1817/535
f 2213/1820/532 2215/1819/533 2210/1817/535
f 2214/1823/533 2219/1822/534 2211/1821/537
f 2217/1824/536 2214/1823/533 2211/1821/537
f 2228/1827/540 2224/1826/539 2221/1825/538
f 2232/1828/536 2228/1827/540 2221/1825/538
f 2227/1831/540 2230/1830/542 2222/1829/541
f 2225/1832/539 2227/1831/540 2222/1829/541
f 2226/1835/540 2231/1834/536 2223/1833/537
f 2229/1836/542 2226/1835/540 2223/1833/537
f 2238/1839/544 2236/1838/534 2233/1837/543
f 2244/1840/545 2238/1839/544 2233/1837/543
f 2240/1843/544 2242/1842/546 2234/1841/537
f 2237/1844/534 2240/1843/544 2234/1841/537
f 2239/1847/544 2243/1846/545 2235/1845/547
f 2241/1848/546 2239/1847/544 2235/1845/547
f 2251/1851/550 2248/1850/549 2245/1849/548
f 2255/1852/542 2251/1851/550 2245/1849/548
f 2250/1855/550 2253/1854/546 2246/1853/547
f 2249/1856/549 2250/1855/550 2246/1853/547
f 2252/1859/550 2256/1858/542 2247/1857/537
f 2254/1860/546 2252/1859/550 2247/1857/537
f 2264/1863/552 2261/1862/551 2257/1861/543
f 2268/1864/532 2264/1863/552 2257/1861/543
f 2262/1867/552 2265/1866/554 2258/1865/553
f 2260/1868/551 2262/1867/552 2258/1865/553
f 2263/1871/552 2267/1870/532 2259/1869/555
f 2266/1872/554 2263/1871/552 2259/1869/555
f 2275/1874/557 2273/1864/539 2269/1873/556
f 2280/1875/558 2275/1874/557 2269/1873/556
f 2276/1878/557 2278/1877/554 2270/1876/535
f 2272/1879/539 2276/1878/557 2270/1876/535
f 2274/1882/557 2279/1881/558 2271/1880/553
f 2277/1883/554 2274/1882/557 2271/1880/553
f 2286/1886/560 2284/1885/545 2281/1884/559
f 2291/1887/551 2286/1886/560 2281/1884/559
f 2287/1889/560 2289/1872/561 2282/1888/547
f 2285/1890/545 2287/1889/560 2282/1888/547
f 2288/1892/562 2292/1844/551 2283/1891/553
f 2290/1842/561 2288/1892/562 2283/1891/553
f 2299/1894/563 2296/1893/558 2293/1884/541
f 2304/1895/549 2299/1894/563 2293/1884/541
f 2300/1898/563 2302/1897/561 2294/1896/553
f 2297/1899/558 2300/1898/563 2294/1896/553
f 2298/1901/563 2303/1879/549 2295/1900/547
f 2301/1877/561 2298/1901/563 2295/1900/547
f 2220/1816/534 2209/1813/531 2233/1837/543
f 2236/1838/534 2220/1816/534 2233/1837/543
f 2211/1821/537 2219/1822/534 2237/1844/534
f 2234/1841/537 2211/1821/537 2237/1844/534
f 2232/1828/536 2221/1825/538 2210/1817/535
f 2218/1818/536 2232/1828/536 2210/1817/535
f 2223/1833/537 2231/1834/536 2217/1824/536
f 2211/1821/537 2223/1833/537 2217/1824/536
f 2255/1852/542 2245/1849/548 2222/1829/541
f 2230/1830/542 2255/1852/542 2222/1829/541
f 2247/1857/537 2256/1858/542 2229/1836/542
f 2223/1833/537 2247/1857/537 2229/1836/542
f 2241/1848/546 2235/1845/547 2246/1853/547
f 2253/1854/546 2241/1848/546 2246/1853/547
f 2234/1841/537 2242/1842/546 2254/1860/546
f 2247/1857/537 2234/1841/537 2254/1860/546
f 2244/1840/545 2233/1837/543 2281/1884/559
f 2284/1885/545 2244/1840/545 2281/1884/559
f 2235/1845/547 2243/1846/545 2285/1890/545
f 2282/1888/547 2235/1845/547 2285/1890/545
f 2304/1895/549 2293/1884/541 2245/1849/548
f 2248/1850/549 2304/1895/549 2245/1849/548
f 2295/1900/547 2303/1879/549 2249/1856/549
f 2246/1853/547 2295/1900/547 2249/1856/549
f 2290/1842/561 2283/1891/553 2294/1896/553
f 2302/1897/561 2290/1842/561 2294/1896/553
f 2282/1888/547 2289/1872/561 2301/1877/561
f 2295/1900/547 2282/1888/547 2301/1877/561
f 2291/1887/551 2281/1884/559 2257/1861/543
f 2261/1862/551 2291/1887/551 2257/1861/543
f 2283/1891/553 2292/1844/551 2260/1868/551
f 2258/1865/553 2283/1891/553 2260/1868/551
f 2280/1875/558 2269/1873/556 2293/1884/541
f 2296/1893/558 2280/1875/558 2293/1884/541
f 2271/1880/553 2279/1881/558 2297/1899/558
f 2294/1896/553 2271/1880/553 2297/1899/558
f 2266/1872/554 2259/1869/555 2270/1876/535
f 2278/1877/554 2266/1872/554 2270/1876/535
f 2258/1865/553 2265/1866/554 2277/1883/554
f 2271/1880/553 2258/1865/553 2277/1883/554
f 2268/1864/532 2257/1861/543 2209/1813/531
f 2212/1814/532 2268/1864/532 2209/1813/531
f 2259/1869/555 2267/1870/532 2213/1820/532
f 2210/1817/535 2259/1869/555 2213/1820/532
f 2225/1832/539 2222/1829/541 2269/1873/556
f 2273/1864/539 2225/1832/539 2269/1873/556
f 2221/1825/538 2224/1826/539 2272/1879/539
f 2270/1876/535 2221/1825/538 2272/1879/539
s 0
f 2257/1861/543 2281/1884/543 2233/1837/543
f 2209/1813/543 2257/1861/543 2233/1837/543
f 2247/1857/537 2223/1833/537 2211/1821/537
f 2234/1841/537 2247/1857/537 2211/1821/537
f 2221/1825/535 2270/1876/535 2259/1869/535
f 2210/1817/535 2221/1825/535 2259/1869/535
f 2222/1829/541 2245/1849/541 2293/1884/541
f 2269/1873/541 2222/1829/541 2293/1884/541
f 2295/1900/547 2246/1853/547 2235/1845/547
f 2282/1888/547 2295/1900/547 2235/1845/547
f 2271/1880/553 2294/1896/553 2283/1891/553
f 2258/1865/553 2271/1880/553 2283/1891/553
g Fin6_Mesh
v 0.872000 0.202000 -0.710000
v 0.872000 0.180000 -0.688000
v 0.850000 0.202000 -0.688000
v 0.872000 0.186444 -0.703556
v 0.872000 0.186444 -0.703556
v 0.859298 0.189298 -0.700702
v 0.859298 0.189298 -0.700702
v 0.859298 0.189298 -0.700702
v 0.856444 0.186444 -0.688000
v 0.856444 0.186444 -0.688000
v 0.856444 0.202000 -0.703556
v 0.856444 0.202000 -0.703556
v 0.872000 0.180000 0.688000
v 0.872000 0.202000 0.710000
v 0.850000 0.202000 0.688000
v 0.872000 0.186444 0.703556
v 0.872000 0.186444 0.703556
v 0.859298 0.189298 0.700702
v 0.859298 0.189298 0.700702
v 0.859298 0.189298 0.700702
v 0.856444 0.202000 0.703556
v 0.856444 0.202000 0.703556
v 0.856444 0.186444 0.688000
v 0.856444 0.186444 0.688000
v 0.872000 2.238000 -0.710000
v 0.850000 2.238000 -0.688000
v 0.872000 2.260000 -0.688000
v 0.856444 2.238000 -0.703556
v 0.856444 2.238000 -0.703556
v 0.859298 2.250702 -0.700702
v 0.859298 2.250702 -0.700702
v 0.859298 2.250702 -0.700702
v 0.856444 2.253556 -0.688000
v 0.856444 2.253556 -0.688000
v 0.872000 2.253556 -0.703556
v 0.872000 2.253556 -0.703556
v 0.872000 2.238000 0.710000
v 0.872000 2.260000 0.688000
v 0.850000 2.238000 0.688000
v 0.872000 2.253556 0.703556
v 0.872000 2.253556 0.703556
v 0.859298 2.250702 0.700702
v 0.859298 2.250702 0.700702
v 0.859298 2.250702 0.700702
v 0.856444 2.253556 0.688000
v 0.856444 2.253556 0.688000
v 0.856444 2.238000 0.703556
v 0.856444 2.238000 0.703556
v 1.028000 0.202000 -0.710000
v 1.050000 0.202000 -0.688000
v 1.028000 0.180000 -0.688000
v 1.043556 0.202000 -0.703556
v 1.043556 0.202000 -0.703556
v 1.040702 0.189298 -0.700702
v 1.040702 0.189298 -0.700702
v 1.040702 0.189298 -0.700702
v 1.043556 0.186444 -0.688000
v 1.043556 0.186444 -0.688000
v 1.028000 0.186444 -0.703556
v 1.028000 0.186444 -0.703556
v 1.028000 0.202000 0.710000
v 1.028000 0.180000 0.688000
v 1.050000 0.202000 0.688000
v 1.028000 0.186444 0.703556
v 1.028000 0.186444 0.703556
v 1.040702 0.189298 0.700702
v 1.040702 0.189298 0.700702
v 1.040702 0.189298 0.700702
v 1.043556 0.186444 0.688000
v 1.043556 0.186444 0.688000
v 1.043556 0.202000 0.703556
v 1.043556 0.202000 0.703556
v 1.028000 2.238000 -0.710000
v 1.028000 2.260000 -0.688000
v 1.050000 2.238000 -0.688000
v 1.028000 2.253556 -0.703556
v 1.028000 2.253556 -0.703556
v 1.040702 2.250702 -0.700702
v 1.040702 2.250702 -0.700702
v 1.040702 2.250702 -0.700702
v 1.043556 2.253556 -0.688000
v 1.043556 2.253556 -0.688000
v 1.043556 2.238000 -0.703556
v 1.043556 2.238000 -0.703556
v 1.028000 2.238000 0.710000
v 1.050000 2.238000 0.688000
v 1.028000 2.260000 0.688000
v 1.043556 2.238000 0.703556
v 1.043556 2.238000 0.703556
v 1.040702 2.250702 0.700702
v 1.040702 2.250702 0.700702
v 1.040702 2.250702 0.700702
v 1.043556 2.253556 0.688000
v 1.043556 2.253556 0.688000
v 1.028000 2.253556 0.703556
v 1.028000 2.253556 0.703556
vn -0.000100 -0.000000 -1.000000
vn -0.000000 -0.707100 -0.707100
vn -0.577400 -0.577400 -0.577300
vn -0.707100 -0.000000 -0.707100
vn -0.000000 -1.000000 0.000000
vn -0.707100 -0.707100 0.000000
vn -1.000000 -0.000000 0.000000
vn -0.000100 -1.000000 0.000000
vn -0.000000 -0.707100 0.707100
vn -0.577400 -0.577300 0.577400
vn -0.000000 -0.000000 1.000000
vn -0.707100 -0.000000 0.707100
vn -0.000000 -0.000000 -1.000000
vn -0.577400 0.577300 -0.577400
vn -0.000000 0.707100 -0.707100
vn -0.707100 0.707100 0.000000
vn -0.000000 1.000000 0.000000
vn -0.000100 -0.000000 1.000000
vn -0.000000 0.707100 0.707100
vn -0.577400 0.577300 0.577400
vn 0.707100 -0.000000 -0.707100
vn 0.577300 -0.577400 -0.577300
vn 1.000000 -0.000000 0.000000
vn 0.707100 -0.707100 0.000000
vn 0.000100 -1.000000 0.000000
vn 0.000100 -0.000000 1.000000
vn 0.577300 -0.577400 0.577300
vn 0.707100 -0.000000 0.707100
vn 0.000100 -0.000000 -1.000000
vn 0.577300 0.577400 -0.577400
vn 0.707100 0.707100 0.000000
vn 0.577300 0.577400 0.577300
vt 0.779040 0.564640
vt 0.779040 0.557600
vt 0.774975 0.557600
vt 0.772000 0.564640
vt 0.779040 0.279840
vt 0.772000 0.279840
vt 0.772000 0.275775
vt 0.779040 0.272800
vt 0.564640 0.279840
vt 0.564640 0.272800
vt 0.560575 0.272800
vt 0.557600 0.279840
vt 0.779040 0.720160
vt 0.779040 0.727200
vt 0.774975 0.727200
vt 0.772000 0.720160
vt 0.779040 0.564640
vt 0.772000 0.564640
vt 0.772000 0.560575
vt 0.779040 0.557600
vt 0.564640 0.720160
vt 0.557600 0.720160
vt 0.557600 0.724225
vt 0.564640 0.727200
vt 0.779040 1.216160
vt 0.772000 1.216160
vt 0.772000 1.220224
vt 0.779040 1.223200
vt 1.216160 0.279840
vt 1.223200 0.279840
vt 1.223200 0.275775
vt 1.216160 0.272800
vt 0.779040 0.272800
vt 0.774975 0.272800
vt 0.772000 0.279840
vt 0.774975 1.223200
vt 0.772000 1.216160
vt 0.779040 0.720160
vt 0.772000 0.720160
vt 0.772000 0.724225
vt 0.779040 0.727200
vt 1.216160 0.720160
vt 1.216160 0.727200
vt 1.220224 0.727200
vt 1.223200 0.720160
vt 0.828960 0.564640
vt 0.836000 0.564640
vt 0.836000 0.560575
vt 0.828960 0.557600
vt 0.564640 0.279840
vt 0.557600 0.275775
vt 0.564640 0.272800
vt 0.828960 0.279840
vt 0.828960 0.272800
vt 0.833025 0.272800
vt 0.836000 0.279840
vt 0.828960 0.557600
vt 0.833025 0.557600
vt 0.836000 0.564640
vt 0.828960 0.720160
vt 0.836000 0.720160
vt 0.836000 0.724225
vt 0.828960 0.727200
vt 0.564640 0.720160
vt 0.564640 0.727200
vt 0.560575 0.727200
vt 0.557600 0.720160
vt 0.828960 1.216160
vt 0.828960 1.223200
vt 0.833025 1.223200
vt 0.836000 1.216160
vt 0.828960 0.279840
vt 0.836000 0.275775
vt 0.828960 0.272800
vt 1.216160 0.279840
vt 1.220224 0.272800
vt 0.836000 1.216160
vt 0.836000 1.220224
vt 0.828960 1.223200
vt 1.216160 0.720160
vt 1.223200 0.720160
vt 1.223200 0.724225
vt 1.216160 0.727200
vt 0.828960 0.720160
vt 0.828960 0.727200
vt 0.833025 0.727200
s 1
g Fin6_RD_Plate
usemtl RD_Plate
f 2312/1904/566 2308/1903/565 2305/1902/564
f 2316/1905/567 2312/1904/566 2305/1902/564
f 2311/1908/566 2314/1907/569 2306/1906/568
f 2309/1909/565 2311/1908/566 2306/1906/568
f 2310/1912/566 2315/1911/567 2307/1910/570
f 2313/1913/569 2310/1912/566 2307/1910/570
f 2324/1916/573 2320/1915/572 2317/1914/571
f 2328/1917/569 2324/1916/573 2317/1914/571
f 2323/1920/573 2326/1919/575 2318/1918/574
f 2321/1921/572 2323/1920/573 2318/1918/574
f 2322/1924/573 2327/1923/569 2319/1922/570
f 2325/1925/575 2322/1924/573 2319/1922/570
f 2334/1928/577 2332/1927/567 2329/1926/576
f 2340/1929/578 2334/1928/577 2329/1926/576
f 2336/1932/577 2338/1931/579 2330/1930/570
f 2333/1933/567 2336/1932/577 2330/1930/570
f 2335/1935/577 2339/1934/578 2331/1906/580
f 2337/1936/579 2335/1935/577 2331/1906/580
f 2347/1937/583 2345/1929/582 2341/1926/581
f 2351/1938/575 2347/1937/583 2341/1926/581
f 2346/1941/583 2349/1940/579 2342/1939/580
f 2344/1942/582 2346/1941/583 2342/1939/580
f 2348/1945/583 2352/1944/575 2343/1943/570
f 2350/1946/579 2348/1945/583 2343/1943/570
f 2360/1949/585 2357/1948/584 2353/1947/576
f 2363/1950/565 2360/1949/585 2353/1947/576
f 2358/1952/585 2361/1913/587 2354/1951/586
f 2356/1953/584 2358/1952/585 2354/1951/586
f 2359/1956/585 2364/1955/565 2355/1954/588
f 2362/1957/587 2359/1956/585 2355/1954/588
f 2371/1959/590 2369/1958/572 2365/1947/589
f 2376/1960/591 2371/1959/590 2365/1947/589
f 2372/1963/590 2374/1962/587 2366/1961/568
f 2368/1964/572 2372/1963/590 2366/1961/568
f 2370/1967/590 2375/1966/591 2367/1965/586
f 2373/1968/587 2370/1967/590 2367/1965/586
f 2382/1971/593 2381/1970/578 2377/1969/592
f 2387/1972/584 2382/1971/593 2377/1969/592
f 2383/1974/593 2385/1957/594 2378/1973/580
f 2380/1975/578 2383/1974/593 2378/1973/580
f 2384/1977/593 2388/1933/584 2379/1976/586
f 2386/1931/594 2384/1977/593 2379/1976/586
f 2395/1979/595 2392/1978/591 2389/1969/574
f 2399/1980/582 2395/1979/595 2389/1969/574
f 2396/1983/595 2398/1982/594 2390/1981/586
f 2393/1984/591 2396/1983/595 2390/1981/586
f 2394/1987/595 2400/1986/582 2391/1985/580
f 2397/1962/594 2394/1987/595 2391/1985/580
f 2316/1905/567 2305/1902/564 2329/1926/576
f 2332/1927/567 2316/1905/567 2329/1926/576
f 2307/1910/570 2315/1911/567 2333/1933/567
f 2330/1930/570 2307/1910/570 2333/1933/567
f 2328/1917/569 2317/1914/571 2306/1906/568
f 2314/1907/569 2328/1917/569 2306/1906/568
f 2319/1922/570 2327/1923/569 2313/1913/569
f 2307/1910/570 2319/1922/570 2313/1913/569
f 2351/1938/575 2341/1926/581 2318/1918/574
f 2326/1919/575 2351/1938/575 2318/1918/574
f 2343/1943/570 2352/1944/575 2325/1925/575
f 2319/1922/570 2343/1943/570 2325/1925/575
f 2337/1936/579 2331/1906/580 2342/1939/580
f 2349/1940/579 2337/1936/579 2342/1939/580
f 2330/1930/570 2338/1931/579 2350/1946/579
f 2343/1943/570 2330/1930/570 2350/1946/579
f 2340/1929/578 2329/1926/576 2377/1969/592
f 2381/1970/578 2340/1929/578 2377/1969/592
f 2331/1906/580 2339/1934/578 2380/1975/578
f 2378/1973/580 2331/1906/580 2380/1975/578
f 2399/1980/582 2389/1969/574 2341/1926/581
f 2345/1929/582 2399/1980/582 2341/1926/581
f 2391/1985/580 2400/1986/582 2344/1942/582
f 2342/1939/580 2391/1985/580 2344/1942/582
f 2386/1931/594 2379/1976/586 2390/1981/586
f 2398/1982/594 2386/1931/594 2390/1981/586
f 2378/1973/580 2385/1957/594 2397/1962/594
f 2391/1985/580 2378/1973/580 2397/1962/594
f 2387/1972/584 2377/1969/592 2353/1947/576
f 2357/1948/584 2387/1972/584 2353/1947/576
f 2379/1976/586 2388/1933/584 2356/1953/584
f 2354/1951/586 2379/1976/586 2356/1953/584
f 2376/1960/591 2365/1947/589 2389/1969/574
f 2392/1978/591 2376/1960/591 2389/1969/574
f 2367/1965/586 2375/1966/591 2393/1984/591
f 2390/1981/586 2367/1965/586 2393/1984/591
f 2362/1957/587 2355/1954/588 2366/1961/568
f 2374/1962/587 2362/1957/587 2366/1961/568
f 2354/1951/586 2361/1913/587 2373/1968/587
f 2367/1965/586 2354/1951/586 2373/1968/587
f 2363/1950/565 2353/1947/576 2305/1902/564
f 2308/1903/565 2363/1950/565 2305/1902/564
f 2355/1954/588 2364/1955/565 2309/1909/565
f 2306/1906/568 2355/1954/588 2309/1909/565
f 2321/1921/572 2318/1918/574 2365/1947/589
f 2369/1958/572 2321/1921/572 2365/1947/589
f 2317/1914/571 2320/1915/572 2368/1964/572
f 2366/1961/568 2317/1914/571 2368/1964/572
s 0
f 2353/1947/576 2377/1969/576 2329/1926/576
f 2305/1902/576 2353/1947/576 2329/1926/576
f 2343/1943/570 2319/1922/570 2307/1910/570
f 2330/1930/570 2343/1943/570 2307/1910/570
f 2317/1914/568 2366/1961/568 2355/1954/568
f 2306/1906/568 2317/1914/568 2355/1954/568
f 2318/1918/574 2341/1926/574 2389/1969/574
f 2365/1947/574 2318/1918/574 2389/1969/574
f 2391/1985/580 2342/1939/580 2331/1906/580
f 2378/1973/580 2391/1985/580 2331/1906/580
f 2367/1965/586 2390/1981/586 2379/1976/586
f 2354/1951/586 2367/1965/586 2379/1976/586
g Fin7_Mesh
v 1.252000 0.202000 -0.710000
v 1.252000 0.180000 -0.688000
v 1.230000 0.202000 -0.688000
v 1.252000 0.186444 -0.703556
v 1.252000 0.186444 -0.703556
v 1.239298 0.189298 -0.700702
v 1.239298 0.189298 -0.700702
v 1.239298 0.189298 -0.700702
v 1.236444 0.186444 -0.688000
v 1.236444 0.186444 -0.688000
v 1.236444 0.202000 -0.703556
v 1.236444 0.202000 -0.703556
v 1.252000 0.180000 0.688000
v 1.252000 0.202000 0.710000
v 1.230000 0.202000 0.688000
v 1.252000 0.186444 0.703556
v 1.252000 0.186444 0.703556
v 1.239298 0.189298 0.700702
v 1.239298 0.189298 0.700702
v 1.239298 0.189298 0.700702
v 1.236444 0.202000 0.703556
v 1.236444 0.202000 0.703556
v 1.236444 0.186444 0.688000
v 1.236444 0.186444 0.688000
v 1.252000 2.238000 -0.710000
v 1.230000 2.238000 -0.688000
v 1.252000 2.260000 -0.688000
v 1.236444 2.238000 -0.703556
v 1.236444 2.238000 -0.703556
v 1.239298 2.250702 -0.700702
v 1.239298 2.250702 -0.700702
v 1.239298 2.250702 -0.700702
v 1.236444 2.253556 -0.688000
v 1.236444 2.253556 -0.688000
v 1.252000 2.253556 -0.703556
v 1.252000 2.253556 -0.703556
v 1.252000 2.238000 0.710000
v 1.252000 2.260000 0.688000
v 1.230000 2.238000 0.688000
v 1.252000 2.253556 0.703556
v 1.252000 2.253556 0.703556
v 1.239298 2.250702 0.700702
v 1.239298 2.250702 0.700702
v 1.239298 2.250702 0.700702
v 1.236444 2.253556 0.688000
v 1.236444 2.253556 0.688000
v 1.236444 2.238000 0.703556
v 1.236444 2.238000 0.703556
v 1.408000 0.202000 -0.710000
v 1.430000 0.202000 -0.688000
v 1.408000 0.180000 -0.688000
v 1.423556 0.202000 -0.703556
v 1.423556 0.202000 -0.703556
v 1.420702 0.189298 -0.700702
v 1.420702 0.189298 -0.700702
v 1.420702 0.189298 -0.700702
v 1.423556 0.186444 -0.688000
v 1.423556 0.186444 -0.688000
v 1.408000 0.186444 -0.703556
v 1.408000 0.186444 -0.703556
v 1.408000 0.202000 0.710000
v 1.408000 0.180000 0.688000
v 1.430000 0.202000 0.688000
v 1.408000 0.186444 0.703556
v 1.408000 0.186444 0.703556
v 1.420702 0.189298 0.700702
v 1.420702 0.189298 0.700702
v 1.420702 0.189298 0.700702
v 1.423556 0.186444 0.688000
v 1.423556 0.186444 0.688000
v 1.423556 0.202000 0.703556
v 1.423556 0.202000 0.703556
v 1.408000 2.238000 -0.710000
v 1.408000 2.260000 -0.688000
v 1.430000 2.238000 -0.688000
v 1.408000 2.253556 -0.703556
v 1.408000 2.253556 -0.703556
v 1.420702 2.250702 -0.700702
v 1.420702 2.250702 -0.700702
v 1.420702 2.250702 -0.700702
v 1.423556 2.253556 -0.688000
v 1.423556 2.253556 -0.688000
v 1.423556 2.238000 -0.703556
v 1.423556 2.238000 -0.703556
v 1.408000 2.238000 0.710000
v 1.430000 2.238000 0.688000
v 1.408000 2.260000 0.688000
v 1.423556 2.238000 0.703556
v 1.423556 2.238000 0.703556
v 1.420702 2.250702 0.700702
v 1.420702 2.250702 0.700702
v 1.420702 2.250702 0.700702
v 1.423556 2.253556 0.688000
v 1.423556 2.253556 0.688000
v 1.408000 2.253556 0.703556
v 1.408000 2.253556 0.703556
vn -0.000100 -0.000000 -1.000000
vn -0.000000 -0.707100 -0.707100
vn -0.577400 -0.577300 -0.577400
vn -0.707100 -0.000000 -0.707100
vn -0.000000 -1.000000 0.000000
vn -0.707100 -0.707100 0.000000
vn -1.000000 -0.000000 0.000000
vn -0.000100 -1.000000 0.000000
vn -0.000000 -0.707100 0.707100
vn -0.577400 -0.577300 0.577400
vn -0.000000 -0.000000 1.000000
vn -0.707100 -0.000000 0.707100
vn -0.000000 -0.000000 -1.000000
vn -0.577400 0.577300 -0.577400
vn -0.000000 0.707100 -0.707100
vn -0.707100 0.707100 0.000000
vn -0.000000 1.000000 0.000000
vn -0.000100 -0.000000 1.000000
vn -0.000000 0.707100 0.707100
vn -0.577400 0.577300 0.577400
vn 0.707100 -0.000000 -0.707100
vn 0.577400 -0.577300 -0.577400
vn 1.000000 -0.000000 0.000000
vn 0.707100 -0.707100 0.000000
vn 0.000100 -1.000000 0.000000
vn 0.000100 -0.000000 1.000000
vn 0.577400 -0.577300 0.577400
vn 0.707100 -0.000000 0.707100
vn 0.000100 -0.000000 -1.000000
vn 0.577400 0.577300 -0.577400
vn 0.707100 0.707100 0.000000
vn 0.577400 0.577300 0.577400
vt 0.900640 0.564640
vt 0.900640 0.557600
vt 0.896575 0.557600
vt 0.893600 0.564640
vt 0.900640 0.279840
vt 0.893600 0.279840
vt 0.893600 0.275775
vt 0.900640 0.272800
vt 0.564640 0.279840
vt 0.564640 0.272800
vt 0.560575 0.272800
vt 0.557600 0.279840
vt 0.900640 0.720160
vt 0.900640 0.727200
vt 0.896575 0.727200
vt 0.893600 0.720160
vt 0.900640 0.564640
vt 0.893600 0.564640
vt 0.893600 0.560575
vt 0.900640 0.557600
vt 0.564640 0.720160
vt 0.557600 0.720160
vt 0.557600 0.724225
vt 0.564640 0.727200
vt 0.900640 1.216160
vt 0.893600 1.216160
vt 0.893600 1.220224
vt 0.900640 1.223200
vt 1.216160 0.279840
vt 1.223200 0.279840
vt 1.223200 0.275775
vt 1.216160 0.272800
vt 0.900640 0.272800
vt 0.896575 0.272800
vt 0.893600 0.279840
vt 0.900640 1.216160
vt 0.900640 1.223200
vt 0.896575 1.223200
vt 0.893600 1.216160
vt 0.893600 0.720160
vt 0.893600 0.724225
vt 0.900640 0.727200
vt 1.216160 0.720160
vt 1.216160 0.727200
vt 1.220224 0.727200
vt 1.223200 0.720160
vt 0.950560 0.564640
vt 0.957600 0.564640
vt 0.957600 0.560575
vt 0.950560 0.557600
vt 0.557600 0.275775
vt 0.564640 0.272800
vt 0.950560 0.279840
vt 0.950560 0.272800
vt 0.954625 0.272800
vt 0.957600 0.279840
vt 0.950560 0.564640
vt 0.950560 0.557600
vt 0.954625 0.557600
vt 0.957600 0.564640
vt 0.950560 0.720160
vt 0.957600 0.720160
vt 0.957600 0.724225
vt 0.950560 0.727200
vt 0.564640 0.720160
vt 0.564640 0.727200
vt 0.560575 0.727200
vt 0.557600 0.720160
vt 0.950560 1.216160
vt 0.950560 1.223200
vt 0.954625 1.223200
vt 0.957600 1.216160
vt 0.950560 0.279840
vt 0.957600 0.279840
vt 0.957600 0.275775
vt 0.950560 0.272800
vt 1.216160 0.279840
vt 1.216160 0.272800
vt 1.220224 0.272800
vt 0.957600 1.216160
vt 0.957600 1.220224
vt 0.950560 1.223200
vt 1.216160 0.720160
vt 1.223200 0.720160
vt 1.223200 0.724225
vt 0.950560 0.720160
vt 0.950560 0.727200
vt 0.954625 0.727200
vt 0.957600 0.720160
s 1
g Fin7_RD_Plate
usemtl RD_Plate
f 2408/1990/598 2404/1989/597 2401/1988/596
f 2412/1991/599 2408/1990/598 2401/1988/596
f 2407/1994/598 2410/1993/601 2402/1992/600
f 2405/1995/597 2407/1994/598 2402/1992/600
f 2406/1998/598 2411/1997/599 2403/1996/602
f 2409/1999/601 2406/1998/598 2403/1996/602
f 2420/2002/605 2417/2001/604 2413/2000/603
f 2424/2003/601 2420/2002/605 2413/2000/603
f 2419/2006/605 2422/2005/607 2414/2004/606
f 2416/2007/604 2419/2006/605 2414/2004/606
f 2418/2010/605 2423/2009/601 2415/2008/602
f 2421/2011/607 2418/2010/605 2415/2008/602
f 2430/2014/609 2428/2013/599 2425/2012/608
f 2435/2015/610 2430/2014/609 2425/2012/608
f 2432/2018/609 2434/2017/611 2426/2016/602
f 2429/2019/599 2432/2018/609 2426/2016/602
f 2431/2021/609 2436/2020/610 2427/1992/612
f 2433/2022/611 2431/2021/609 2427/1992/612
f 2443/2025/615 2441/2024/614 2437/2023/613
f 2447/2026/607 2443/2025/615 2437/2023/613
f 2442/2028/615 2445/2027/611 2438/2000/612
f 2440/2029/614 2442/2028/615 2438/2000/612
f 2444/2032/615 2448/2031/607 2439/2030/602
f 2446/2033/611 2444/2032/615 2439/2030/602
f 2456/2036/617 2453/2035/616 2449/2034/608
f 2459/2037/597 2456/2036/617 2449/2034/608
f 2454/2038/617 2457/1999/619 2450/1996/618
f 2452/2039/616 2454/2038/617 2450/1996/618
f 2455/2042/617 2460/2041/597 2451/2040/620
f 2458/2043/619 2455/2042/617 2451/2040/620
f 2467/2046/622 2465/2045/604 2461/2044/621
f 2472/2047/623 2467/2046/622 2461/2044/621
f 2468/2050/622 2470/2049/619 2462/2048/600
f 2464/2051/604 2468/2050/622 2462/2048/600
f 2466/2054/622 2471/2053/623 2463/2052/618
f 2469/2055/619 2466/2054/622 2463/2052/618
f 2478/2058/625 2477/2057/610 2473/2056/624
f 2483/2059/616 2478/2058/625 2473/2056/624
f 2479/2062/625 2481/2061/626 2474/2060/612
f 2476/2063/610 2479/2062/625 2474/2060/612
f 2480/2066/625 2484/2065/616 2475/2064/618
f 2482/2017/626 2480/2066/625 2475/2064/618
f 2491/2068/627 2488/2067/623 2485/2056/606
f 2496/2069/614 2491/2068/627 2485/2056/606
f 2492/2072/627 2494/2071/626 2486/2070/618
f 2489/2031/623 2492/2072/627 2486/2070/618
f 2490/2075/627 2495/2074/614 2487/2073/612
f 2493/2076/626 2490/2075/627 2487/2073/612
f 2412/1991/599 2401/1988/596 2425/2012/608
f 2428/2013/599 2412/1991/599 2425/2012/608
f 2403/1996/602 2411/1997/599 2429/2019/599
f 2426/2016/602 2403/1996/602 2429/2019/599
f 2424/2003/601 2413/2000/603 2402/1992/600
f 2410/1993/601 2424/2003/601 2402/1992/600
f 2415/2008/602 2423/2009/601 2409/1999/601
f 2403/1996/602 2415/2008/602 2409/1999/601
f 2447/2026/607 2437/2023/613 2414/2004/606
f 2422/2005/607 2447/2026/607 2414/2004/606
f 2439/2030/602 2448/2031/607 2421/2011/607
f 2415/2008/602 2439/2030/602 2421/2011/607
f 2433/2022/611 2427/1992/612 2438/2000/612
f 2445/2027/611 2433/2022/611 2438/2000/612
f 2426/2016/602 2434/2017/611 2446/2033/611
f 2439/2030/602 2426/2016/602 2446/2033/611
f 2435/2015/610 2425/2012/608 2473/2056/624
f 2477/2057/610 2435/2015/610 2473/2056/624
f 2427/1992/612 2436/2020/610 2476/2063/610
f 2474/2060/612 2427/1992/612 2476/2063/610
f 2496/2069/614 2485/2056/606 2437/2023/613
f 2441/2024/614 2496/2069/614 2437/2023/613
f 2487/2073/612 2495/2074/614 2440/2029/614
f 2438/2000/612 2487/2073/612 2440/2029/614
f 2482/2017/626 2475/2064/618 2486/2070/618
f 2494/2071/626 2482/2017/626 2486/2070/618
f 2474/2060/612 2481/2061/626 2493/2076/626
f 2487/2073/612 2474/2060/612 2493/2076/626
f 2483/2059/616 2473/2056/624 2449/2034/608
f 2453/2035/616 2483/2059/616 2449/2034/608
f 2475/2064/618 2484/2065/616 2452/2039/616
f 2450/1996/618 2475/2064/618 2452/2039/616
f 2472/2047/623 2461/2044/621 2485/2056/606
f 2488/2067/623 2472/2047/623 2485/2056/606
f 2463/2052/618 2471/2053/623 2489/2031/623
f 2486/2070/618 2463/2052/618 2489/2031/623
f 2458/2043/619 2451/2040/620 2462/2048/600
f 2470/2049/619 2458/2043/619 2462/2048/600
f 2450/1996/618 2457/1999/619 2469/2055/619
f 2463/2052/618 2450/1996/618 2469/2055/619
f 2459/2037/597 2449/2034/608 2401/1988/596
f 2404/1989/597 2459/2037/597 2401/1988/596
f 2451/2040/620 2460/2041/597 2405/1995/597
f 2402/1992/600 2451/2040/620 2405/1995/597
f 2416/2007/604 2414/2004/606 2461/2044/621
f 2465/2045/604 2416/2007/604 2461/2044/621
f 2413/2000/603 2417/2001/604 2464/2051/604
f 2462/2048/600 2413/2000/603 2464/2051/604
s 0
f 2449/2034/608 2473/2056/608 2425/2012/608
f 2401/1988/608 2449/2034/608 2425/2012/608
f 2439/2030/602 2415/2008/602 2403/1996/602
f 2426/2016/602 2439/2030/602 2403/1996/602
f 2413/2000/600 2462/2048/600 2451/2040/600
f 2402/1992/600 2413/2000/600 2451/2040/600
f 2414/2004/606 2437/2023/606 2485/2056/606
f 2461/2044/606 2414/2004/606 2485/2056/606
f 2487/2073/612 2438/2000/612 2427/1992/612
f 2474/2060/612 2487/2073/612 2427/1992/612
f 2463/2052/618 2486/2070/618 2475/2064/618
f 2450/1996/618 2463/2052/618 2475/2064/618
g FinBolt0_-0.48_Mesh
v -1.330000 0.190000 -0.492000
v -1.330000 0.190000 -0.492000
v -1.330000 0.190000 -0.492000
v -1.330000 0.270000 -0.490000
v -1.330000 0.270000 -0.490000
v -1.330000 0.270000 -0.490000
v -1.319608 0.190000 -0.486000
v -1.319608 0.190000 -0.486000
v -1.319608 0.190000 -0.486000
v -1.321340 0.270000 -0.485000
v -1.321340 0.270000 -0.485000
v -1.321340 0.270000 -0.485000
v -1.319608 0.190000 -0.474000
v -1.319608 0.190000 -0.474000
v -1.319608 0.190000 -0.474000
v -1.321340 0.270000 -0.475000
v -1.321340 0.270000 -0.475000
v -1.321340 0.270000 -0.475000
v -1.330000 0.190000 -0.468000
v -1.330000 0.190000 -0.468000
v -1.330000 0.190000 -0.468000
v -1.330000 0.270000 -0.470000
v -1.330000 0.270000 -0.470000
v -1.330000 0.270000 -0.470000
v -1.340392 0.190000 -0.474000
v -1.340392 0.190000 -0.474000
v -1.340392 0.190000 -0.474000
v -1.338660 0.270000 -0.475000
v -1.338660 0.270000 -0.475000
v -1.338660 0.270000 -0.475000
v -1.340392 0.190000 -0.486000
v -1.340392 0.190000 -0.486000
v -1.340392 0.190000 -0.486000
v -1.338660 0.270000 -0.485000
v -1.338660 0.270000 -0.485000
v -1.338660 0.270000 -0.485000
vn 0.499900 0.021600 -0.865800
vn 0.999800 0.021600 0.000000
vn 0.499900 0.021600 0.865800
vn -0.499900 0.021600 0.865800
vn -0.000000 1.000000 0.000000
vn -0.999800 0.021600 0.000000
vn -0.499900 0.021600 -0.865800
vn -0.000000 -1.000000 0.000000
vt 0.078055 0.996178
vt 0.090426 0.006141
vt 0.214150 0.006141
vt 0.226526 0.996178
vt 0.276014 0.003822
vt 0.300761 0.993395
vt 0.605343 0.006605
vt 0.580598 0.996179
vt 0.518736 0.993859
vt 0.531107 0.003822
vt 0.395011 0.993859
vt 0.382637 0.003822
vt 0.827285 0.370269
vt 0.827285 0.493994
vt 0.720136 0.555857
vt 0.612988 0.493994
vt 0.612988 0.370269
vt 0.720136 0.308406
vt 0.333147 0.996179
vt 0.308402 0.006605
vt 0.003820 0.993395
vt 0.028563 0.003822
vt 0.870147 0.226528
vt 0.741567 0.300763
vt 0.612988 0.226528
vt 0.612988 0.078057
vt 0.741567 0.003822
vt 0.870147 0.078057
s 1
g FinBolt0_-0.48_RD_Steel
usemtl RD_Steel
f 2507/2079/628 2501/2078/628 2498/2077/628
s 0
f 2504/2080/628 2507/2079/628 2498/2077/628
f 2514/2081/629 2508/2079/629 2505/2080/629
f 2511/2082/629 2514/2081/629 2505/2080/629
s 1
f 2519/2085/630 2513/2084/630 2510/2083/630
s 0
f 2516/2086/630 2519/2085/630 2510/2083/630
f 2525/2087/631 2520/2085/631 2517/2086/631
f 2522/2088/631 2525/2087/631 2517/2086/631
f 2500/2091/632 2506/2090/632 2512/2089/632
f 2524/2093/632 2530/2092/632 2500/2091/632
f 2512/2089/632 2518/2094/632 2524/2093/632
f 2512/2089/632 2524/2093/632 2500/2091/632
f 2532/2095/633 2526/2087/633 2523/2088/633
f 2529/2096/633 2532/2095/633 2523/2088/633
f 2502/2078/634 2531/2098/634 2528/2097/634
f 2499/2077/634 2502/2078/634 2528/2097/634
f 2503/2101/635 2497/2100/635 2527/2099/635
f 2515/2103/635 2509/2102/635 2503/2101/635
f 2527/2099/635 2521/2104/635 2515/2103/635
f 2527/2099/635 2515/2103/635 2503/2101/635
g FinBolt0_0.0_Mesh
v -1.330000 0.190000 -0.012000
v -1.330000 0.190000 -0.012000
v -1.330000 0.190000 -0.012000
v -1.330000 0.270000 -0.010000
v -1.330000 0.270000 -0.010000
v -1.330000 0.270000 -0.010000
v -1.319608 0.190000 -0.006000
v -1.319608 0.190000 -0.006000
v -1.319608 0.190000 -0.006000
v -1.321340 0.270000 -0.005000
v -1.321340 0.270000 -0.005000
v -1.321340 0.270000 -0.005000
v -1.319608 0.190000 0.006000
v -1.319608 0.190000 0.006000
v -1.319608 0.190000 0.006000
v -1.321340 0.270000 0.005000
v -1.321340 0.270000 0.005000
v -1.321340 0.270000 0.005000
v -1.330000 0.190000 0.012000
v -1.330000 0.190000 0.012000
v -1.330000 0.190000 0.012000
v -1.330000 0.270000 0.010000
v -1.330000 0.270000 0.010000
v -1.330000 0.270000 0.010000
v -1.340392 0.190000 0.006000
v -1.340392 0.190000 0.006000
v -1.340392 0.190000 0.006000
v -1.338660 0.270000 0.005000
v -1.338660 0.270000 0.005000
v -1.338660 0.270000 0.005000
v -1.340392 0.190000 -0.006000
v -1.340392 0.190000 -0.006000
v -1.340392 0.190000 -0.006000
v -1.338660 0.270000 -0.005000
v -1.338660 0.270000 -0.005000
v -1.338660 0.270000 -0.005000
vn 0.499900 0.021600 -0.865800
vn 0.999800 0.021600 0.000000
vn 0.499900 0.021600 0.865800
vn -0.499900 0.021600 0.865800
vn -0.000000 1.000000 0.000000
vn -0.999800 0.021600 0.000000
vn -0.499900 0.021600 -0.865800
vn -0.000000 -1.000000 0.000000
vt 0.003822 0.993395
vt 0.028567 0.003821
vt 0.090429 0.006141
vt 0.078057 0.996178
vt 0.214155 0.006141
vt 0.226528 0.996178
vt 0.276018 0.003821
vt 0.300763 0.993395
vt 0.605348 0.006605
vt 0.580603 0.996178
vt 0.518740 0.993859
vt 0.531112 0.003821
vt 0.827288 0.370269
vt 0.827288 0.493994
vt 0.720139 0.555857
vt 0.612990 0.493994
vt 0.612990 0.370269
vt 0.720139 0.308406
vt 0.395014 0.993859
vt 0.382641 0.003821
vt 0.333151 0.996178
vt 0.308406 0.006605
vt 0.870150 0.226528
vt 0.741570 0.300763
vt 0.612990 0.226528
vt 0.612990 0.078057
vt 0.741570 0.003821
vt 0.870150 0.078057
s 0
g FinBolt0_0.0_RD_Steel
usemtl RD_Steel
f 2543/2107/636 2537/2106/636 2534/2105/636
s 1
f 2540/2108/636 2543/2107/636 2534/2105/636
s 0
f 2550/2109/637 2544/2107/637 2541/2108/637
f 2547/2110/637 2550/2109/637 2541/2108/637
f 2555/2111/638 2549/2109/638 2546/2110/638
f 2552/2112/638 2555/2111/638 2546/2110/638
s 1
f 2561/2115/639 2556/2114/639 2553/2113/639
s 0
f 2558/2116/639 2561/2115/639 2553/2113/639
f 2536/2119/640 2542/2118/640 2548/2117/640
f 2560/2121/640 2566/2120/640 2536/2119/640
f 2548/2117/640 2554/2122/640 2560/2121/640
f 2548/2117/640 2560/2121/640 2536/2119/640
f 2568/2123/641 2562/2115/641 2559/2116/641
f 2565/2124/641 2568/2123/641 2559/2116/641
f 2538/2125/642 2567/2123/642 2564/2124/642
f 2535/2126/642 2538/2125/642 2564/2124/642
f 2539/2129/643 2533/2128/643 2563/2127/643
f 2551/2131/643 2545/2130/643 2539/2129/643
f 2563/2127/643 2557/2132/643 2551/2131/643
f 2563/2127/643 2551/2131/643 2539/2129/643
g FinBolt0_0.48_Mesh
v -1.330000 0.190000 0.468000
v -1.330000 0.190000 0.468000
v -1.330000 0.190000 0.468000
v -1.330000 0.270000 0.470000
v -1.330000 0.270000 0.470000
v -1.330000 0.270000 0.470000
v -1.319608 0.190000 0.474000
v -1.319608 0.190000 0.474000
v -1.319608 0.190000 0.474000
v -1.321340 0.270000 0.475000
v -1.321340 0.270000 0.475000
v -1.321340 0.270000 0.475000
v -1.319608 0.190000 0.486000
v -1.319608 0.190000 0.486000
v -1.319608 0.190000 0.486000
v -1.321340 0.270000 0.485000
v -1.321340 0.270000 0.485000
v -1.321340 0.270000 0.485000
v -1.330000 0.190000 0.492000
v -1.330000 0.190000 0.492000
v -1.330000 0.190000 0.492000
v -1.330000 0.270000 0.490000
v -1.330000 0.270000 0.490000
v -1.330000 0.270000 0.490000
v -1.340392 0.190000 0.486000
v -1.340392 0.190000 0.486000
v -1.340392 0.190000 0.486000
v -1.338660 0.270000 0.485000
v -1.338660 0.270000 0.485000
v -1.338660 0.270000 0.485000
v -1.340392 0.190000 0.474000
v -1.340392 0.190000 0.474000
v -1.340392 0.190000 0.474000
v -1.338660 0.270000 0.475000
v -1.338660 0.270000 0.475000
v -1.338660 0.270000 0.475000
vn 0.499900 0.021600 -0.865800
vn 0.999800 0.021600 0.000000
vn 0.499900 0.021600 0.865800
vn -0.499900 0.021600 0.865800
vn -0.000000 1.000000 0.000000
vn -0.999800 0.021600 0.000000
vn -0.499900 0.021600 -0.865800
vn -0.000000 -1.000000 0.000000
vt 0.382641 0.996178
vt 0.395013 0.006140
vt 0.518738 0.006141
vt 0.531112 0.996178
vt 0.580600 0.003821
vt 0.605347 0.993395
vt 0.300763 0.006605
vt 0.276018 0.996178
vt 0.214156 0.993859
vt 0.226528 0.003822
vt 0.090431 0.993859
vt 0.078057 0.003822
vt 0.827287 0.370268
vt 0.827287 0.493994
vt 0.720138 0.555857
vt 0.612989 0.493994
vt 0.612989 0.370268
vt 0.720138 0.308406
vt 0.028568 0.996178
vt 0.003822 0.006605
vt 0.308406 0.993395
vt 0.333150 0.003821
vt 0.741569 0.300761
vt 0.612990 0.226525
vt 0.612990 0.078054
vt 0.741569 0.003819
vt 0.870149 0.078055
vt 0.870149 0.226525
s 1
g FinBolt0_0.48_RD_Steel
usemtl RD_Steel
f 2579/2135/644 2573/2134/644 2570/2133/644
s 0
f 2576/2136/644 2579/2135/644 2570/2133/644
f 2586/2137/645 2580/2135/645 2577/2136/645
f 2583/2138/645 2586/2137/645 2577/2136/645
f 2591/2141/646 2585/2140/646 2582/2139/646
f 2588/2142/646 2591/2141/646 2582/2139/646
f 2597/2143/647 2592/2141/647 2589/2142/647
f 2594/2144/647 2597/2143/647 2589/2142/647
f 2572/2147/648 2578/2146/648 2584/2145/648
f 2596/2149/648 2602/2148/648 2572/2147/648
f 2584/2145/648 2590/2150/648 2596/2149/648
f 2584/2145/648 2596/2149/648 2572/2147/648
f 2604/2151/649 2598/2143/649 2595/2144/649
f 2601/2152/649 2604/2151/649 2595/2144/649
s 1
f 2574/2134/650 2603/2154/650 2600/2153/650
s 0
f 2571/2133/650 2574/2134/650 2600/2153/650
f 2575/2157/651 2569/2156/651 2599/2155/651
f 2587/2159/651 2581/2158/651 2575/2157/651
f 2599/2155/651 2593/2160/651 2587/2159/651
f 2599/2155/651 2587/2159/651 2575/2157/651
g FinBolt1_-0.48_Mesh
v -0.950000 0.190000 -0.492000
v -0.950000 0.190000 -0.492000
v -0.950000 0.190000 -0.492000
v -0.950000 0.270000 -0.490000
v -0.950000 0.270000 -0.490000
v -0.950000 0.270000 -0.490000
v -0.939608 0.190000 -0.486000
v -0.939608 0.190000 -0.486000
v -0.939608 0.190000 -0.486000
v -0.941340 0.270000 -0.485000
v -0.941340 0.270000 -0.485000
v -0.941340 0.270000 -0.485000
v -0.939608 0.190000 -0.474000
v -0.939608 0.190000 -0.474000
v -0.939608 0.190000 -0.474000
v -0.941340 0.270000 -0.475000
v -0.941340 0.270000 -0.475000
v -0.941340 0.270000 -0.475000
v -0.950000 0.190000 -0.468000
v -0.950000 0.190000 -0.468000
v -0.950000 0.190000 -0.468000
v -0.950000 0.270000 -0.470000
v -0.950000 0.270000 -0.470000
v -0.950000 0.270000 -0.470000
v -0.960392 0.190000 -0.474000
v -0.960392 0.190000 -0.474000
v -0.960392 0.190000 -0.474000
v -0.958660 0.270000 -0.475000
v -0.958660 0.270000 -0.475000
v -0.958660 0.270000 -0.475000
v -0.960392 0.190000 -0.486000
v -0.960392 0.190000 -0.486000
v -0.960392 0.190000 -0.486000
v -0.958660 0.270000 -0.485000
v -0.958660 0.270000 -0.485000
v -0.958660 0.270000 -0.485000
vn 0.499900 0.021600 -0.865800
vn 0.999800 0.021600 0.000000
vn 0.499900 0.021600 0.865800
vn -0.499900 0.021600 0.865800
vn -0.000000 1.000000 0.000000
vn -0.999800 0.021600 0.000000
vn -0.499900 0.021600 -0.865800
vn -0.000000 -1.000000 0.000000
vt 0.078055 0.996178
vt 0.090428 0.006140
vt 0.214153 0.006141
vt 0.226527 0.996178
vt 0.276015 0.003821
vt 0.300762 0.993395
vt 0.605347 0.006605
vt 0.580601 0.996178
vt 0.518739 0.993859
vt 0.531111 0.003821
vt 0.395012 0.993859
vt 0.382640 0.003821
vt 0.827292 0.493995
vt 0.720142 0.555858
vt 0.612993 0.493995
vt 0.612993 0.370269
vt 0.720142 0.308406
vt 0.827292 0.370269
vt 0.333150 0.996178
vt 0.308405 0.006605
vt 0.003819 0.993395
vt 0.028564 0.003821
vt 0.870151 0.226528
vt 0.741572 0.300763
vt 0.612992 0.226528
vt 0.612992 0.078057
vt 0.741572 0.003822
vt 0.870151 0.078057
s 0
g FinBolt1_-0.48_RD_Steel
usemtl RD_Steel
f 2615/2163/652 2609/2162/652 2606/2161/652
f 2612/2164/652 2615/2163/652 2606/2161/652
f 2622/2165/653 2616/2163/653 2613/2164/653
f 2619/2166/653 2622/2165/653 2613/2164/653
s 1
f 2627/2169/654 2621/2168/654 2618/2167/654
f 2624/2170/654 2627/2169/654 2618/2167/654
s 0
f 2633/2171/655 2628/2169/655 2625/2170/655
f 2630/2172/655 2633/2171/655 2625/2170/655
f 2608/2175/656 2614/2174/656 2620/2173/656
f 2632/2177/656 2638/2176/656 2608/2175/656
f 2620/2173/656 2626/2178/656 2632/2177/656
f 2620/2173/656 2632/2177/656 2608/2175/656
f 2640/2179/657 2634/2171/657 2631/2172/657
f 2637/2180/657 2640/2179/657 2631/2172/657
s 1
f 2610/2162/658 2639/2182/658 2636/2181/658
f 2607/2161/658 2610/2162/658 2636/2181/658
s 0
f 2611/2185/659 2605/2184/659 2635/2183/659
f 2623/2187/659 2617/2186/659 2611/2185/659
f 2635/2183/659 2629/2188/659 2623/2187/659
f 2635/2183/659 2623/2187/659 2611/2185/659
g FinBolt1_0.0_Mesh
v -0.950000 0.190000 -0.012000
v -0.950000 0.190000 -0.012000
v -0.950000 0.190000 -0.012000
v -0.950000 0.270000 -0.010000
v -0.950000 0.270000 -0.010000
v -0.950000 0.270000 -0.010000
v -0.939608 0.190000 -0.006000
v -0.939608 0.190000 -0.006000
v -0.939608 0.190000 -0.006000
v -0.941340 0.270000 -0.005000
v -0.941340 0.270000 -0.005000
v -0.941340 0.270000 -0.005000
v -0.939608 0.190000 0.006000
v -0.939608 0.190000 0.006000
v -0.939608 0.190000 0.006000
v -0.941340 0.270000 0.005000
v -0.941340 0.270000 0.005000
v -0.941340 0.270000 0.005000
v -0.950000 0.190000 0.012000
v -0.950000 0.190000 0.012000
v -0.950000 0.190000 0.012000
v -0.950000 0.270000 0.010000
v -0.950000 0.270000 0.010000
v -0.950000 0.270000 0.010000
v -0.960392 0.190000 0.006000
v -0.960392 0.190000 0.006000
v -0.960392 0.190000 0.006000
v -0.958660 0.270000 0.005000
v -0.958660 0.270000 0.005000
v -0.958660 0.270000 0.005000
v -0.960392 0.190000 -0.006000
v -0.960392 0.190000 -0.006000
v -0.960392 0.190000 -0.006000
v -0.958660 0.270000 -0.005000
v -0.958660 0.270000 -0.005000
v -0.958660 0.270000 -0.005000
vn 0.499900 0.021600 -0.865800
vn 0.999800 0.021600 0.000000
vn 0.499900 0.021600 0.865800
vn -0.499900 0.021600 0.865800
vn -0.000000 1.000000 0.000000
vn -0.999800 0.021600 0.000000
vn -0.499900 0.021600 -0.865800
vn -0.000000 -1.000000 0.000000
vt 0.078056 0.996179
vt 0.090428 0.006141
vt 0.214155 0.006141
vt 0.226527 0.996179
vt 0.276017 0.003822
vt 0.300762 0.993395
vt 0.605348 0.006605
vt 0.580603 0.996178
vt 0.518740 0.993859
vt 0.531112 0.003822
vt 0.395014 0.993859
vt 0.382642 0.003822
vt 0.827289 0.493995
vt 0.720139 0.555858
vt 0.612990 0.493995
vt 0.612990 0.370269
vt 0.720139 0.308406
vt 0.827289 0.370269
vt 0.333151 0.996178
vt 0.308406 0.006605
vt 0.003821 0.993395
vt 0.028566 0.003821
vt 0.870149 0.226528
vt 0.741570 0.300763
vt 0.612990 0.226528
vt 0.612990 0.078057
vt 0.741570 0.003821
vt 0.870149 0.078057
s 1
g FinBolt1_0.0_RD_Steel
usemtl RD_Steel
f 2651/2191/660 2645/2190/660 2642/2189/660
f 2648/2192/660 2651/2191/660 2642/2189/660
s 0
f 2658/2193/661 2652/2191/661 2649/2192/661
f 2655/2194/661 2658/2193/661 2649/2192/661
f 2663/2197/662 2657/2196/662 2654/2195/662
s 1
f 2660/2198/662 2663/2197/662 2654/2195/662
f 2669/2199/663 2664/2197/663 2661/2198/663
s 0
f 2666/2200/663 2669/2199/663 2661/2198/663
f 2644/2203/664 2650/2202/664 2656/2201/664
f 2668/2205/664 2674/2204/664 2644/2203/664
f 2656/2201/664 2662/2206/664 2668/2205/664
f 2656/2201/664 2668/2205/664 2644/2203/664
f 2676/2207/665 2670/2199/665 2667/2200/665
f 2673/2208/665 2676/2207/665 2667/2200/665
f 2646/2190/666 2675/2210/666 2672/2209/666
f 2643/2189/666 2646/2190/666 2672/2209/666
f 2647/2213/667 2641/2212/667 2671/2211/667
f 2659/2215/667 2653/2214/667 2647/2213/667
f 2671/2211/667 2665/2216/667 2659/2215/667
f 2671/2211/667 2659/2215/667 2647/2213/667
g FinBolt1_0.48_Mesh
v -0.950000 0.190000 0.468000
v -0.950000 0.190000 0.468000
v -0.950000 0.190000 0.468000
v -0.950000 0.270000 0.470000
v -0.950000 0.270000 0.470000
v -0.950000 0.270000 0.470000
v -0.939608 0.190000 0.474000
v -0.939608 0.190000 0.474000
v -0.939608 0.190000 0.474000
v -0.941340 0.270000 0.475000
v -0.941340 0.270000 0.475000
v -0.941340 0.270000 0.475000
v -0.939608 0.190000 0.486000
v -0.939608 0.190000 0.486000
v -0.939608 0.190000 0.486000
v -0.941340 0.270000 0.485000
v -0.941340 0.270000 0.485000
v -0.941340 0.270000 0.485000
v -0.950000 0.190000 0.492000
v -0.950000 0.190000 0.492000
v -0.950000 0.190000 0.492000
v -0.950000 0.270000 0.490000
v -0.950000 0.270000 0.490000
v -0.950000 0.270000 0.490000
v -0.960392 0.190000 0.486000
v -0.960392 0.190000 0.486000
v -0.960392 0.190000 0.486000
v -0.958660 0.270000 0.485000
v -0.958660 0.270000 0.485000
v -0.958660 0.270000 0.485000
v -0.960392 0.190000 0.474000
v -0.960392 0.190000 0.474000
v -0.960392 0.190000 0.474000
v -0.958660 0.270000 0.475000
v -0.958660 0.270000 0.475000
v -0.958660 0.270000 0.475000
vn 0.499900 0.021600 -0.865800
vn 0.999800 0.021600 0.000000
vn 0.499900 0.021600 0.865800
vn -0.499900 0.021600 0.865800
vn -0.000000 1.000000 0.000000
vn -0.999800 0.021600 0.000000
vn -0.499900 0.021600 -0.865800
vn -0.000000 -1.000000 0.000000
vt 0.078057 0.996178
vt 0.090428 0.006141
vt 0.214154 0.006141
vt 0.226528 0.996178
vt 0.276017 0.003821
vt 0.300764 0.993395
vt 0.605348 0.006605
vt 0.580602 0.996178
vt 0.518739 0.993859
vt 0.531111 0.003821
vt 0.395014 0.993859
vt 0.382642 0.003821
vt 0.827290 0.493994
vt 0.720141 0.555857
vt 0.612991 0.493994
vt 0.612991 0.370268
vt 0.720141 0.308406
vt 0.827290 0.370268
vt 0.333151 0.996178
vt 0.308406 0.006605
vt 0.003822 0.993395
vt 0.028565 0.003821
vt 0.870150 0.226528
vt 0.741571 0.300763
vt 0.612991 0.226528
vt 0.612991 0.078057
vt 0.741571 0.003822
vt 0.870150 0.078057
s 0
g FinBolt1_0.48_RD_Steel
usemtl RD_Steel
f 2687/2219/668 2681/2218/668 2678/2217/668
f 2684/2220/668 2687/2219/668 2678/2217/668
f 2694/2221/669 2688/2219/669 2685/2220/669
f 2691/2222/669 2694/2221/669 2685/2220/669
s 1
f 2699/2225/670 2693/2224/670 2690/2223/670
f 2696/2226/670 2699/2225/670 2690/2223/670
s 0
f 2705/2227/671 2700/2225/671 2697/2226/671
f 2702/2228/671 2705/2227/671 2697/2226/671
f 2680/2231/672 2686/2230/672 2692/2229/672
f 2704/2233/672 2710/2232/672 2680/2231/672
f 2692/2229/672 2698/2234/672 2704/2233/672
f 2692/2229/672 2704/2233/672 2680/2231/672
f 2712/2235/673 2706/2227/673 2703/2228/673
f 2709/2236/673 2712/2235/673 2703/2228/673
s 1
f 2682/2218/674 2711/2238/674 2708/2237/674
f 2679/2217/674 2682/2218/674 2708/2237/674
s 0
f 2683/2241/675 2677/2240/675 2707/2239/675
f 2695/2243/675 2689/2242/675 2683/2241/675
f 2707/2239/675 2701/2244/675 2695/2243/675
f 2707/2239/675 2695/2243/675 2683/2241/675
g FinBolt2_-0.48_Mesh
v -0.570000 0.190000 -0.492000
v -0.570000 0.190000 -0.492000
v -0.570000 0.190000 -0.492000
v -0.570000 0.270000 -0.490000
v -0.570000 0.270000 -0.490000
v -0.570000 0.270000 -0.490000
v -0.559608 0.190000 -0.486000
v -0.559608 0.190000 -0.486000
v -0.559608 0.190000 -0.486000
v -0.561340 0.270000 -0.485000
v -0.561340 0.270000 -0.485000
v -0.561340 0.270000 -0.485000
v -0.559608 0.190000 -0.474000
v -0.559608 0.190000 -0.474000
v -0.559608 0.190000 -0.474000
v -0.561340 0.270000 -0.475000
v -0.561340 0.270000 -0.475000
v -0.561340 0.270000 -0.475000
v -0.570000 0.190000 -0.468000
v -0.570000 0.190000 -0.468000
v -0.570000 0.190000 -0.468000
v -0.570000 0.270000 -0.470000
v -0.570000 0.270000 -0.470000
v -0.570000 0.270000 -0.470000
v -0.580392 0.190000 -0.474000
v -0.580392 0.190000 -0.474000
v -0.580392 0.190000 -0.474000
v -0.578660 0.270000 -0.475000
v -0.578660 0.270000 -0.475000
v -0.578660 0.270000 -0.475000
v -0.580392 0.190000 -0.486000
v -0.580392 0.190000 -0.486000
v -0.580392 0.190000 -0.486000
v -0.578660 0.270000 -0.485000
v -0.578660 0.270000 -0.485000
v -0.578660 0.270000 -0.485000
vn 0.499900 0.021600 -0.865800
vn 0.999800 0.021600 0.000000
vn 0.499900 0.021600 0.865800
vn -0.499900 0.021600 0.865800
vn -0.000000 1.000000 0.000000
vn -0.999800 0.021600 0.000000
vn -0.499900 0.021600 -0.865800
vn -0.000000 -1.000000 0.000000
vt 0.078057 0.996178
vt 0.090431 0.006141
vt 0.214156 0.006141
vt 0.226528 0.996178
vt 0.276019 0.003821
vt 0.300763 0.993395
vt 0.605350 0.006604
vt 0.580605 0.996178
vt 0.518742 0.993859
vt 0.531114 0.003822
vt 0.395017 0.993859
vt 0.382642 0.003822
vt 0.827291 0.370269
vt 0.827291 0.493994
vt 0.720142 0.555857
vt 0.612992 0.493994
vt 0.612992 0.370269
vt 0.720142 0.308406
vt 0.333154 0.996179
vt 0.308407 0.006605
vt 0.003821 0.993395
vt 0.028568 0.003821
vt 0.870151 0.226528
vt 0.741571 0.300763
vt 0.612992 0.226528
vt 0.612992 0.078057
vt 0.741571 0.003822
vt 0.870151 0.078057
s 0
g FinBolt2_-0.48_RD_Steel
usemtl RD_Steel
f 2723/2247/676 2717/2246/676 2714/2245/676
f 2720/2248/676 2723/2247/676 2714/2245/676
f 2730/2249/677 2724/2247/677 2721/2248/677
f 2727/2250/677 2730/2249/677 2721/2248/677
f 2735/2253/678 2729/2252/678 2726/2251/678
s 1
f 2732/2254/678 2735/2253/678 2726/2251/678
s 0
f 2741/2255/679 2736/2253/679 2733/2254/679
f 2738/2256/679 2741/2255/679 2733/2254/679
f 2716/2259/680 2722/2258/680 2728/2257/680
f 2740/2261/680 2746/2260/680 2716/2259/680
f 2728/2257/680 2734/2262/680 2740/2261/680
f 2728/2257/680 2740/2261/680 2716/2259/680
f 2748/2263/681 2742/2255/681 2739/2256/681
f 2745/2264/681 2748/2263/681 2739/2256/681
s 1
f 2718/2246/682 2747/2266/682 2744/2265/682
f 2715/2245/682 2718/2246/682 2744/2265/682
s 0
f 2719/2269/683 2713/2268/683 2743/2267/683
f 2731/2271/683 2725/2270/683 2719/2269/683
f 2743/2267/683 2737/2272/683 2731/2271/683
f 2743/2267/683 2731/2271/683 2719/2269/683
g FinBolt2_0.0_Mesh
v -0.570000 0.190000 -0.012000
v -0.570000 0.190000 -0.012000
v -0.570000 0.190000 -0.012000
v -0.570000 0.270000 -0.010000
v -0.570000 0.270000 -0.010000
v -0.570000 0.270000 -0.010000
v -0.559608 0.190000 -0.006000
v -0.559608 0.190000 -0.006000
v -0.559608 0.190000 -0.006000
v -0.561340 0.270000 -0.005000
v -0.561340 0.270000 -0.005000
v -0.561340 0.270000 -0.005000
v -0.559608 0.190000 0.006000
v -0.559608 0.190000 0.006000
v -0.559608 0.190000 0.006000
v -0.561340 0.270000 0.005000
v -0.561340 0.270000 0.005000
v -0.561340 0.270000 0.005000
v -0.570000 0.190000 0.012000
v -0.570000 0.190000 0.012000
v -0.570000 0.190000 0.012000
v -0.570000 0.270000 0.010000
v -0.570000 0.270000 0.010000
v -0.570000 0.270000 0.010000
v -0.580392 0.190000 0.006000
v -0.580392 0.190000 0.006000
v -0.580392 0.190000 0.006000
v -0.578660 0.270000 0.005000
v -0.578660 0.270000 0.005000
v -0.578660 0.270000 0.005000
v -0.580392 0.190000 -0.006000
v -0.580392 0.190000 -0.006000
v -0.580392 0.190000 -0.006000
v -0.578660 0.270000 -0.005000
v -0.578660 0.270000 -0.005000
v -0.578660 0.270000 -0.005000
vn 0.499900 0.021600 -0.865800
vn 0.999800 0.021600 0.000000
vn 0.499900 0.021600 0.865800
vn -0.499900 0.021600 0.865800
vn -0.000000 1.000000 0.000000
vn -0.999800 0.021600 0.000000
vn -0.499900 0.021600 -0.865800
vn -0.000000 -1.000000 0.000000
vt 0.382642 0.996178
vt 0.395014 0.006140
vt 0.518740 0.006140
vt 0.531113 0.996178
vt 0.580603 0.003821
vt 0.605349 0.993395
vt 0.300764 0.006605
vt 0.276018 0.996178
vt 0.214155 0.993859
vt 0.226528 0.003821
vt 0.090430 0.993859
vt 0.078057 0.003821
vt 0.827291 0.370269
vt 0.827291 0.493995
vt 0.720141 0.555858
vt 0.612992 0.493995
vt 0.612992 0.370269
vt 0.720141 0.308406
vt 0.028567 0.996178
vt 0.003822 0.006604
vt 0.308407 0.993395
vt 0.333152 0.003821
vt 0.870151 0.226528
vt 0.741571 0.300763
vt 0.612992 0.226528
vt 0.612992 0.078057
vt 0.741571 0.003821
vt 0.870151 0.078057
s 0
g FinBolt2_0.0_RD_Steel
usemtl RD_Steel
f 2759/2275/684 2753/2274/684 2750/2273/684
f 2756/2276/684 2759/2275/684 2750/2273/684
f 2766/2277/685 2760/2275/685 2757/2276/685
f 2763/2278/685 2766/2277/685 2757/2276/685
f 2771/2281/686 2765/2280/686 2762/2279/686
f 2768/2282/686 2771/2281/686 2762/2279/686
s 1
f 2777/2283/687 2772/2281/687 2769/2282/687
s 0
f 2774/2284/687 2777/2283/687 2769/2282/687
f 2752/2287/688 2758/2286/688 2764/2285/688
f 2776/2289/688 2782/2288/688 2752/2287/688
f 2764/2285/688 2770/2290/688 2776/2289/688
f 2764/2285/688 2776/2289/688 2752/2287/688
f 2784/2291/689 2778/2283/689 2775/2284/689
f 2781/2292/689 2784/2291/689 2775/2284/689
f 2754/2274/690 2783/2294/690 2780/2293/690
f 2751/2273/690 2754/2274/690 2780/2293/690
f 2755/2297/691 2749/2296/691 2779/2295/691
f 2767/2299/691 2761/2298/691 2755/2297/691
f 2779/2295/691 2773/2300/691 2767/2299/691
f 2779/2295/691 2767/2299/691 2755/2297/691
g FinBolt2_0.48_Mesh
v -0.570000 0.190000 0.468000
v -0.570000 0.190000 0.468000
v -0.570000 0.190000 0.468000
v -0.570000 0.270000 0.470000
v -0.570000 0.270000 0.470000
v -0.570000 0.270000 0.470000
v -0.559608 0.190000 0.474000
v -0.559608 0.190000 0.474000
v -0.559608 0.190000 0.474000
v -0.561340 0.270000 0.475000
v -0.561340 0.270000 0.475000
v -0.561340 0.270000 0.475000
v -0.559608 0.190000 0.486000
v -0.559608 0.190000 0.486000
v -0.559608 0.190000 0.486000
v -0.561340 0.270000 0.485000
v -0.561340 0.270000 0.485000
v -0.561340 0.270000 0.485000
v -0.570000 0.190000 0.492000
v -0.570000 0.190000 0.492000
v -0.570000 0.190000 0.492000
v -0.570000 0.270000 0.490000
v -0.570000 0.270000 0.490000
v -0.570000 0.270000 0.490000
v -0.580392 0.190000 0.486000
v -0.580392 0.190000 0.486000
v -0.580392 0.190000 0.486000
v -0.578660 0.270000 0.485000
v -0.578660 0.270000 0.485000
v -0.578660 0.270000 0.485000
v -0.580392 0.190000 0.474000
v -0.580392 0.190000 0.474000
v -0.580392 0.190000 0.474000
v -0.578660 0.270000 0.475000
v -0.578660 0.270000 0.475000
v -0.578660 0.270000 0.475000
vn 0.499900 0.021600 -0.865800
vn 0.999800 0.021600 0.000000
vn 0.499900 0.021600 0.865800
vn -0.499900 0.021600 0.865800
vn -0.000000 1.000000 0.000000
vn -0.999800 0.021600 0.000000
vn -0.499900 0.021600 -0.865800
vn -0.000000 -1.000000 0.000000
vt 0.078057 0.996179
vt 0.090431 0.006141
vt 0.214156 0.006141
vt 0.226528 0.996179
vt 0.276019 0.003822
vt 0.300763 0.993395
vt 0.605349 0.006604
vt 0.580604 0.996178
vt 0.518742 0.993859
vt 0.531113 0.003821
vt 0.395016 0.993859
vt 0.382642 0.003821
vt 0.827291 0.370268
vt 0.827291 0.493994
vt 0.720141 0.555857
vt 0.612992 0.493994
vt 0.612992 0.370268
vt 0.720141 0.308406
vt 0.333153 0.996178
vt 0.308406 0.006605
vt 0.003821 0.993395
vt 0.028568 0.003822
vt 0.870151 0.226528
vt 0.741571 0.300763
vt 0.612992 0.226528
vt 0.612992 0.078057
vt 0.741571 0.003822
vt 0.870151 0.078057
s 0
g FinBolt2_0.48_RD_Steel
usemtl RD_Steel
f 2795/2303/692 2789/2302/692 2786/2301/692
f 2792/2304/692 2795/2303/692 2786/2301/692
f 2802/2305/693 2796/2303/693 2793/2304/693
f 2799/2306/693 2802/2305/693 2793/2304/693
f 2807/2309/694 2801/2308/694 2798/2307/694
s 1
f 2804/2310/694 2807/2309/694 2798/2307/694
s 0
f 2813/2311/695 2808/2309/695 2805/2310/695
f 2810/2312/695 2813/2311/695 2805/2310/695
f 2788/2315/696 2794/2314/696 2800/2313/696
f 2812/2317/696 2818/2316/696 2788/2315/696
f 2800/2313/696 2806/2318/696 2812/2317/696
f 2800/2313/696 2812/2317/696 2788/2315/696
f 2820/2319/697 2814/2311/697 2811/2312/697
f 2817/2320/697 2820/2319/697 2811/2312/697
s 1
f 2790/2302/698 2819/2322/698 2816/2321/698
f 2787/2301/698 2790/2302/698 2816/2321/698
s 0
f 2791/2325/699 2785/2324/699 2815/2323/699
f 2803/2327/699 2797/2326/699 2791/2325/699
f 2815/2323/699 2809/2328/699 2803/2327/699
f 2815/2323/699 2803/2327/699 2791/2325/699
g FinBolt3_-0.48_Mesh
v -0.190000 0.190000 -0.492000
v -0.190000 0.190000 -0.492000
v -0.190000 0.190000 -0.492000
v -0.190000 0.270000 -0.490000
v -0.190000 0.270000 -0.490000
v -0.190000 0.270000 -0.490000
v -0.179608 0.190000 -0.486000
v -0.179608 0.190000 -0.486000
v -0.179608 0.190000 -0.486000
v -0.181340 0.270000 -0.485000
v -0.181340 0.270000 -0.485000
v -0.181340 0.270000 -0.485000
v -0.179608 0.190000 -0.474000
v -0.179608 0.190000 -0.474000
v -0.179608 0.190000 -0.474000
v -0.181340 0.270000 -0.475000
v -0.181340 0.270000 -0.475000
v -0.181340 0.270000 -0.475000
v -0.190000 0.190000 -0.468000
v -0.190000 0.190000 -0.468000
v -0.190000 0.190000 -0.468000
v -0.190000 0.270000 -0.470000
v -0.190000 0.270000 -0.470000
v -0.190000 0.270000 -0.470000
v -0.200392 0.190000 -0.474000
v -0.200392 0.190000 -0.474000
v -0.200392 0.190000 -0.474000
v -0.198660 0.270000 -0.475000
v -0.198660 0.270000 -0.475000
v -0.198660 0.270000 -0.475000
v -0.200392 0.190000 -0.486000
v -0.200392 0.190000 -0.486000
v -0.200392 0.190000 -0.486000
v -0.198660 0.270000 -0.485000
v -0.198660 0.270000 -0.485000
v -0.198660 0.270000 -0.485000
vn 0.499900 0.021600 -0.865800
vn 0.999800 0.021600 0.000000
vn 0.499900 0.021600 0.865800
vn -0.499900 0.021600 0.865800
vn -0.000000 1.000000 0.000000
vn -0.999800 0.021600 0.000000
vn -0.499900 0.021600 -0.865800
vn -0.000000 -1.000000 0.000000
vt 0.382642 0.996179
vt 0.395015 0.006141
vt 0.518741 0.006141
vt 0.531113 0.996179
vt 0.580604 0.003822
vt 0.605348 0.993396
vt 0.300764 0.006605
vt 0.276018 0.996178
vt 0.214155 0.993859
vt 0.226528 0.003821
vt 0.090429 0.993859
vt 0.078057 0.003821
vt 0.827290 0.370269
vt 0.827290 0.493994
vt 0.720141 0.555857
vt 0.612991 0.493994
vt 0.612991 0.370269
vt 0.720141 0.308406
vt 0.028567 0.996178
vt 0.003822 0.006604
vt 0.308407 0.993395
vt 0.333153 0.003822
vt 0.870150 0.226528
vt 0.741571 0.300763
vt 0.612991 0.226528
vt 0.612991 0.078057
vt 0.741571 0.003822
vt 0.870150 0.078057
s 1
g FinBolt3_-0.48_RD_Steel
usemtl RD_Steel
f 2831/2331/700 2825/2330/700 2822/2329/700
s 0
f 2828/2332/700 2831/2331/700 2822/2329/700
f 2838/2333/701 2832/2331/701 2829/2332/701
f 2835/2334/701 2838/2333/701 2829/2332/701
s 1
f 2843/2337/702 2837/2336/702 2834/2335/702
s 0
f 2840/2338/702 2843/2337/702 2834/2335/702
f 2849/2339/703 2844/2337/703 2841/2338/703
f 2846/2340/703 2849/2339/703 2841/2338/703
f 2824/2343/704 2830/2342/704 2836/2341/704
f 2848/2345/704 2854/2344/704 2824/2343/704
f 2836/2341/704 2842/2346/704 2848/2345/704
f 2836/2341/704 2848/2345/704 2824/2343/704
f 2856/2347/705 2850/2339/705 2847/2340/705
f 2853/2348/705 2856/2347/705 2847/2340/705
s 1
f 2826/2330/706 2855/2350/706 2852/2349/706
s 0
f 2823/2329/706 2826/2330/706 2852/2349/706
f 2827/2353/707 2821/2352/707 2851/2351/707
f 2839/2355/707 2833/2354/707 2827/2353/707
f 2851/2351/707 2845/2356/707 2839/2355/707
f 2851/2351/707 2839/2355/707 2827/2353/707
g FinBolt3_0.0_Mesh
v -0.190000 0.190000 -0.012000
v -0.190000 0.190000 -0.012000
v -0.190000 0.190000 -0.012000
v -0.190000 0.270000 -0.010000
v -0.190000 0.270000 -0.010000
v -0.190000 0.270000 -0.010000
v -0.179608 0.190000 -0.006000
v -0.179608 0.190000 -0.006000
v -0.179608 0.190000 -0.006000
v -0.181340 0.270000 -0.005000
v -0.181340 0.270000 -0.005000
v -0.181340 0.270000 -0.005000
v -0.179608 0.190000 0.006000
v -0.179608 0.190000 0.006000
v -0.179608 0.190000 0.006000
v -0.181340 0.270000 0.005000
v -0.181340 0.270000 0.005000
v -0.181340 0.270000 0.005000
v -0.190000 0.190000 0.012000
v -0.190000 0.190000 0.012000
v -0.190000 0.190000 0.012000
v -0.190000 0.270000 0.010000
v -0.190000 0.270000 0.010000
v -0.190000 0.270000 0.010000
v -0.200392 0.190000 0.006000
v -0.200392 0.190000 0.006000
v -0.200392 0.190000 0.006000
v -0.198660 0.270000 0.005000
v -0.198660 0.270000 0.005000
v -0.198660 0.270000 0.005000
v -0.200392 0.190000 -0.006000
v -0.200392 0.190000 -0.006000
v -0.200392 0.190000 -0.006000
v -0.198660 0.270000 -0.005000
v -0.198660 0.270000 -0.005000
v -0.198660 0.270000 -0.005000
vn 0.499900 0.021600 -0.865800
vn 0.999800 0.021600 0.000000
vn 0.499900 0.021600 0.865800
vn -0.499900 0.021600 0.865800
vn -0.000000 1.000000 0.000000
vn -0.999800 0.021600 0.000000
vn -0.499900 0.021600 -0.865800
vn -0.000000 -1.000000 0.000000
vt 0.382642 0.996179
vt 0.395014 0.006141
vt 0.518740 0.006141
vt 0.531113 0.996179
vt 0.580603 0.003821
vt 0.605348 0.993395
vt 0.300763 0.006604
vt 0.276019 0.996178
vt 0.214156 0.993859
vt 0.226528 0.003821
vt 0.090430 0.993859
vt 0.078057 0.003821
vt 0.827291 0.493995
vt 0.720141 0.555858
vt 0.612991 0.493995
vt 0.612991 0.370269
vt 0.720141 0.308406
vt 0.827291 0.370269
vt 0.028567 0.996179
vt 0.003821 0.006605
vt 0.308406 0.993395
vt 0.333151 0.003822
vt 0.870150 0.226528
vt 0.741571 0.300763
vt 0.612991 0.226528
vt 0.612991 0.078057
vt 0.741571 0.003821
vt 0.870150 0.078057
s 0
g FinBolt3_0.0_RD_Steel
usemtl RD_Steel
f 2867/2359/708 2861/2358/708 2858/2357/708
f 2864/2360/708 2867/2359/708 2858/2357/708
f 2874/2361/709 2868/2359/709 2865/2360/709
f 2871/2362/709 2874/2361/709 2865/2360/709
f 2879/2365/710 2873/2364/710 2870/2363/710
f 2876/2366/710 2879/2365/710 2870/2363/710
f 2885/2367/711 2880/2365/711 2877/2366/711
f 2882/2368/711 2885/2367/711 2877/2366/711
f 2860/2371/712 2866/2370/712 2872/2369/712
f 2884/2373/712 2890/2372/712 2860/2371/712
f 2872/2369/712 2878/2374/712 2884/2373/712
f 2872/2369/712 2884/2373/712 2860/2371/712
f 2892/2375/713 2886/2367/713 2883/2368/713
f 2889/2376/713 2892/2375/713 2883/2368/713
f 2862/2358/714 2891/2378/714 2888/2377/714
f 2859/2357/714 2862/2358/714 2888/2377/714
f 2863/2381/715 2857/2380/715 2887/2379/715
f 2875/2383/715 2869/2382/715 2863/2381/715
f 2887/2379/715 2881/2384/715 2875/2383/715
f 2887/2379/715 2875/2383/715 2863/2381/715
g FinBolt3_0.48_Mesh
v -0.190000 0.190000 0.468000
v -0.190000 0.190000 0.468000
v -0.190000 0.190000 0.468000
v -0.190000 0.270000 0.470000
v -0.190000 0.270000 0.470000
v -0.190000 0.270000 0.470000
v -0.179608 0.190000 0.474000
v -0.179608 0.190000 0.474000
v -0.179608 0.190000 0.474000
v -0.181340 0.270000 0.475000
v -0.181340 0.270000 0.475000
v -0.181340 0.270000 0.475000
v -0.179608 0.190000 0.486000
v -0.179608 0.190000 0.486000
v -0.179608 0.190000 0.486000
v -0.181340 0.270000 0.485000
v -0.181340 0.270000 0.485000
v -0.181340 0.270000 0.485000
v -0.190000 0.190000 0.492000
v -0.190000 0.190000 0.492000
v -0.190000 0.190000 0.492000
v -0.190000 0.270000 0.490000
v -0.190000 0.270000 0.490000
v -0.190000 0.270000 0.490000
v -0.200392 0.190000 0.486000
v -0.200392 0.190000 0.486000
v -0.200392 0.190000 0.486000
v -0.198660 0.270000 0.485000
v -0.198660 0.270000 0.485000
v -0.198660 0.270000 0.485000
v -0.200392 0.190000 0.474000
v -0.200392 0.190000 0.474000
v -0.200392 0.190000 0.474000
v -0.198660 0.270000 0.475000
v -0.198660 0.270000 0.475000
v -0.198660 0.270000 0.475000
vn 0.499900 0.021600 -0.865800
vn 0.999800 0.021600 0.000000
vn 0.499900 0.021600 0.865800
vn -0.499900 0.021600 0.865800
vn -0.000000 1.000000 0.000000
vn -0.999800 0.021600 0.000000
vn -0.499900 0.021600 -0.865800
vn -0.000000 -1.000000 0.000000
vt 0.078057 0.996178
vt 0.090430 0.006141
vt 0.214155 0.006141
vt 0.226528 0.996178
vt 0.276018 0.003821
vt 0.300763 0.993395
vt 0.605348 0.006605
vt 0.580603 0.996178
vt 0.518740 0.993859
vt 0.531112 0.003822
vt 0.395014 0.993859
vt 0.382642 0.003822
vt 0.827290 0.493995
vt 0.720140 0.555857
vt 0.612991 0.493994
vt 0.612991 0.370269
vt 0.720140 0.308406
vt 0.827290 0.370269
vt 0.333152 0.996179
vt 0.308406 0.006605
vt 0.003822 0.993395
vt 0.028566 0.003821
vt 0.870150 0.226528
vt 0.741570 0.300763
vt 0.612991 0.226528
vt 0.612991 0.078057
vt 0.741570 0.003822
vt 0.870150 0.078057
s 0
g FinBolt3_0.48_RD_Steel
usemtl RD_Steel
f 2903/2387/716 2897/2386/716 2894/2385/716
f 2900/2388/716 2903/2387/716 2894/2385/716
f 2910/2389/717 2904/2387/717 2901/2388/717
f 2907/2390/717 2910/2389/717 2901/2388/717
s 1
f 2915/2393/718 2909/2392/718 2906/2391/718
s 0
f 2912/2394/718 2915/2393/718 2906/2391/718
s 1
f 2921/2395/719 2916/2393/719 2913/2394/719
s 0
f 2918/2396/719 2921/2395/719 2913/2394/719
f 2896/2399/720 2902/2398/720 2908/2397/720
f 2920/2401/720 2926/2400/720 2896/2399/720
f 2908/2397/720 2914/2402/720 2920/2401/720
f 2908/2397/720 2920/2401/720 2896/2399/720
f 2928/2403/721 2922/2395/721 2919/2396/721
f 2925/2404/721 2928/2403/721 2919/2396/721
s 1
f 2898/2386/722 2927/2406/722 2924/2405/722
s 0
f 2895/2385/722 2898/2386/722 2924/2405/722
f 2899/2409/723 2893/2408/723 2923/2407/723
f 2911/2411/723 2905/2410/723 2899/2409/723
f 2923/2407/723 2917/2412/723 2911/2411/723
f 2923/2407/723 2911/2411/723 2899/2409/723
g FinBolt4_-0.48_Mesh
v 0.190000 0.190000 -0.492000
v 0.190000 0.190000 -0.492000
v 0.190000 0.190000 -0.492000
v 0.190000 0.270000 -0.490000
v 0.190000 0.270000 -0.490000
v 0.190000 0.270000 -0.490000
v 0.200392 0.190000 -0.486000
v 0.200392 0.190000 -0.486000
v 0.200392 0.190000 -0.486000
v 0.198660 0.270000 -0.485000
v 0.198660 0.270000 -0.485000
v 0.198660 0.270000 -0.485000
v 0.200392 0.190000 -0.474000
v 0.200392 0.190000 -0.474000
v 0.200392 0.190000 -0.474000
v 0.198660 0.270000 -0.475000
v 0.198660 0.270000 -0.475000
v 0.198660 0.270000 -0.475000
v 0.190000 0.190000 -0.468000
v 0.190000 0.190000 -0.468000
v 0.190000 0.190000 -0.468000
v 0.190000 0.270000 -0.470000
v 0.190000 0.270000 -0.470000
v 0.190000 0.270000 -0.470000
v 0.179608 0.190000 -0.474000
v 0.179608 0.190000 -0.474000
v 0.179608 0.190000 -0.474000
v 0.181340 0.270000 -0.475000
v 0.181340 0.270000 -0.475000
v 0.181340 0.270000 -0.475000
v 0.179608 0.190000 -0.486000
v 0.179608 0.190000 -0.486000
v 0.179608 0.190000 -0.486000
v 0.181340 0.270000 -0.485000
v 0.181340 0.270000 -0.485000
v 0.181340 0.270000 -0.485000
vn 0.499900 0.021600 -0.865800
vn 0.999800 0.021600 0.000000
vn 0.499900 0.021600 0.865800
vn -0.499900 0.021600 0.865800
vn -0.000000 1.000000 0.000000
vn -0.999800 0.021600 0.000000
vn -0.499900 0.021600 -0.865800
vn -0.000000 -1.000000 0.000000
vt 0.078057 0.996179
vt 0.090430 0.006141
vt 0.214155 0.006141
vt 0.226528 0.996179
vt 0.276018 0.003822
vt 0.300763 0.993395
vt 0.605348 0.006605
vt 0.580603 0.996178
vt 0.518740 0.993859
vt 0.531112 0.003822
vt 0.395014 0.993859
vt 0.382642 0.003822
vt 0.827291 0.493994
vt 0.720141 0.555857
vt 0.612992 0.493994
vt 0.612992 0.370269
vt 0.720141 0.308406
vt 0.827291 0.370269
vt 0.333152 0.996179
vt 0.308406 0.006605
vt 0.003821 0.993395
vt 0.028567 0.003822
vt 0.870150 0.226528
vt 0.741570 0.300763
vt 0.612991 0.226528
vt 0.612991 0.078057
vt 0.741570 0.003822
vt 0.870150 0.078057
s 1
g FinBolt4_-0.48_RD_Steel
usemtl RD_Steel
f 2939/2415/724 2933/2414/724 2930/2413/724
s 0
f 2936/2416/724 2939/2415/724 2930/2413/724
f 2946/2417/725 2940/2415/725 2937/2416/725
f 2943/2418/725 2946/2417/725 2937/2416/725
s 1
f 2951/2421/726 2945/2420/726 2942/2419/726
s 0
f 2948/2422/726 2951/2421/726 2942/2419/726
f 2957/2423/727 2952/2421/727 2949/2422/727
f 2954/2424/727 2957/2423/727 2949/2422/727
f 2932/2427/728 2938/2426/728 2944/2425/728
f 2956/2429/728 2962/2428/728 2932/2427/728
f 2944/2425/728 2950/2430/728 2956/2429/728
f 2944/2425/728 2956/2429/728 2932/2427/728
f 2964/2431/729 2958/2423/729 2955/2424/729
f 2961/2432/729 2964/2431/729 2955/2424/729
s 1
f 2934/2414/730 2963/2434/730 2960/2433/730
s 0
f 2931/2413/730 2934/2414/730 2960/2433/730
f 2935/2437/731 2929/2436/731 2959/2435/731
f 2947/2439/731 2941/2438/731 2935/2437/731
f 2959/2435/731 2953/2440/731 2947/2439/731
f 2959/2435/731 2947/2439/731 2935/2437/731
g FinBolt4_0.0_Mesh
v 0.190000 0.190000 -0.012000
v 0.190000 0.190000 -0.012000
v 0.190000 0.190000 -0.012000
v 0.190000 0.270000 -0.010000
v 0.190000 0.270000 -0.010000
v 0.190000 0.270000 -0.010000
v 0.200392 0.190000 -0.006000
v 0.200392 0.190000 -0.006000
v 0.200392 0.190000 -0.006000
v 0.198660 0.270000 -0.005000
v 0.198660 0.270000 -0.005000
v 0.198660 0.270000 -0.005000
v 0.200392 0.190000 0.006000
v 0.200392 0.190000 0.006000
v 0.200392 0.190000 0.006000
v 0.198660 0.270000 0.005000
v 0.198660 0.270000 0.005000
v 0.198660 0.270000 0.005000
v 0.190000 0.190000 0.012000
v 0.190000 0.190000 0.012000
v 0.190000 0.190000 0.012000
v 0.190000 0.270000 0.010000
v 0.190000 0.270000 0.010000
v 0.190000 0.270000 0.010000
v 0.179608 0.190000 0.006000
v 0.179608 0.190000 0.006000
v 0.179608 0.190000 0.006000
v 0.181340 0.270000 0.005000
v 0.181340 0.270000 0.005000
v 0.181340 0.270000 0.005000
v 0.179608 0.190000 -0.006000
v 0.179608 0.190000 -0.006000
v 0.179608 0.190000 -0.006000
v 0.181340 0.270000 -0.005000
v 0.181340 0.270000 -0.005000
v 0.181340 0.270000 -0.005000
vn 0.499900 0.021600 -0.865800
vn 0.999800 0.021600 0.000000
vn 0.499900 0.021600 0.865800
vn -0.499900 0.021600 0.865800
vn -0.000000 1.000000 0.000000
vn -0.999800 0.021600 0.000000
vn -0.499900 0.021600 -0.865800
vn -0.000000 -1.000000 0.000000
vt 0.078057 0.996178
vt 0.090430 0.006141
vt 0.214156 0.006141
vt 0.226528 0.996178
vt 0.276019 0.003822
vt 0.300763 0.993395
vt 0.605348 0.006605
vt 0.580602 0.996178
vt 0.518739 0.993859
vt 0.531113 0.003822
vt 0.395013 0.993859
vt 0.382642 0.003822
vt 0.827290 0.493995
vt 0.720141 0.555857
vt 0.612991 0.493995
vt 0.612991 0.370269
vt 0.720141 0.308406
vt 0.827290 0.370269
vt 0.333151 0.996178
vt 0.308406 0.006605
vt 0.003821 0.993395
vt 0.028568 0.003822
vt 0.870150 0.226528
vt 0.741571 0.300763
vt 0.612991 0.226528
vt 0.612991 0.078057
vt 0.741571 0.003821
vt 0.870150 0.078057
s 0
g FinBolt4_0.0_RD_Steel
usemtl RD_Steel
f 2975/2443/732 2969/2442/732 2966/2441/732
f 2972/2444/732 2975/2443/732 2966/2441/732
f 2982/2445/733 2976/2443/733 2973/2444/733
f 2979/2446/733 2982/2445/733 2973/2444/733
f 2987/2449/734 2981/2448/734 2978/2447/734
f 2984/2450/734 2987/2449/734 2978/2447/734
f 2993/2451/735 2988/2449/735 2985/2450/735
s 1
f 2990/2452/735 2993/2451/735 2985/2450/735
s 0
f 2968/2455/736 2974/2454/736 2980/2453/736
f 2992/2457/736 2998/2456/736 2968/2455/736
f 2980/2453/736 2986/2458/736 2992/2457/736
f 2980/2453/736 2992/2457/736 2968/2455/736
f 3000/2459/737 2994/2451/737 2991/2452/737
f 2997/2460/737 3000/2459/737 2991/2452/737
f 2970/2442/738 2999/2462/738 2996/2461/738
f 2967/2441/738 2970/2442/738 2996/2461/738
f 2971/2465/739 2965/2464/739 2995/2463/739
f 2983/2467/739 2977/2466/739 2971/2465/739
f 2995/2463/739 2989/2468/739 2983/2467/739
f 2995/2463/739 2983/2467/739 2971/2465/739
g FinBolt4_0.48_Mesh
v 0.190000 0.190000 0.468000
v 0.190000 0.190000 0.468000
v 0.190000 0.190000 0.468000
v 0.190000 0.270000 0.470000
v 0.190000 0.270000 0.470000
v 0.190000 0.270000 0.470000
v 0.200392 0.190000 0.474000
v 0.200392 0.190000 0.474000
v 0.200392 0.190000 0.474000
v 0.198660 0.270000 0.475000
v 0.198660 0.270000 0.475000
v 0.198660 0.270000 0.475000
v 0.200392 0.190000 0.486000
v 0.200392 0.190000 0.486000
v 0.200392 0.190000 0.486000
v 0.198660 0.270000 0.485000
v 0.198660 0.270000 0.485000
v 0.198660 0.270000 0.485000
v 0.190000 0.190000 0.492000
v 0.190000 0.190000 0.492000
v 0.190000 0.190000 0.492000
v 0.190000 0.270000 0.490000
v 0.190000 0.270000 0.490000
v 0.190000 0.270000 0.490000
v 0.179608 0.190000 0.486000
v 0.179608 0.190000 0.486000
v 0.179608 0.190000 0.486000
v 0.181340 0.270000 0.485000
v 0.181340 0.270000 0.485000
v 0.181340 0.270000 0.485000
v 0.179608 0.190000 0.474000
v 0.179608 0.190000 0.474000
v 0.179608 0.190000 0.474000
v 0.181340 0.270000 0.475000
v 0.181340 0.270000 0.475000
v 0.181340 0.270000 0.475000
vn 0.499900 0.021600 -0.865800
vn 0.999800 0.021600 0.000000
vn 0.499900 0.021600 0.865800
vn -0.499900 0.021600 0.865800
vn -0.000000 1.000000 0.000000
vn -0.999800 0.021600 0.000000
vn -0.499900 0.021600 -0.865800
vn -0.000000 -1.000000 0.000000
vt 0.078058 0.996179
vt 0.090430 0.006141
vt 0.214155 0.006141
vt 0.226528 0.996179
vt 0.276018 0.003822
vt 0.300764 0.993395
vt 0.605348 0.006605
vt 0.580603 0.996178
vt 0.518740 0.993859
vt 0.531113 0.003822
vt 0.395014 0.993859
vt 0.382642 0.003821
vt 0.827290 0.370268
vt 0.827290 0.493994
vt 0.720141 0.555857
vt 0.612991 0.493994
vt 0.612991 0.370268
vt 0.720141 0.308406
vt 0.333152 0.996178
vt 0.308407 0.006605
vt 0.003822 0.993395
vt 0.028567 0.003822
vt 0.870150 0.226528
vt 0.741571 0.300763
vt 0.612991 0.226528
vt 0.612991 0.078057
vt 0.741571 0.003822
vt 0.870150 0.078057
s 0
g FinBolt4_0.48_RD_Steel
usemtl RD_Steel
f 3011/2471/740 3005/2470/740 3002/2469/740
f 3008/2472/740 3011/2471/740 3002/2469/740
f 3018/2473/741 3012/2471/741 3009/2472/741
f 3015/2474/741 3018/2473/741 3009/2472/741
s 1
f 3023/2477/742 3017/2476/742 3014/2475/742
s 0
f 3020/2478/742 3023/2477/742 3014/2475/742
s 1
f 3029/2479/743 3024/2477/743 3021/2478/743
s 0
f 3026/2480/743 3029/2479/743 3021/2478/743
f 3004/2483/744 3010/2482/744 3016/2481/744
f 3028/2485/744 3034/2484/744 3004/2483/744
f 3016/2481/744 3022/2486/744 3028/2485/744
f 3016/2481/744 3028/2485/744 3004/2483/744
f 3036/2487/745 3030/2479/745 3027/2480/745
f 3033/2488/745 3036/2487/745 3027/2480/745
s 1
f 3006/2470/746 3035/2490/746 3032/2489/746
s 0
f 3003/2469/746 3006/2470/746 3032/2489/746
f 3007/2493/747 3001/2492/747 3031/2491/747
f 3019/2495/747 3013/2494/747 3007/2493/747
f 3031/2491/747 3025/2496/747 3019/2495/747
f 3031/2491/747 3019/2495/747 3007/2493/747
g FinBolt5_-0.48_Mesh
v 0.570000 0.190000 -0.492000
v 0.570000 0.190000 -0.492000
v 0.570000 0.190000 -0.492000
v 0.570000 0.270000 -0.490000
v 0.570000 0.270000 -0.490000
v 0.570000 0.270000 -0.490000
v 0.580392 0.190000 -0.486000
v 0.580392 0.190000 -0.486000
v 0.580392 0.190000 -0.486000
v 0.578660 0.270000 -0.485000
v 0.578660 0.270000 -0.485000
v 0.578660 0.270000 -0.485000
v 0.580392 0.190000 -0.474000
v 0.580392 0.190000 -0.474000
v 0.580392 0.190000 -0.474000
v 0.578660 0.270000 -0.475000
v 0.578660 0.270000 -0.475000
v 0.578660 0.270000 -0.475000
v 0.570000 0.190000 -0.468000
v 0.570000 0.190000 -0.468000
v 0.570000 0.190000 -0.468000
v 0.570000 0.270000 -0.470000
v 0.570000 0.270000 -0.470000
v 0.570000 0.270000 -0.470000
v 0.559608 0.190000 -0.474000
v 0.559608 0.190000 -0.474000
v 0.559608 0.190000 -0.474000
v 0.561340 0.270000 -0.475000
v 0.561340 0.270000 -0.475000
v 0.561340 0.270000 -0.475000
v 0.559608 0.190000 -0.486000
v 0.559608 0.190000 -0.486000
v 0.559608 0.190000 -0.486000
v 0.561340 0.270000 -0.485000
v 0.561340 0.270000 -0.485000
v 0.561340 0.270000 -0.485000
vn 0.499900 0.021600 -0.865800
vn 0.999800 0.021600 0.000000
vn 0.499900 0.021600 0.865800
vn -0.499900 0.021600 0.865800
vn -0.000000 1.000000 0.000000
vn -0.999800 0.021600 0.000000
vn -0.499900 0.021600 -0.865800
vn -0.000000 -1.000000 0.000000
vt 0.382642 0.996178
vt 0.395014 0.006141
vt 0.518739 0.006140
vt 0.531113 0.996178
vt 0.580602 0.003821
vt 0.605349 0.993395
vt 0.300764 0.006605
vt 0.276017 0.996178
vt 0.214154 0.993859
vt 0.226528 0.003822
vt 0.090429 0.993859
vt 0.078057 0.003822
vt 0.827291 0.370269
vt 0.827291 0.493994
vt 0.720141 0.555857
vt 0.612992 0.493994
vt 0.612992 0.370269
vt 0.720141 0.308406
vt 0.028566 0.996178
vt 0.003821 0.006605
vt 0.308407 0.993395
vt 0.333151 0.003821
vt 0.870151 0.226528
vt 0.741571 0.300763
vt 0.612992 0.226528
vt 0.612992 0.078057
vt 0.741571 0.003822
vt 0.870151 0.078057
s 0
g FinBolt5_-0.48_RD_Steel
usemtl RD_Steel
f 3047/2499/748 3041/2498/748 3038/2497/748
f 3044/2500/748 3047/2499/748 3038/2497/748
f 3054/2501/749 3048/2499/749 3045/2500/749
f 3051/2502/749 3054/2501/749 3045/2500/749
s 1
f 3059/2505/750 3053/2504/750 3050/2503/750
f 3056/2506/750 3059/2505/750 3050/2503/750
s 0
f 3065/2507/751 3060/2505/751 3057/2506/751
f 3062/2508/751 3065/2507/751 3057/2506/751
f 3040/2511/752 3046/2510/752 3052/2509/752
f 3064/2513/752 3070/2512/752 3040/2511/752
f 3052/2509/752 3058/2514/752 3064/2513/752
f 3052/2509/752 3064/2513/752 3040/2511/752
f 3072/2515/753 3066/2507/753 3063/2508/753
f 3069/2516/753 3072/2515/753 3063/2508/753
f 3042/2498/754 3071/2518/754 3068/2517/754
s 1
f 3039/2497/754 3042/2498/754 3068/2517/754
s 0
f 3043/2521/755 3037/2520/755 3067/2519/755
f 3055/2523/755 3049/2522/755 3043/2521/755
f 3067/2519/755 3061/2524/755 3055/2523/755
f 3067/2519/755 3055/2523/755 3043/2521/755
g FinBolt5_0.0_Mesh
v 0.570000 0.190000 -0.012000
v 0.570000 0.190000 -0.012000
v 0.570000 0.190000 -0.012000
v 0.570000 0.270000 -0.010000
v 0.570000 0.270000 -0.010000
v 0.570000 0.270000 -0.010000
v 0.580392 0.190000 -0.006000
v 0.580392 0.190000 -0.006000
v 0.580392 0.190000 -0.006000
v 0.578660 0.270000 -0.005000
v 0.578660 0.270000 -0.005000
v 0.578660 0.270000 -0.005000
v 0.580392 0.190000 0.006000
v 0.580392 0.190000 0.006000
v 0.580392 0.190000 0.006000
v 0.578660 0.270000 0.005000
v 0.578660 0.270000 0.005000
v 0.578660 0.270000 0.005000
v 0.570000 0.190000 0.012000
v 0.570000 0.190000 0.012000
v 0.570000 0.190000 0.012000
v 0.570000 0.270000 0.010000
v 0.570000 0.270000 0.010000
v 0.570000 0.270000 0.010000
v 0.559608 0.190000 0.006000
v 0.559608 0.190000 0.006000
v 0.559608 0.190000 0.006000
v 0.561340 0.270000 0.005000
v 0.561340 0.270000 0.005000
v 0.561340 0.270000 0.005000
v 0.559608 0.190000 -0.006000
v 0.559608 0.190000 -0.006000
v 0.559608 0.190000 -0.006000
v 0.561340 0.270000 -0.005000
v 0.561340 0.270000 -0.005000
v 0.561340 0.270000 -0.005000
vn 0.499900 0.021600 -0.865800
vn 0.999800 0.021600 0.000000
vn 0.499900 0.021600 0.865800
vn -0.499900 0.021600 0.865800
vn -0.000000 1.000000 0.000000
vn -0.999800 0.021600 0.000000
vn -0.499900 0.021600 -0.865800
vn -0.000000 -1.000000 0.000000
vt 0.078057 0.996178
vt 0.090431 0.006141
vt 0.214157 0.006141
vt 0.226528 0.996178
vt 0.276020 0.003821
vt 0.300763 0.993395
vt 0.605348 0.006605
vt 0.580603 0.996178
vt 0.518740 0.993859
vt 0.531113 0.003822
vt 0.395015 0.993859
vt 0.382642 0.003822
vt 0.827290 0.370269
vt 0.827290 0.493995
vt 0.720140 0.555858
vt 0.612991 0.493995
vt 0.612991 0.370269
vt 0.720140 0.308406
vt 0.333152 0.996178
vt 0.308406 0.006605
vt 0.003822 0.993395
vt 0.028568 0.003821
vt 0.870150 0.226528
vt 0.741570 0.300763
vt 0.612991 0.226528
vt 0.612991 0.078057
vt 0.741570 0.003821
vt 0.870150 0.078057
s 1
g FinBolt5_0.0_RD_Steel
usemtl RD_Steel
f 3083/2527/756 3077/2526/756 3074/2525/756
f 3080/2528/756 3083/2527/756 3074/2525/756
s 0
f 3090/2529/757 3084/2527/757 3081/2528/757
f 3087/2530/757 3090/2529/757 3081/2528/757
f 3095/2533/758 3089/2532/758 3086/2531/758
s 1
f 3092/2534/758 3095/2533/758 3086/2531/758
s 0
f 3101/2535/759 3096/2533/759 3093/2534/759
f 3098/2536/759 3101/2535/759 3093/2534/759
f 3076/2539/760 3082/2538/760 3088/2537/760
f 3100/2541/760 3106/2540/760 3076/2539/760
f 3088/2537/760 3094/2542/760 3100/2541/760
f 3088/2537/760 3100/2541/760 3076/2539/760
f 3108/2543/761 3102/2535/761 3099/2536/761
f 3105/2544/761 3108/2543/761 3099/2536/761
f 3078/2526/762 3107/2546/762 3104/2545/762
f 3075/2525/762 3078/2526/762 3104/2545/762
f 3079/2549/763 3073/2548/763 3103/2547/763
f 3091/2551/763 3085/2550/763 3079/2549/763
f 3103/2547/763 3097/2552/763 3091/2551/763
f 3103/2547/763 3091/2551/763 3079/2549/763
g FinBolt5_0.48_Mesh
v 0.570000 0.190000 0.468000
v 0.570000 0.190000 0.468000
v 0.570000 0.190000 0.468000
v 0.570000 0.270000 0.470000
v 0.570000 0.270000 0.470000
v 0.570000 0.270000 0.470000
v 0.580392 0.190000 0.474000
v 0.580392 0.190000 0.474000
v 0.580392 0.190000 0.474000
v 0.578660 0.270000 0.475000
v 0.578660 0.270000 0.475000
v 0.578660 0.270000 0.475000
v 0.580392 0.190000 0.486000
v 0.580392 0.190000 0.486000
v 0.580392 0.190000 0.486000
v 0.578660 0.270000 0.485000
v 0.578660 0.270000 0.485000
v 0.578660 0.270000 0.485000
v 0.570000 0.190000 0.492000
v 0.570000 0.190000 0.492000
v 0.570000 0.190000 0.492000
v 0.570000 0.270000 0.490000
v 0.570000 0.270000 0.490000
v 0.570000 0.270000 0.490000
v 0.559608 0.190000 0.486000
v 0.559608 0.190000 0.486000
v 0.559608 0.190000 0.486000
v 0.561340 0.270000 0.485000
v 0.561340 0.270000 0.485000
v 0.561340 0.270000 0.485000
v 0.559608 0.190000 0.474000
v 0.559608 0.190000 0.474000
v 0.559608 0.190000 0.474000
v 0.561340 0.270000 0.475000
v 0.561340 0.270000 0.475000
v 0.561340 0.270000 0.475000
vn 0.499900 0.021600 -0.865800
vn 0.999800 0.021600 0.000000
vn 0.499900 0.021600 0.865800
vn -0.499900 0.021600 0.865800
vn -0.000000 1.000000 0.000000
vn -0.999800 0.021600 0.000000
vn -0.499900 0.021600 -0.865800
vn -0.000000 -1.000000 0.000000
vt 0.078056 0.996179
vt 0.090428 0.006141
vt 0.214153 0.006141
vt 0.226528 0.996179
vt 0.276016 0.003822
vt 0.300763 0.993395
vt 0.605349 0.006605
vt 0.580602 0.996179
vt 0.518739 0.993859
vt 0.531113 0.003822
vt 0.395014 0.993859
vt 0.382642 0.003822
vt 0.827291 0.370268
vt 0.827291 0.493994
vt 0.720142 0.555857
vt 0.612992 0.493994
vt 0.612992 0.370268
vt 0.720142 0.308406
vt 0.333151 0.996179
vt 0.308407 0.006605
vt 0.003821 0.993396
vt 0.028565 0.003822
vt 0.870151 0.226528
vt 0.741571 0.300763
vt 0.612992 0.226528
vt 0.612992 0.078057
vt 0.741571 0.003822
vt 0.870151 0.078057
s 0
g FinBolt5_0.48_RD_Steel
usemtl RD_Steel
f 3119/2555/764 3113/2554/764 3110/2553/764
f 3116/2556/764 3119/2555/764 3110/2553/764
f 3126/2557/765 3120/2555/765 3117/2556/765
f 3123/2558/765 3126/2557/765 3117/2556/765
s 1
f 3131/2561/766 3125/2560/766 3122/2559/766
f 3128/2562/766 3131/2561/766 3122/2559/766
s 0
f 3137/2563/767 3132/2561/767 3129/2562/767
f 3134/2564/767 3137/2563/767 3129/2562/767
f 3112/2567/768 3118/2566/768 3124/2565/768
f 3136/2569/768 3142/2568/768 3112/2567/768
f 3124/2565/768 3130/2570/768 3136/2569/768
f 3124/2565/768 3136/2569/768 3112/2567/768
f 3144/2571/769 3138/2563/769 3135/2564/769
f 3141/2572/769 3144/2571/769 3135/2564/769
f 3114/2554/770 3143/2574/770 3140/2573/770
s 1
f 3111/2553/770 3114/2554/770 3140/2573/770
s 0
f 3115/2577/771 3109/2576/771 3139/2575/771
f 3127/2579/771 3121/2578/771 3115/2577/771
f 3139/2575/771 3133/2580/771 3127/2579/771
f 3139/2575/771 3127/2579/771 3115/2577/771
g FinBolt6_-0.48_Mesh
v 0.950000 0.190000 -0.492000
v 0.950000 0.190000 -0.492000
v 0.950000 0.190000 -0.492000
v 0.950000 0.270000 -0.490000
v 0.950000 0.270000 -0.490000
v 0.950000 0.270000 -0.490000
v 0.960392 0.190000 -0.486000
v 0.960392 0.190000 -0.486000
v 0.960392 0.190000 -0.486000
v 0.958660 0.270000 -0.485000
v 0.958660 0.270000 -0.485000
v 0.958660 0.270000 -0.485000
v 0.960392 0.190000 -0.474000
v 0.960392 0.190000 -0.474000
v 0.960392 0.190000 -0.474000
v 0.958660 0.270000 -0.475000
v 0.958660 0.270000 -0.475000
v 0.958660 0.270000 -0.475000
v 0.950000 0.190000 -0.468000
v 0.950000 0.190000 -0.468000
v 0.950000 0.190000 -0.468000
v 0.950000 0.270000 -0.470000
v 0.950000 0.270000 -0.470000
v 0.950000 0.270000 -0.470000
v 0.939608 0.190000 -0.474000
v 0.939608 0.190000 -0.474000
v 0.939608 0.190000 -0.474000
v 0.941340 0.270000 -0.475000
v 0.941340 0.270000 -0.475000
v 0.941340 0.270000 -0.475000
v 0.939608 0.190000 -0.486000
v 0.939608 0.190000 -0.486000
v 0.939608 0.190000 -0.486000
v 0.941340 0.270000 -0.485000
v 0.941340 0.270000 -0.485000
v 0.941340 0.270000 -0.485000
vn 0.499900 0.021600 -0.865800
vn 0.999800 0.021600 0.000000
vn 0.499900 0.021600 0.865800
vn -0.499900 0.021600 0.865800
vn -0.000000 1.000000 0.000000
vn -0.999800 0.021600 0.000000
vn -0.499900 0.021600 -0.865800
vn -0.000000 -1.000000 0.000000
vt 0.382643 0.996178
vt 0.395015 0.006141
vt 0.518740 0.006141
vt 0.531113 0.996178
vt 0.580603 0.003821
vt 0.605348 0.993395
vt 0.300764 0.006605
vt 0.276020 0.996178
vt 0.214157 0.993859
vt 0.226528 0.003821
vt 0.090431 0.993859
vt 0.078057 0.003822
vt 0.827290 0.493994
vt 0.720141 0.555857
vt 0.612991 0.493994
vt 0.612991 0.370268
vt 0.720141 0.308406
vt 0.827290 0.370268
vt 0.028569 0.996178
vt 0.003822 0.006605
vt 0.308406 0.993395
vt 0.333152 0.003822
vt 0.870150 0.226528
vt 0.741571 0.300763
vt 0.612991 0.226528
vt 0.612991 0.078057
vt 0.741571 0.003822
vt 0.870150 0.078057
s 0
g FinBolt6_-0.48_RD_Steel
usemtl RD_Steel
f 3155/2583/772 3149/2582/772 3146/2581/772
f 3152/2584/772 3155/2583/772 3146/2581/772
f 3162/2585/773 3156/2583/773 3153/2584/773
f 3159/2586/773 3162/2585/773 3153/2584/773
s 1
f 3167/2589/774 3161/2588/774 3158/2587/774
f 3164/2590/774 3167/2589/774 3158/2587/774
s 0
f 3173/2591/775 3168/2589/775 3165/2590/775
f 3170/2592/775 3173/2591/775 3165/2590/775
f 3148/2595/776 3154/2594/776 3160/2593/776
f 3172/2597/776 3178/2596/776 3148/2595/776
f 3160/2593/776 3166/2598/776 3172/2597/776
f 3160/2593/776 3172/2597/776 3148/2595/776
f 3180/2599/777 3174/2591/777 3171/2592/777
f 3177/2600/777 3180/2599/777 3171/2592/777
s 1
f 3150/2582/778 3179/2602/778 3176/2601/778
f 3147/2581/778 3150/2582/778 3176/2601/778
s 0
f 3151/2605/779 3145/2604/779 3175/2603/779
f 3163/2607/779 3157/2606/779 3151/2605/779
f 3175/2603/779 3169/2608/779 3163/2607/779
f 3175/2603/779 3163/2607/779 3151/2605/779
g FinBolt6_0.0_Mesh
v 0.950000 0.190000 -0.012000
v 0.950000 0.190000 -0.012000
v 0.950000 0.190000 -0.012000
v 0.950000 0.270000 -0.010000
v 0.950000 0.270000 -0.010000
v 0.950000 0.270000 -0.010000
v 0.960392 0.190000 -0.006000
v 0.960392 0.190000 -0.006000
v 0.960392 0.190000 -0.006000
v 0.958660 0.270000 -0.005000
v 0.958660 0.270000 -0.005000
v 0.958660 0.270000 -0.005000
v 0.960392 0.190000 0.006000
v 0.960392 0.190000 0.006000
v 0.960392 0.190000 0.006000
v 0.958660 0.270000 0.005000
v 0.958660 0.270000 0.005000
v 0.958660 0.270000 0.005000
v 0.950000 0.190000 0.012000
v 0.950000 0.190000 0.012000
v 0.950000 0.190000 0.012000
v 0.950000 0.270000 0.010000
v 0.950000 0.270000 0.010000
v 0.950000 0.270000 0.010000
v 0.939608 0.190000 0.006000
v 0.939608 0.190000 0.006000
v 0.939608 0.190000 0.006000
v 0.941340 0.270000 0.005000
v 0.941340 0.270000 0.005000
v 0.941340 0.270000 0.005000
v 0.939608 0.190000 -0.006000
v 0.939608 0.190000 -0.006000
v 0.939608 0.190000 -0.006000
v 0.941340 0.270000 -0.005000
v 0.941340 0.270000 -0.005000
v 0.941340 0.270000 -0.005000
vn 0.499900 0.021600 -0.865800
vn 0.999800 0.021600 0.000000
vn 0.499900 0.021600 0.865800
vn -0.499900 0.021600 0.865800
vn -0.000000 1.000000 0.000000
vn -0.999800 0.021600 0.000000
vn -0.499900 0.021600 -0.865800
vn -0.000000 -1.000000 0.000000
vt 0.382641 0.996178
vt 0.395013 0.006141
vt 0.518739 0.006141
vt 0.531111 0.996178
vt 0.580602 0.003822
vt 0.605347 0.993395
vt 0.300763 0.006604
vt 0.276019 0.996178
vt 0.214156 0.993859
vt 0.226528 0.003821
vt 0.090431 0.993859
vt 0.078057 0.003821
vt 0.827288 0.493994
vt 0.720138 0.555857
vt 0.612989 0.493994
vt 0.612989 0.370268
vt 0.720138 0.308405
vt 0.827288 0.370268
vt 0.028568 0.996178
vt 0.003822 0.006605
vt 0.308405 0.993395
vt 0.333150 0.003822
vt 0.870148 0.226528
vt 0.741568 0.300763
vt 0.612988 0.226528
vt 0.612988 0.078057
vt 0.741568 0.003821
vt 0.870148 0.078057
s 1
g FinBolt6_0.0_RD_Steel
usemtl RD_Steel
f 3191/2611/780 3185/2610/780 3182/2609/780
f 3188/2612/780 3191/2611/780 3182/2609/780
s 0
f 3198/2613/781 3192/2611/781 3189/2612/781
f 3195/2614/781 3198/2613/781 3189/2612/781
f 3203/2617/782 3197/2616/782 3194/2615/782
s 1
f 3200/2618/782 3203/2617/782 3194/2615/782
f 3209/2619/783 3204/2617/783 3201/2618/783
s 0
f 3206/2620/783 3209/2619/783 3201/2618/783
f 3184/2623/784 3190/2622/784 3196/2621/784
f 3208/2625/784 3214/2624/784 3184/2623/784
f 3196/2621/784 3202/2626/784 3208/2625/784
f 3196/2621/784 3208/2625/784 3184/2623/784
f 3216/2627/785 3210/2619/785 3207/2620/785
f 3213/2628/785 3216/2627/785 3207/2620/785
f 3186/2610/786 3215/2630/786 3212/2629/786
f 3183/2609/786 3186/2610/786 3212/2629/786
f 3187/2633/787 3181/2632/787 3211/2631/787
f 3199/2635/787 3193/2634/787 3187/2633/787
f 3211/2631/787 3205/2636/787 3199/2635/787
f 3211/2631/787 3199/2635/787 3187/2633/787
g FinBolt6_0.48_Mesh
v 0.950000 0.190000 0.468000
v 0.950000 0.190000 0.468000
v 0.950000 0.190000 0.468000
v 0.950000 0.270000 0.470000
v 0.950000 0.270000 0.470000
v 0.950000 0.270000 0.470000
v 0.960392 0.190000 0.474000
v 0.960392 0.190000 0.474000
v 0.960392 0.190000 0.474000
v 0.958660 0.270000 0.475000
v 0.958660 0.270000 0.475000
v 0.958660 0.270000 0.475000
v 0.960392 0.190000 0.486000
v 0.960392 0.190000 0.486000
v 0.960392 0.190000 0.486000
v 0.958660 0.270000 0.485000
v 0.958660 0.270000 0.485000
v 0.958660 0.270000 0.485000
v 0.950000 0.190000 0.492000
v 0.950000 0.190000 0.492000
v 0.950000 0.190000 0.492000
v 0.950000 0.270000 0.490000
v 0.950000 0.270000 0.490000
v 0.950000 0.270000 0.490000
v 0.939608 0.190000 0.486000
v 0.939608 0.190000 0.486000
v 0.939608 0.190000 0.486000
v 0.941340 0.270000 0.485000
v 0.941340 0.270000 0.485000
v 0.941340 0.270000 0.485000
v 0.939608 0.190000 0.474000
v 0.939608 0.190000 0.474000
v 0.939608 0.190000 0.474000
v 0.941340 0.270000 0.475000
v 0.941340 0.270000 0.475000
v 0.941340 0.270000 0.475000
vn 0.499900 0.021600 -0.865800
vn 0.999800 0.021600 0.000000
vn 0.499900 0.021600 0.865800
vn -0.499900 0.021600 0.865800
vn -0.000000 1.000000 0.000000
vn -0.999800 0.021600 0.000000
vn -0.499900 0.021600 -0.865800
vn -0.000000 -1.000000 0.000000
vt 0.382643 0.996178
vt 0.395016 0.006141
vt 0.518743 0.006141
vt 0.531115 0.996178
vt 0.580605 0.003822
vt 0.605350 0.993395
vt 0.300764 0.006605
vt 0.276019 0.996178
vt 0.214156 0.993859
vt 0.226528 0.003822
vt 0.090431 0.993859
vt 0.078056 0.003822
vt 0.827291 0.493993
vt 0.720142 0.555856
vt 0.612993 0.493993
vt 0.612993 0.370267
vt 0.720142 0.308405
vt 0.827291 0.370268
vt 0.028569 0.996178
vt 0.003821 0.006605
vt 0.308407 0.993395
vt 0.333154 0.003822
vt 0.870152 0.226528
vt 0.741572 0.300763
vt 0.612993 0.226528
vt 0.612993 0.078057
vt 0.741572 0.003822
vt 0.870152 0.078057
s 0
g FinBolt6_0.48_RD_Steel
usemtl RD_Steel
f 3227/2639/788 3221/2638/788 3218/2637/788
f 3224/2640/788 3227/2639/788 3218/2637/788
f 3234/2641/789 3228/2639/789 3225/2640/789
f 3231/2642/789 3234/2641/789 3225/2640/789
s 1
f 3239/2645/790 3233/2644/790 3230/2643/790
f 3236/2646/790 3239/2645/790 3230/2643/790
s 0
f 3245/2647/791 3240/2645/791 3237/2646/791
f 3242/2648/791 3245/2647/791 3237/2646/791
f 3220/2651/792 3226/2650/792 3232/2649/792
f 3244/2653/792 3250/2652/792 3220/2651/792
f 3232/2649/792 3238/2654/792 3244/2653/792
f 3232/2649/792 3244/2653/792 3220/2651/792
f 3252/2655/793 3246/2647/793 3243/2648/793
f 3249/2656/793 3252/2655/793 3243/2648/793
s 1
f 3222/2638/794 3251/2658/794 3248/2657/794
f 3219/2637/794 3222/2638/794 3248/2657/794
s 0
f 3223/2661/795 3217/2660/795 3247/2659/795
f 3235/2663/795 3229/2662/795 3223/2661/795
f 3247/2659/795 3241/2664/795 3235/2663/795
f 3247/2659/795 3235/2663/795 3223/2661/795
g FinBolt7_-0.48_Mesh
v 1.330000 0.190000 -0.492000
v 1.330000 0.190000 -0.492000
v 1.330000 0.190000 -0.492000
v 1.330000 0.270000 -0.490000
v 1.330000 0.270000 -0.490000
v 1.330000 0.270000 -0.490000
v 1.340392 0.190000 -0.486000
v 1.340392 0.190000 -0.486000
v 1.340392 0.190000 -0.486000
v 1.338660 0.270000 -0.485000
v 1.338660 0.270000 -0.485000
v 1.338660 0.270000 -0.485000
v 1.340392 0.190000 -0.474000
v 1.340392 0.190000 -0.474000
v 1.340392 0.190000 -0.474000
v 1.338660 0.270000 -0.475000
v 1.338660 0.270000 -0.475000
v 1.338660 0.270000 -0.475000
v 1.330000 0.190000 -0.468000
v 1.330000 0.190000 -0.468000
v 1.330000 0.190000 -0.468000
v 1.330000 0.270000 -0.470000
v 1.330000 0.270000 -0.470000
v 1.330000 0.270000 -0.470000
v 1.319608 0.190000 -0.474000
v 1.319608 0.190000 -0.474000
v 1.319608 0.190000 -0.474000
v 1.321340 0.270000 -0.475000
v 1.321340 0.270000 -0.475000
v 1.321340 0.270000 -0.475000
v 1.319608 0.190000 -0.486000
v 1.319608 0.190000 -0.486000
v 1.319608 0.190000 -0.486000
v 1.321340 0.270000 -0.485000
v 1.321340 0.270000 -0.485000
v 1.321340 0.270000 -0.485000
vn 0.499900 0.021600 -0.865800
vn 0.999800 0.021600 0.000000
vn 0.499900 0.021600 0.865800
vn -0.499900 0.021600 0.865800
vn -0.000000 1.000000 0.000000
vn -0.999800 0.021600 0.000000
vn -0.499900 0.021600 -0.865800
vn -0.000000 -1.000000 0.000000
vt 0.078056 0.996178
vt 0.090427 0.006141
vt 0.214152 0.006141
vt 0.226526 0.996178
vt 0.276015 0.003821
vt 0.300762 0.993395
vt 0.605346 0.006605
vt 0.580603 0.996179
vt 0.518740 0.993859
vt 0.531111 0.003822
vt 0.395015 0.993859
vt 0.382640 0.003822
vt 0.827287 0.370269
vt 0.827287 0.493994
vt 0.720138 0.555857
vt 0.612989 0.493994
vt 0.612989 0.370269
vt 0.720138 0.308406
vt 0.333153 0.996179
vt 0.308405 0.006605
vt 0.003820 0.993395
vt 0.028565 0.003821
vt 0.741569 0.300764
vt 0.612990 0.226528
vt 0.612990 0.078058
vt 0.741570 0.003822
vt 0.870149 0.078058
vt 0.870149 0.226529
s 0
g FinBolt7_-0.48_RD_Steel
usemtl RD_Steel
f 3263/2667/796 3257/2666/796 3254/2665/796
f 3260/2668/796 3263/2667/796 3254/2665/796
f 3270/2669/797 3264/2667/797 3261/2668/797
f 3267/2670/797 3270/2669/797 3261/2668/797
s 1
f 3275/2673/798 3269/2672/798 3266/2671/798
s 0
f 3272/2674/798 3275/2673/798 3266/2671/798
s 1
f 3281/2675/799 3276/2673/799 3273/2674/799
s 0
f 3278/2676/799 3281/2675/799 3273/2674/799
f 3256/2679/800 3262/2678/800 3268/2677/800
f 3280/2681/800 3286/2680/800 3256/2679/800
f 3268/2677/800 3274/2682/800 3280/2681/800
f 3268/2677/800 3280/2681/800 3256/2679/800
f 3288/2683/801 3282/2675/801 3279/2676/801
f 3285/2684/801 3288/2683/801 3279/2676/801
f 3258/2666/802 3287/2686/802 3284/2685/802
f 3255/2665/802 3258/2666/802 3284/2685/802
f 3259/2689/803 3253/2688/803 3283/2687/803
f 3271/2691/803 3265/2690/803 3259/2689/803
f 3283/2687/803 3277/2692/803 3271/2691/803
f 3283/2687/803 3271/2691/803 3259/2689/803
g FinBolt7_0.0_Mesh
v 1.330000 0.190000 -0.012000
v 1.330000 0.190000 -0.012000
v 1.330000 0.190000 -0.012000
v 1.330000 0.270000 -0.010000
v 1.330000 0.270000 -0.010000
v 1.330000 0.270000 -0.010000
v 1.340392 0.190000 -0.006000
v 1.340392 0.190000 -0.006000
v 1.340392 0.190000 -0.006000
v 1.338660 0.270000 -0.005000
v 1.338660 0.270000 -0.005000
v 1.338660 0.270000 -0.005000
v 1.340392 0.190000 0.006000
v 1.340392 0.190000 0.006000
v 1.340392 0.190000 0.006000
v 1.338660 0.270000 0.005000
v 1.338660 0.270000 0.005000
v 1.338660 0.270000 0.005000
v 1.330000 0.190000 0.012000
v 1.330000 0.190000 0.012000
v 1.330000 0.190000 0.012000
v 1.330000 0.270000 0.010000
v 1.330000 0.270000 0.010000
v 1.330000 0.270000 0.010000
v 1.319608 0.190000 0.006000
v 1.319608 0.190000 0.006000
v 1.319608 0.190000 0.006000
v 1.321340 0.270000 0.005000
v 1.321340 0.270000 0.005000
v 1.321340 0.270000 0.005000
v 1.319608 0.190000 -0.006000
v 1.319608 0.190000 -0.006000
v 1.319608 0.190000 -0.006000
v 1.321340 0.270000 -0.005000
v 1.321340 0.270000 -0.005000
v 1.321340 0.270000 -0.005000
vn 0.499900 0.021600 -0.865800
vn 0.999800 0.021600 0.000000
vn 0.499900 0.021600 0.865800
vn -0.499900 0.021600 0.865800
vn -0.000000 1.000000 0.000000
vn -0.999800 0.021600 0.000000
vn -0.499900 0.021600 -0.865800
vn -0.000000 -1.000000 0.000000
vt 0.308406 0.993395
vt 0.333151 0.003821
vt 0.395014 0.006141
vt 0.382642 0.996178
vt 0.518740 0.006141
vt 0.531112 0.996178
vt 0.580603 0.003821
vt 0.605348 0.993395
vt 0.300763 0.006605
vt 0.276018 0.996179
vt 0.214155 0.993859
vt 0.226528 0.003822
vt 0.827288 0.370269
vt 0.827288 0.493994
vt 0.720139 0.555857
vt 0.612990 0.493994
vt 0.612990 0.370269
vt 0.720139 0.308406
vt 0.090430 0.993859
vt 0.078057 0.003822
vt 0.028567 0.996179
vt 0.003821 0.006605
vt 0.870150 0.226528
vt 0.741570 0.300763
vt 0.612990 0.226528
vt 0.612990 0.078057
vt 0.741570 0.003821
vt 0.870150 0.078057
s 1
g FinBolt7_0.0_RD_Steel
usemtl RD_Steel
f 3299/2695/804 3293/2694/804 3290/2693/804
s 0
f 3296/2696/804 3299/2695/804 3290/2693/804
f 3306/2697/805 3300/2695/805 3297/2696/805
f 3303/2698/805 3306/2697/805 3297/2696/805
f 3311/2699/806 3305/2697/806 3302/2698/806
f 3308/2700/806 3311/2699/806 3302/2698/806
f 3317/2703/807 3312/2702/807 3309/2701/807
f 3314/2704/807 3317/2703/807 3309/2701/807
f 3292/2707/808 3298/2706/808 3304/2705/808
f 3316/2709/808 3322/2708/808 3292/2707/808
f 3304/2705/808 3310/2710/808 3316/2709/808
f 3304/2705/808 3316/2709/808 3292/2707/808
f 3324/2711/809 3318/2703/809 3315/2704/809
f 3321/2712/809 3324/2711/809 3315/2704/809
f 3294/2713/810 3323/2711/810 3320/2712/810
f 3291/2714/810 3294/2713/810 3320/2712/810
f 3295/2717/811 3289/2716/811 3319/2715/811
f 3307/2719/811 3301/2718/811 3295/2717/811
f 3319/2715/811 3313/2720/811 3307/2719/811
f 3319/2715/811 3307/2719/811 3295/2717/811
g FinBolt7_0.48_Mesh
v 1.330000 0.190000 0.468000
v 1.330000 0.190000 0.468000
v 1.330000 0.190000 0.468000
v 1.330000 0.270000 0.470000
v 1.330000 0.270000 0.470000
v 1.330000 0.270000 0.470000
v 1.340392 0.190000 0.474000
v 1.340392 0.190000 0.474000
v 1.340392 0.190000 0.474000
v 1.338660 0.270000 0.475000
v 1.338660 0.270000 0.475000
v 1.338660 0.270000 0.475000
v 1.340392 0.190000 0.486000
v 1.340392 0.190000 0.486000
v 1.340392 0.190000 0.486000
v 1.338660 0.270000 0.485000
v 1.338660 0.270000 0.485000
v 1.338660 0.270000 0.485000
v 1.330000 0.190000 0.492000
v 1.330000 0.190000 0.492000
v 1.330000 0.190000 0.492000
v 1.330000 0.270000 0.490000
v 1.330000 0.270000 0.490000
v 1.330000 0.270000 0.490000
v 1.319608 0.190000 0.486000
v 1.319608 0.190000 0.486000
v 1.319608 0.190000 0.486000
v 1.321340 0.270000 0.485000
v 1.321340 0.270000 0.485000
v 1.321340 0.270000 0.485000
v 1.319608 0.190000 0.474000
v 1.319608 0.190000 0.474000
v 1.319608 0.190000 0.474000
v 1.321340 0.270000 0.475000
v 1.321340 0.270000 0.475000
v 1.321340 0.270000 0.475000
vn 0.499900 0.021600 -0.865800
vn 0.999800 0.021600 0.000000
vn 0.499900 0.021600 0.865800
vn -0.499900 0.021600 0.865800
vn -0.000000 1.000000 0.000000
vn -0.999800 0.021600 0.000000
vn -0.499900 0.021600 -0.865800
vn -0.000000 -1.000000 0.000000
vt 0.382642 0.996178
vt 0.395013 0.006141
vt 0.518738 0.006141
vt 0.531112 0.996178
vt 0.580602 0.003822
vt 0.605347 0.993395
vt 0.300762 0.006605
vt 0.276019 0.996178
vt 0.214156 0.993859
vt 0.226528 0.003822
vt 0.090432 0.993859
vt 0.078056 0.003822
vt 0.827286 0.370268
vt 0.827286 0.493994
vt 0.720138 0.555857
vt 0.612989 0.493994
vt 0.612989 0.370268
vt 0.720138 0.308406
vt 0.028569 0.996178
vt 0.003821 0.006605
vt 0.308406 0.993395
vt 0.333151 0.003822
vt 0.870148 0.226528
vt 0.741568 0.300763
vt 0.612989 0.226528
vt 0.612989 0.078057
vt 0.741568 0.003822
vt 0.870148 0.078057
s 0
g FinBolt7_0.48_RD_Steel
usemtl RD_Steel
f 3335/2723/812 3329/2722/812 3326/2721/812
f 3332/2724/812 3335/2723/812 3326/2721/812
f 3342/2725/813 3336/2723/813 3333/2724/813
f 3339/2726/813 3342/2725/813 3333/2724/813
f 3347/2729/814 3341/2728/814 3338/2727/814
f 3344/2730/814 3347/2729/814 3338/2727/814
s 1
f 3353/2731/815 3348/2729/815 3345/2730/815
s 0
f 3350/2732/815 3353/2731/815 3345/2730/815
f 3328/2735/816 3334/2734/816 3340/2733/816
f 3352/2737/816 3358/2736/816 3328/2735/816
f 3340/2733/816 3346/2738/816 3352/2737/816
f 3340/2733/816 3352/2737/816 3328/2735/816
f 3360/2739/817 3354/2731/817 3351/2732/817
f 3357/2740/817 3360/2739/817 3351/2732/817
s 1
f 3330/2722/818 3359/2742/818 3356/2741/818
s 0
f 3327/2721/818 3330/2722/818 3356/2741/818
f 3331/2745/819 3325/2744/819 3355/2743/819
f 3343/2747/819 3337/2746/819 3331/2745/819
f 3355/2743/819 3349/2748/819 3343/2747/819
f 3355/2743/819 3343/2747/819 3331/2745/819
g FinFlange0_Mesh
v -1.460000 0.180000 -0.582200
v -1.460000 0.180000 -0.582200
v -1.460000 0.180000 -0.582200
v -1.460000 0.180000 0.582200
v -1.460000 0.180000 0.582200
v -1.460000 0.180000 0.582200
v -1.460000 0.250000 -0.582200
v -1.460000 0.250000 -0.582200
v -1.460000 0.250000 -0.582200
v -1.460000 0.250000 0.582200
v -1.460000 0.250000 0.582200
v -1.460000 0.250000 0.582200
v -1.200000 0.180000 -0.582200
v -1.200000 0.180000 -0.582200
v -1.200000 0.180000 -0.582200
v -1.200000 0.180000 0.582200
v -1.200000 0.180000 0.582200
v -1.200000 0.180000 0.582200
v -1.200000 0.250000 -0.582200
v -1.200000 0.250000 -0.582200
v -1.200000 0.250000 -0.582200
v -1.200000 0.250000 0.582200
v -1.200000 0.250000 0.582200
v -1.200000 0.250000 0.582200
vn -1.000000 -0.000000 0.000000
vn -0.000000 1.000000 0.000000
vn 1.000000 -0.000000 0.000000
vn -0.000000 -1.000000 0.000000
vn -0.000000 -0.000000 -1.000000
vn -0.000000 -0.000000 1.000000
vt 0.572000 0.267120
vt 0.572000 0.732880
vt 0.600000 0.732880
vt 0.600000 0.267120
vt -0.084000 0.267120
vt -0.084000 0.732880
vt 0.020000 0.732880
vt 0.020000 0.267120
vt -0.084000 0.600000
vt 0.020000 0.600000
vt 0.020000 0.572000
vt -0.084000 0.572000
s 0
g FinFlange0_RD_Steel
usemtl RD_Steel
f 3372/2751/820 3366/2750/820 3363/2749/820
f 3369/2752/820 3372/2751/820 3363/2749/820
f 3383/2755/821 3371/2754/821 3368/2753/821
f 3380/2756/821 3383/2755/821 3368/2753/821
f 3378/2750/822 3384/2751/822 3381/2752/822
f 3375/2749/822 3378/2750/822 3381/2752/822
f 3365/2754/823 3377/2755/823 3374/2756/823
f 3362/2753/823 3365/2754/823 3374/2756/823
f 3373/2759/824 3379/2758/824 3367/2757/824
f 3361/2760/824 3373/2759/824 3367/2757/824
f 3364/2760/825 3370/2757/825 3382/2758/825
f 3376/2759/825 3364/2760/825 3382/2758/825
g FinFlange1_Mesh
v -1.080000 0.180000 -0.582200
v -1.080000 0.180000 -0.582200
v -1.080000 0.180000 -0.582200
v -1.080000 0.180000 0.582200
v -1.080000 0.180000 0.582200
v -1.080000 0.180000 0.582200
v -1.080000 0.250000 -0.582200
v -1.080000 0.250000 -0.582200
v -1.080000 0.250000 -0.582200
v -1.080000 0.250000 0.582200
v -1.080000 0.250000 0.582200
v -1.080000 0.250000 0.582200
v -0.820000 0.180000 -0.582200
v -0.820000 0.180000 -0.582200
v -0.820000 0.180000 -0.582200
v -0.820000 0.180000 0.582200
v -0.820000 0.180000 0.582200
v -0.820000 0.180000 0.582200
v -0.820000 0.250000 -0.582200
v -0.820000 0.250000 -0.582200
v -0.820000 0.250000 -0.582200
v -0.820000 0.250000 0.582200
v -0.820000 0.250000 0.582200
v -0.820000 0.250000 0.582200
vn -1.000000 -0.000000 0.000000
vn -0.000000 1.000000 0.000000
vn 1.000000 -0.000000 0.000000
vn -0.000000 -1.000000 0.000000
vn -0.000000 -0.000000 -1.000000
vn -0.000000 -0.000000 1.000000
vt 0.572000 0.267120
vt 0.572000 0.732880
vt 0.600000 0.732880
vt 0.600000 0.267120
vt 0.068000 0.267120
vt 0.068000 0.732880
vt 0.172000 0.732880
vt 0.172000 0.267120
vt 0.068000 0.600000
vt 0.172000 0.600000
vt 0.172000 0.572000
vt 0.068000 0.572000
s 0
g FinFlange1_RD_Steel
usemtl RD_Steel
f 3396/2763/826 3390/2762/826 3387/2761/826
f 3393/2764/826 3396/2763/826 3387/2761/826
f 3407/2767/827 3395/2766/827 3392/2765/827
f 3404/2768/827 3407/2767/827 3392/2765/827
f 3402/2762/828 3408/2763/828 3405/2764/828
f 3399/2761/828 3402/2762/828 3405/2764/828
f 3389/2766/829 3401/2767/829 3398/2768/829
f 3386/2765/829 3389/2766/829 3398/2768/829
f 3397/2771/830 3403/2770/830 3391/2769/830
f 3385/2772/830 3397/2771/830 3391/2769/830
f 3388/2772/831 3394/2769/831 3406/2770/831
f 3400/2771/831 3388/2772/831 3406/2770/831
g FinFlange2_Mesh
v -0.700000 0.180000 -0.582200
v -0.700000 0.180000 -0.582200
v -0.700000 0.180000 -0.582200
v -0.700000 0.180000 0.582200
v -0.700000 0.180000 0.582200
v -0.700000 0.180000 0.582200
v -0.700000 0.250000 -0.582200
v -0.700000 0.250000 -0.582200
v -0.700000 0.250000 -0.582200
v -0.700000 0.250000 0.582200
v -0.700000 0.250000 0.582200
v -0.700000 0.250000 0.582200
v -0.440000 0.180000 -0.582200
v -0.440000 0.180000 -0.582200
v -0.440000 0.180000 -0.582200
v -0.440000 0.180000 0.582200
v -0.440000 0.180000 0.582200
v -0.440000 0.180000 0.582200
v -0.440000 0.250000 -0.582200
v -0.440000 0.250000 -0.582200
v -0.440000 0.250000 -0.582200
v -0.440000 0.250000 0.582200
v -0.440000 0.250000 0.582200
v -0.440000 0.250000 0.582200
vn -1.000000 -0.000000 0.000000
vn -0.000000 1.000000 0.000000
vn 1.000000 -0.000000 0.000000
vn -0.000000 -1.000000 0.000000
vn -0.000000 -0.000000 -1.000000
vn -0.000000 -0.000000 1.000000
vt 0.572000 0.267120
vt 0.572000 0.732880
vt 0.600000 0.732880
vt 0.600000 0.267120
vt 0.220000 0.267120
vt 0.220000 0.732880
vt 0.324000 0.732880
vt 0.324000 0.267120
vt 0.220000 0.600000
vt 0.324000 0.600000
vt 0.324000 0.572000
vt 0.220000 0.572000
s 0
g FinFlange2_RD_Steel
usemtl RD_Steel
f 3420/2775/832 3414/2774/832 3411/2773/832
f 3417/2776/832 3420/2775/832 3411/2773/832
f 3431/2779/833 3419/2778/833 3416/2777/833
f 3428/2780/833 3431/2779/833 3416/2777/833
f 3426/2774/834 3432/2775/834 3429/2776/834
f 3423/2773/834 3426/2774/834 3429/2776/834
f 3413/2778/835 3425/2779/835 3422/2780/835
f 3410/2777/835 3413/2778/835 3422/2780/835
f 3421/2783/836 3427/2782/836 3415/2781/836
f 3409/2784/836 3421/2783/836 3415/2781/836
f 3412/2784/837 3418/2781/837 3430/2782/837
f 3424/2783/837 3412/2784/837 3430/2782/837
g FinFlange3_Mesh
v -0.320000 0.180000 -0.582200
v -0.320000 0.180000 -0.582200
v -0.320000 0.180000 -0.582200
v -0.320000 0.180000 0.582200
v -0.320000 0.180000 0.582200
v -0.320000 0.180000 0.582200
v -0.320000 0.250000 -0.582200
v -0.320000 0.250000 -0.582200
v -0.320000 0.250000 -0.582200
v -0.320000 0.250000 0.582200
v -0.320000 0.250000 0.582200
v -0.320000 0.250000 0.582200
v -0.060000 0.180000 -0.582200
v -0.060000 0.180000 -0.582200
v -0.060000 0.180000 -0.582200
v -0.060000 0.180000 0.582200
v -0.060000 0.180000 0.582200
v -0.060000 0.180000 0.582200
v -0.060000 0.250000 -0.582200
v -0.060000 0.250000 -0.582200
v -0.060000 0.250000 -0.582200
v -0.060000 0.250000 0.582200
v -0.060000 0.250000 0.582200
v -0.060000 0.250000 0.582200
vn -1.000000 -0.000000 0.000000
vn -0.000000 1.000000 0.000000
vn 1.000000 -0.000000 0.000000
vn -0.000000 -1.000000 0.000000
vn -0.000000 -0.000000 -1.000000
vn -0.000000 -0.000000 1.000000
vt 0.572000 0.267120
vt 0.572000 0.732880
vt 0.600000 0.732880
vt 0.600000 0.267120
vt 0.372000 0.267120
vt 0.372000 0.732880
vt 0.476000 0.732880
vt 0.476000 0.267120
vt 0.372000 0.600000
vt 0.476000 0.600000
vt 0.476000 0.572000
vt 0.372000 0.572000
s 0
g FinFlange3_RD_Steel
usemtl RD_Steel
f 3444/2787/838 3438/2786/838 3435/2785/838
f 3441/2788/838 3444/2787/838 3435/2785/838
f 3455/2791/839 3443/2790/839 3440/2789/839
f 3452/2792/839 3455/2791/839 3440/2789/839
f 3450/2786/840 3456/2787/840 3453/2788/840
f 3447/2785/840 3450/2786/840 3453/2788/840
f 3437/2790/841 3449/2791/841 3446/2792/841
f 3434/2789/841 3437/2790/841 3446/2792/841
f 3445/2795/842 3451/2794/842 3439/2793/842
f 3433/2796/842 3445/2795/842 3439/2793/842
f 3436/2796/843 3442/2793/843 3454/2794/843
f 3448/2795/843 3436/2796/843 3454/2794/843
g FinFlange4_Mesh
v 0.060000 0.180000 -0.582200
v 0.060000 0.180000 -0.582200
v 0.060000 0.180000 -0.582200
v 0.060000 0.180000 0.582200
v 0.060000 0.180000 0.582200
v 0.060000 0.180000 0.582200
v 0.060000 0.250000 -0.582200
v 0.060000 0.250000 -0.582200
v 0.060000 0.250000 -0.582200
v 0.060000 0.250000 0.582200
v 0.060000 0.250000 0.582200
v 0.060000 0.250000 0.582200
v 0.320000 0.180000 -0.582200
v 0.320000 0.180000 -0.582200
v 0.320000 0.180000 -0.582200
v 0.320000 0.180000 0.582200
v 0.320000 0.180000 0.582200
v 0.320000 0.180000 0.582200
v 0.320000 0.250000 -0.582200
v 0.320000 0.250000 -0.582200
v 0.320000 0.250000 -0.582200
v 0.320000 0.250000 0.582200
v 0.320000 0.250000 0.582200
v 0.320000 0.250000 0.582200
vn -1.000000 -0.000000 0.000000
vn -0.000000 1.000000 0.000000
vn 1.000000 -0.000000 0.000000
vn -0.000000 -1.000000 0.000000
vn -0.000000 -0.000000 -1.000000
vn -0.000000 -0.000000 1.000000
vt 0.572000 0.267120
vt 0.572000 0.732880
vt 0.600000 0.732880
vt 0.600000 0.267120
vt 0.524000 0.267120
vt 0.524000 0.732880
vt 0.628000 0.732880
vt 0.628000 0.267120
vt 0.524000 0.600000
vt 0.628000 0.600000
vt 0.628000 0.572000
vt 0.524000 0.572000
s 0
g FinFlange4_RD_Steel
usemtl RD_Steel
f 3468/2799/844 3462/2798/844 3459/2797/844
f 3465/2800/844 3468/2799/844 3459/2797/844
f 3479/2803/845 3467/2802/845 3464/2801/845
f 3476/2804/845 3479/2803/845 3464/2801/845
f 3474/2798/846 3480/2799/846 3477/2800/846
f 3471/2797/846 3474/2798/846 3477/2800/846
f 3461/2802/847 3473/2803/847 3470/2804/847
f 3458/2801/847 3461/2802/847 3470/2804/847
f 3469/2807/848 3475/2806/848 3463/2805/848
f 3457/2808/848 3469/2807/848 3463/2805/848
f 3460/2808/849 3466/2805/849 3478/2806/849
f 3472/2807/849 3460/2808/849 3478/2806/849
g FinFlange5_Mesh
v 0.440000 0.180000 -0.582200
v 0.440000 0.180000 -0.582200
v 0.440000 0.180000 -0.582200
v 0.440000 0.180000 0.582200
v 0.440000 0.180000 0.582200
v 0.440000 0.180000 0.582200
v 0.440000 0.250000 -0.582200
v 0.440000 0.250000 -0.582200
v 0.440000 0.250000 -0.582200
v 0.440000 0.250000 0.582200
v 0.440000 0.250000 0.582200
v 0.440000 0.250000 0.582200
v 0.700000 0.180000 -0.582200
v 0.700000 0.180000 -0.582200
v 0.700000 0.180000 -0.582200
v 0.700000 0.180000 0.582200
v 0.700000 0.180000 0.582200
v 0.700000 0.180000 0.582200
v 0.700000 0.250000 -0.582200
v 0.700000 0.250000 -0.582200
v 0.700000 0.250000 -0.582200
v 0.700000 0.250000 0.582200
v 0.700000 0.250000 0.582200
v 0.700000 0.250000 0.582200
vn -1.000000 -0.000000 0.000000
vn -0.000000 1.000000 0.000000
vn 1.000000 -0.000000 0.000000
vn -0.000000 -1.000000 0.000000
vn -0.000000 -0.000000 -1.000000
vn -0.000000 -0.000000 1.000000
vt 0.572000 0.267120
vt 0.572000 0.732880
vt 0.600000 0.732880
vt 0.600000 0.267120
vt 0.676000 0.267120
vt 0.676000 0.732880
vt 0.780000 0.732880
vt 0.780000 0.267120
vt 0.676000 0.600000
vt 0.780000 0.600000
vt 0.780000 0.572000
vt 0.676000 0.572000
s 0
g FinFlange5_RD_Steel
usemtl RD_Steel
f 3492/2811/850 3486/2810/850 3483/2809/850
f 3489/2812/850 3492/2811/850 3483/2809/850
f 3503/2815/851 3491/2814/851 3488/2813/851
f 3500/2816/851 3503/2815/851 3488/2813/851
f 3498/2810/852 3504/2811/852 3501/2812/852
f 3495/2809/852 3498/2810/852 3501/2812/852
f 3485/2814/853 3497/2815/853 3494/2816/853
f 3482/2813/853 3485/2814/853 3494/2816/853
f 3493/2819/854 3499/2818/854 3487/2817/854
f 3481/2820/854 3493/2819/854 3487/2817/854
f 3484/2820/855 3490/2817/855 3502/2818/855
f 3496/2819/855 3484/2820/855 3502/2818/855
g FinFlange6_Mesh
v 0.820000 0.180000 -0.582200
v 0.820000 0.180000 -0.582200
v 0.820000 0.180000 -0.582200
v 0.820000 0.180000 0.582200
v 0.820000 0.180000 0.582200
v 0.820000 0.180000 0.582200
v 0.820000 0.250000 -0.582200
v 0.820000 0.250000 -0.582200
v 0.820000 0.250000 -0.582200
v 0.820000 0.250000 0.582200
v 0.820000 0.250000 0.582200
v 0.820000 0.250000 0.582200
v 1.080000 0.180000 -0.582200
v 1.080000 0.180000 -0.582200
v 1.080000 0.180000 -0.582200
v 1.080000 0.180000 0.582200
v 1.080000 0.180000 0.582200
v 1.080000 0.180000 0.582200
v 1.080000 0.250000 -0.582200
v 1.080000 0.250000 -0.582200
v 1.080000 0.250000 -0.582200
v 1.080000 0.250000 0.582200
v 1.080000 0.250000 0.582200
v 1.080000 0.250000 0.582200
vn -1.000000 -0.000000 0.000000
vn -0.000000 1.000000 0.000000
vn 1.000000 -0.000000 0.000000
vn -0.000000 -1.000000 0.000000
vn -0.000000 -0.000000 -1.000000
vn -0.000000 -0.000000 1.000000
vt 0.572000 0.267120
vt 0.572000 0.732880
vt 0.600000 0.732880
vt 0.600000 0.267120
vt 0.828000 0.267120
vt 0.828000 0.732880
vt 0.932000 0.732880
vt 0.932000 0.267120
vt 0.828000 0.600000
vt 0.932000 0.600000
vt 0.932000 0.572000
vt 0.828000 0.572000
s 0
g FinFlange6_RD_Steel
usemtl RD_Steel
f 3516/2823/856 3510/2822/856 3507/2821/856
f 3513/2824/856 3516/2823/856 3507/2821/856
f 3527/2827/857 3515/2826/857 3512/2825/857
f 3524/2828/857 3527/2827/857 3512/2825/857
f 3522/2822/858 3528/2823/858 3525/2824/858
f 3519/2821/858 3522/2822/858 3525/2824/858
f 3509/2826/859 3521/2827/859 3518/2828/859
f 3506/2825/859 3509/2826/859 3518/2828/859
f 3517/2831/860 3523/2830/860 3511/2829/860
f 3505/2832/860 3517/2831/860 3511/2829/860
f 3508/2832/861 3514/2829/861 3526/2830/861
f 3520/2831/861 3508/2832/861 3526/2830/861
g FinFlange7_Mesh
v 1.200000 0.180000 -0.582200
v 1.200000 0.180000 -0.582200
v 1.200000 0.180000 -0.582200
v 1.200000 0.180000 0.582200
v 1.200000 0.180000 0.582200
v 1.200000 0.180000 0.582200
v 1.200000 0.250000 -0.582200
v 1.200000 0.250000 -0.582200
v 1.200000 0.250000 -0.582200
v 1.200000 0.250000 0.582200
v 1.200000 0.250000 0.582200
v 1.200000 0.250000 0.582200
v 1.460000 0.180000 -0.582200
v 1.460000 0.180000 -0.582200
v 1.460000 0.180000 -0.582200
v 1.460000 0.180000 0.582200
v 1.460000 0.180000 0.582200
v 1.460000 0.180000 0.582200
v 1.460000 0.250000 -0.582200
v 1.460000 0.250000 -0.582200
v 1.460000 0.250000 -0.582200
v 1.460000 0.250000 0.582200
v 1.460000 0.250000 0.582200
v 1.460000 0.250000 0.582200
vn -1.000000 -0.000000 0.000000
vn -0.000000 1.000000 0.000000
vn 1.000000 -0.000000 0.000000
vn -0.000000 -1.000000 0.000000
vn -0.000000 -0.000000 -1.000000
vn -0.000000 -0.000000 1.000000
vt 0.572000 0.267120
vt 0.572000 0.732880
vt 0.600000 0.732880
vt 0.600000 0.267120
vt 0.980000 0.267120
vt 0.980000 0.732880
vt 1.084000 0.732880
vt 1.084000 0.267120
vt 0.980000 0.600000
vt 1.084000 0.600000
vt 1.084000 0.572000
vt 0.980000 0.572000
s 0
g FinFlange7_RD_Steel
usemtl RD_Steel
f 3540/2835/862 3534/2834/862 3531/2833/862
f 3537/2836/862 3540/2835/862 3531/2833/862
f 3551/2839/863 3539/2838/863 3536/2837/863
f 3548/2840/863 3551/2839/863 3536/2837/863
f 3546/2834/864 3552/2835/864 3549/2836/864
f 3543/2833/864 3546/2834/864 3549/2836/864
f 3533/2838/865 3545/2839/865 3542/2840/865
f 3530/2837/865 3533/2838/865 3542/2840/865
f 3541/2843/866 3547/2842/866 3535/2841/866
f 3529/2844/866 3541/2843/866 3535/2841/866
f 3532/2844/867 3538/2841/867 3550/2842/867
f 3544/2843/867 3532/2844/867 3550/2842/867
g Foot00_Mesh
v -1.550000 0.000000 -0.800000
v -1.550000 0.000000 -0.800000
v -1.550000 0.000000 -0.800000
v -1.550000 0.000000 -0.580000
v -1.550000 0.000000 -0.580000
v -1.550000 0.000000 -0.580000
v -1.550000 0.040000 -0.800000
v -1.550000 0.040000 -0.800000
v -1.550000 0.040000 -0.800000
v -1.550000 0.040000 -0.580000
v -1.550000 0.040000 -0.580000
v -1.550000 0.040000 -0.580000
v -1.330000 0.000000 -0.800000
v -1.330000 0.000000 -0.800000
v -1.330000 0.000000 -0.800000
v -1.330000 0.000000 -0.580000
v -1.330000 0.000000 -0.580000
v -1.330000 0.000000 -0.580000
v -1.330000 0.040000 -0.800000
v -1.330000 0.040000 -0.800000
v -1.330000 0.040000 -0.800000
v -1.330000 0.040000 -0.580000
v -1.330000 0.040000 -0.580000
v -1.330000 0.040000 -0.580000
vn -1.000000 -0.000000 0.000000
vn -0.000000 1.000000 0.000000
vn 1.000000 -0.000000 0.000000
vn -0.000000 -1.000000 0.000000
vn -0.000000 -0.000000 -1.000000
vn -0.000000 -0.000000 1.000000
vt 0.500000 0.180000
vt 0.500000 0.268000
vt 0.516000 0.268000
vt 0.516000 0.180000
vt -0.120000 0.180000
vt -0.120000 0.268000
vt -0.032000 0.268000
vt -0.032000 0.180000
vt -0.120000 0.516000
vt -0.032000 0.516000
vt -0.032000 0.500000
vt -0.120000 0.500000
s 0
g Foot00_RD_Steel
usemtl RD_Steel
f 3564/2847/868 3558/2846/868 3555/2845/868
f 3561/2848/868 3564/2847/868 3555/2845/868
f 3575/2851/869 3563/2850/869 3560/2849/869
f 3572/2852/869 3575/2851/869 3560/2849/869
f 3570/2846/870 3576/2847/870 3573/2848/870
f 3567/2845/870 3570/2846/870 3573/2848/870
f 3557/2850/871 3569/2851/871 3566/2852/871
f 3554/2849/871 3557/2850/871 3566/2852/871
f 3565/2855/872 3571/2854/872 3559/2853/872
f 3553/2856/872 3565/2855/872 3559/2853/872
f 3556/2856/873 3562/2853/873 3574/2854/873
f 3568/2855/873 3556/2856/873 3574/2854/873
g Foot01_Mesh
v -1.550000 0.000000 0.580000
v -1.550000 0.000000 0.580000
v -1.550000 0.000000 0.580000
v -1.550000 0.000000 0.800000
v -1.550000 0.000000 0.800000
v -1.550000 0.000000 0.800000
v -1.550000 0.040000 0.580000
v -1.550000 0.040000 0.580000
v -1.550000 0.040000 0.580000
v -1.550000 0.040000 0.800000
v -1.550000 0.040000 0.800000
v -1.550000 0.040000 0.800000
v -1.330000 0.000000 0.580000
v -1.330000 0.000000 0.580000
v -1.330000 0.000000 0.580000
v -1.330000 0.000000 0.800000
v -1.330000 0.000000 0.800000
v -1.330000 0.000000 0.800000
v -1.330000 0.040000 0.580000
v -1.330000 0.040000 0.580000
v -1.330000 0.040000 0.580000
v -1.330000 0.040000 0.800000
v -1.330000 0.040000 0.800000
v -1.330000 0.040000 0.800000
vn -1.000000 -0.000000 0.000000
vn -0.000000 1.000000 0.000000
vn 1.000000 -0.000000 0.000000
vn -0.000000 -1.000000 0.000000
vn -0.000000 -0.000000 -1.000000
vn -0.000000 -0.000000 1.000000
vt 0.500000 0.732000
vt 0.500000 0.820000
vt 0.516000 0.820000
vt 0.516000 0.732000
vt -0.120000 0.732000
vt -0.120000 0.820000
vt -0.032000 0.820000
vt -0.032000 0.732000
vt -0.120000 0.516000
vt -0.032000 0.516000
vt -0.032000 0.500000
vt -0.120000 0.500000
s 0
g Foot01_RD_Steel
usemtl RD_Steel
f 3588/2859/874 3582/2858/874 3579/2857/874
f 3585/2860/874 3588/2859/874 3579/2857/874
f 3599/2863/875 3587/2862/875 3584/2861/875
f 3596/2864/875 3599/2863/875 3584/2861/875
f 3594/2858/876 3600/2859/876 3597/2860/876
f 3591/2857/876 3594/2858/876 3597/2860/876
f 3581/2862/877 3593/2863/877 3590/2864/877
f 3578/2861/877 3581/2862/877 3590/2864/877
f 3589/2867/878 3595/2866/878 3583/2865/878
f 3577/2868/878 3589/2867/878 3583/2865/878
f 3580/2868/879 3586/2865/879 3598/2866/879
f 3592/2867/879 3580/2868/879 3598/2866/879
g Foot10_Mesh
v 1.330000 0.000000 -0.800000
v 1.330000 0.000000 -0.800000
v 1.330000 0.000000 -0.800000
v 1.330000 0.000000 -0.580000
v 1.330000 0.000000 -0.580000
v 1.330000 0.000000 -0.580000
v 1.330000 0.040000 -0.800000
v 1.330000 0.040000 -0.800000
v 1.330000 0.040000 -0.800000
v 1.330000 0.040000 -0.580000
v 1.330000 0.040000 -0.580000
v 1.330000 0.040000 -0.580000
v 1.550000 0.000000 -0.800000
v 1.550000 0.000000 -0.800000
v 1.550000 0.000000 -0.800000
v 1.550000 0.000000 -0.580000
v 1.550000 0.000000 -0.580000
v 1.550000 0.000000 -0.580000
v 1.550000 0.040000 -0.800000
v 1.550000 0.040000 -0.800000
v 1.550000 0.040000 -0.800000
v 1.550000 0.040000 -0.580000
v 1.550000 0.040000 -0.580000
v 1.550000 0.040000 -0.580000
vn -1.000000 -0.000000 0.000000
vn -0.000000 1.000000 0.000000
vn 1.000000 -0.000000 0.000000
vn -0.000000 -1.000000 0.000000
vn -0.000000 -0.000000 -1.000000
vn -0.000000 -0.000000 1.000000
vt 0.500000 0.180000
vt 0.500000 0.268000
vt 0.516000 0.268000
vt 0.516000 0.180000
vt 1.032000 0.180000
vt 1.032000 0.268000
vt 1.120000 0.268000
vt 1.120000 0.180000
vt 1.032000 0.516000
vt 1.120000 0.516000
vt 1.120000 0.500000
vt 1.032000 0.500000
s 0
g Foot10_RD_Steel
usemtl RD_Steel
f 3612/2871/880 3606/2870/880 3603/2869/880
f 3609/2872/880 3612/2871/880 3603/2869/880
f 3623/2875/881 3611/2874/881 3608/2873/881
f 3620/2876/881 3623/2875/881 3608/2873/881
f 3618/2870/882 3624/2871/882 3621/2872/882
f 3615/2869/882 3618/2870/882 3621/2872/882
f 3605/2874/883 3617/2875/883 3614/2876/883
f 3602/2873/883 3605/2874/883 3614/2876/883
f 3613/2879/884 3619/2878/884 3607/2877/884
f 3601/2880/884 3613/2879/884 3607/2877/884
f 3604/2880/885 3610/2877/885 3622/2878/885
f 3616/2879/885 3604/2880/885 3622/2878/885
g Foot11_Mesh
v 1.330000 0.000000 0.580000
v 1.330000 0.000000 0.580000
v 1.330000 0.000000 0.580000
v 1.330000 0.000000 0.800000
v 1.330000 0.000000 0.800000
v 1.330000 0.000000 0.800000
v 1.330000 0.040000 0.580000
v 1.330000 0.040000 0.580000
v 1.330000 0.040000 0.580000
v 1.330000 0.040000 0.800000
v 1.330000 0.040000 0.800000
v 1.330000 0.040000 0.800000
v 1.550000 0.000000 0.580000
v 1.550000 0.000000 0.580000
v 1.550000 0.000000 0.580000
v 1.550000 0.000000 0.800000
v 1.550000 0.000000 0.800000
v 1.550000 0.000000 0.800000
v 1.550000 0.040000 0.580000
v 1.550000 0.040000 0.580000
v 1.550000 0.040000 0.580000
v 1.550000 0.040000 0.800000
v 1.550000 0.040000 0.800000
v 1.550000 0.040000 0.800000
vn -1.000000 -0.000000 0.000000
vn -0.000000 1.000000 0.000000
vn 1.000000 -0.000000 0.000000
vn -0.000000 -1.000000 0.000000
vn -0.000000 -0.000000 -1.000000
vn -0.000000 -0.000000 1.000000
vt 0.500000 0.732000
vt 0.500000 0.820000
vt 0.516000 0.820000
vt 0.516000 0.732000
vt 1.032000 0.732000
vt 1.032000 0.820000
vt 1.120000 0.820000
vt 1.120000 0.732000
vt 1.032000 0.516000
vt 1.120000 0.516000
vt 1.120000 0.500000
vt 1.032000 0.500000
s 0
g Foot11_RD_Steel
usemtl RD_Steel
f 3636/2883/886 3630/2882/886 3627/2881/886
f 3633/2884/886 3636/2883/886 3627/2881/886
f 3647/2887/887 3635/2886/887 3632/2885/887
f 3644/2888/887 3647/2887/887 3632/2885/887
f 3642/2882/888 3648/2883/888 3645/2884/888
f 3639/2881/888 3642/2882/888 3645/2884/888
f 3629/2886/889 3641/2887/889 3638/2888/889
f 3626/2885/889 3629/2886/889 3638/2888/889
f 3637/2891/890 3643/2890/890 3631/2889/890
f 3625/2892/890 3637/2891/890 3631/2889/890
f 3628/2892/891 3634/2889/891 3646/2890/891
f 3640/2891/891 3628/2892/891 3646/2890/891
g Header_Mesh
v -1.430000 0.348000 0.670000
v -1.430000 0.348000 0.670000
v -1.430000 0.348000 0.670000
v 1.510000 0.348000 0.670000
v 1.510000 0.348000 0.670000
v 1.510000 0.348000 0.670000
v -1.430000 0.346364 0.657577
v -1.430000 0.346364 0.657577
v 1.510000 0.346364 0.657577
v 1.510000 0.346364 0.657577
v -1.430000 0.341569 0.646000
v -1.430000 0.341569 0.646000
v 1.510000 0.341569 0.646000
v 1.510000 0.341569 0.646000
v -1.430000 0.333941 0.636059
v -1.430000 0.333941 0.636059
v 1.510000 0.333941 0.636059
v 1.510000 0.333941 0.636059
v -1.430000 0.324000 0.628431
v -1.430000 0.324000 0.628431
v 1.510000 0.324000 0.628431
v 1.510000 0.324000 0.628431
v -1.430000 0.312423 0.623636
v -1.430000 0.312423 0.623636
v 1.510000 0.312423 0.623636
v 1.510000 0.312423 0.623636
v -1.430000 0.300000 0.622000
v -1.430000 0.300000 0.622000
v 1.510000 0.300000 0.622000
v 1.510000 0.300000 0.622000
v -1.430000 0.287577 0.623636
v -1.430000 0.287577 0.623636
v -1.430000 0.287577 0.623636
v 1.510000 0.287577 0.623636
v 1.510000 0.287577 0.623636
v 1.510000 0.287577 0.623636
v -1.430000 0.276000 0.628431
v -1.430000 0.276000 0.628431
v 1.510000 0.276000 0.628431
v 1.510000 0.276000 0.628431
v -1.430000 0.266059 0.636059
v -1.430000 0.266059 0.636059
v 1.510000 0.266059 0.636059
v 1.510000 0.266059 0.636059
v -1.430000 0.258431 0.646000
v -1.430000 0.258431 0.646000
v 1.510000 0.258431 0.646000
v 1.510000 0.258431 0.646000
v -1.430000 0.253636 0.657577
v -1.430000 0.253636 0.657577
v 1.510000 0.253636 0.657577
v 1.510000 0.253636 0.657577
v -1.430000 0.252000 0.670000
v -1.430000 0.252000 0.670000
v -1.430000 0.252000 0.670000
v 1.510000 0.252000 0.670000
v 1.510000 0.252000 0.670000
v 1.510000 0.252000 0.670000
v -1.430000 0.253636 0.682423
v -1.430000 0.253636 0.682423
v 1.510000 0.253636 0.682423
v 1.510000 0.253636 0.682423
v -1.430000 0.258431 0.694000
v -1.430000 0.258431 0.694000
v 1.510000 0.258431 0.694000
v 1.510000 0.258431 0.694000
v -1.430000 0.266059 0.703941
v -1.430000 0.266059 0.703941
v 1.510000 0.266059 0.703941
v 1.510000 0.266059 0.703941
v -1.430000 0.276000 0.711569
v -1.430000 0.276000 0.711569
v 1.510000 0.276000 0.711569
v 1.510000 0.276000 0.711569
v -1.430000 0.287577 0.716364
v -1.430000 0.287577 0.716364
v 1.510000 0.287577 0.716365
v 1.510000 0.287577 0.716365
v -1.430000 0.300000 0.718000
v -1.430000 0.300000 0.718000
v 1.510000 0.300000 0.718000
v 1.510000 0.300000 0.718000
v -1.430000 0.312423 0.716364
v -1.430000 0.312423 0.716364
v -1.430000 0.312423 0.716364
v 1.510000 0.312423 0.716365
v 1.510000 0.312423 0.716365
v 1.510000 0.312423 0.716365
v -1.430000 0.324000 0.711569
v -1.430000 0.324000 0.711569
v 1.510000 0.324000 0.711569
v 1.510000 0.324000 0.711569
v -1.430000 0.333941 0.703941
v -1.430000 0.333941 0.703941
v 1.510000 0.333941 0.703941
v 1.510000 0.333941 0.703941
v -1.430000 0.341569 0.694000
v -1.430000 0.341569 0.694000
v 1.510000 0.341569 0.694000
v 1.510000 0.341569 0.694000
v -1.430000 0.346364 0.682423
v -1.430000 0.346364 0.682423
v 1.510000 0.346364 0.682423
v 1.510000 0.346364 0.682423
vn -0.000000 1.000000 0.000000
vn -0.000000 0.965900 -0.258800
vn -0.000000 0.866000 -0.500000
vn -0.000000 0.707100 -0.707100
vn -0.000000 0.500000 -0.866000
vn -0.000000 0.258800 -0.965900
vn -0.000000 -0.000000 -1.000000
vn -0.000000 -0.258800 -0.965900
vn -0.000000 -0.500000 -0.866000
vn -0.000000 -0.707100 -0.707100
vn -0.000000 -0.866000 -0.500000
vn -0.000000 -0.965900 -0.258800
vn -0.000000 -1.000000 0.000000
vn -0.000000 -0.965900 0.258800
vn -0.000000 -0.866000 0.500000
vn -0.000000 -0.707100 0.707100
vn -0.000000 -0.500000 0.866000
vn -0.000000 -0.258800 0.965900
vn -0.000000 -0.000000 1.000000
vn -0.000000 0.258800 0.965900
vn -0.000000 0.258900 0.965900
vn -0.000000 0.500000 0.866000
vn -0.000000 0.707100 0.707100
vn -0.000000 0.866000 0.500000
vn 1.000000 -0.000000 0.000000
vn 1.000000 -0.000000 -0.000100
vn 1.000000 -0.000000 0.000100
vn -0.000000 0.965900 0.258800
vn -1.000000 -0.000000 0.000000
vt 0.027422 0.001600
vt 0.027422 0.998400
vt 0.024418 0.998400
vt 0.024418 0.001600
vt 0.020739 0.998400
vt 0.020739 0.001600
vt 0.016635 0.998400
vt 0.016635 0.001600
vt 0.012387 0.998400
vt 0.012387 0.001600
vt 0.008283 0.998400
vt 0.008283 0.001600
vt 0.004604 0.998400
vt 0.004604 0.001600
vt 0.001600 0.998400
vt 0.001600 0.001600
vt 0.059643 0.998400
vt 0.059643 0.001600
vt 0.063322 0.001600
vt 0.063322 0.998400
vt 0.067426 0.001600
vt 0.067426 0.998400
vt 0.071674 0.001600
vt 0.071674 0.998400
vt 0.075778 0.001600
vt 0.075778 0.998400
vt 0.079457 0.001600
vt 0.079457 0.998400
vt 0.030621 0.998400
vt 0.030621 0.001600
vt 0.033625 0.001600
vt 0.033625 0.998400
vt 0.037305 0.001600
vt 0.037305 0.998400
vt 0.041408 0.001600
vt 0.041408 0.998400
vt 0.045657 0.001600
vt 0.045657 0.998400
vt 0.049760 0.001600
vt 0.049760 0.998400
vt 0.053440 0.001600
vt 0.053440 0.998400
vt 0.056444 0.001600
vt 0.056444 0.998400
vt 0.102471 0.001600
vt 0.102471 0.998400
vt 0.098792 0.998400
vt 0.098792 0.001600
vt 0.094688 0.998400
vt 0.094688 0.001600
vt 0.090439 0.998400
vt 0.090439 0.001600
vt 0.108894 0.007827
vt 0.111898 0.004823
vt 0.115577 0.002699
vt 0.119681 0.001600
vt 0.123929 0.001600
vt 0.128033 0.002699
vt 0.131712 0.004823
vt 0.134716 0.007828
vt 0.136841 0.011507
vt 0.137940 0.015611
vt 0.137940 0.019859
vt 0.136841 0.023963
vt 0.134716 0.027642
vt 0.131712 0.030646
vt 0.128033 0.032770
vt 0.123929 0.033870
vt 0.119681 0.033870
vt 0.115577 0.032770
vt 0.111898 0.030646
vt 0.108894 0.027642
vt 0.106770 0.023963
vt 0.105670 0.019859
vt 0.105670 0.015610
vt 0.106770 0.011507
vt 0.086336 0.998400
vt 0.086336 0.001600
vt 0.082657 0.998400
vt 0.082657 0.001600
vt 0.137940 0.055328
vt 0.136841 0.059432
vt 0.134716 0.063111
vt 0.131712 0.066115
vt 0.128033 0.068239
vt 0.123929 0.069339
vt 0.119681 0.069339
vt 0.115577 0.068239
vt 0.111898 0.066115
vt 0.108894 0.063111
vt 0.106770 0.059432
vt 0.105670 0.055328
vt 0.105670 0.051080
vt 0.106770 0.046976
vt 0.108894 0.043297
vt 0.111898 0.040293
vt 0.115577 0.038168
vt 0.119681 0.037069
vt 0.123929 0.037069
vt 0.128033 0.038168
vt 0.131712 0.040293
vt 0.134716 0.043297
vt 0.136841 0.046976
vt 0.137940 0.051080
s 1
g Header_RD_Copper
usemtl RD_Copper
f 3657/2895/893 3652/2894/892 3649/2893/892
f 3655/2896/893 3657/2895/893 3649/2893/892
f 3661/2897/894 3657/2895/893 3655/2896/893
f 3659/2898/894 3661/2897/894 3655/2896/893
f 3665/2899/895 3661/2897/894 3659/2898/894
f 3663/2900/895 3665/2899/895 3659/2898/894
f 3669/2901/896 3665/2899/895 3663/2900/895
f 3667/2902/896 3669/2901/896 3663/2900/895
f 3673/2903/897 3669/2901/896 3667/2902/896
f 3671/2904/897 3673/2903/897 3667/2902/896
f 3677/2905/898 3673/2903/897 3671/2904/897
f 3675/2906/898 3677/2905/898 3671/2904/897
f 3682/2907/899 3677/2905/898 3675/2906/898
f 3679/2908/899 3682/2907/899 3675/2906/898
f 3687/2911/900 3683/2910/899 3680/2909/899
f 3685/2912/900 3687/2911/900 3680/2909/899
f 3691/2913/901 3687/2911/900 3685/2912/900
f 3689/2914/901 3691/2913/901 3685/2912/900
f 3695/2915/902 3691/2913/901 3689/2914/901
f 3693/2916/902 3695/2915/902 3689/2914/901
f 3699/2917/903 3695/2915/902 3693/2916/902
f 3697/2918/903 3699/2917/903 3693/2916/902
f 3705/2919/904 3699/2917/903 3697/2918/903
f 3702/2920/904 3705/2919/904 3697/2918/903
f 3709/2923/905 3704/2922/904 3701/2921/904
f 3707/2924/905 3709/2923/905 3701/2921/904
f 3713/2925/906 3709/2923/905 3707/2924/905
f 3711/2926/906 3713/2925/906 3707/2924/905
f 3717/2927/907 3713/2925/906 3711/2926/906
f 3715/2928/907 3717/2927/907 3711/2926/906
f 3721/2929/908 3717/2927/907 3715/2928/907
f 3719/2930/908 3721/2929/908 3715/2928/907
f 3725/2931/909 3721/2929/908 3719/2930/908
f 3723/2932/909 3725/2931/909 3719/2930/908
f 3729/2933/910 3725/2931/909 3723/2932/909
f 3727/2934/910 3729/2933/910 3723/2932/909
f 3734/2935/911 3729/2933/910 3727/2934/910
f 3731/2936/911 3734/2935/911 3727/2934/910
f 3739/2939/913 3735/2938/911 3732/2937/912
f 3737/2940/913 3739/2939/913 3732/2937/912
f 3743/2941/914 3739/2939/913 3737/2940/913
f 3741/2942/914 3743/2941/914 3737/2940/913
f 3747/2943/915 3743/2941/914 3741/2942/914
f 3745/2944/915 3747/2943/915 3741/2942/914
s 0
f 3654/2947/916 3658/2946/916 3662/2945/916
f 3748/2949/916 3752/2948/916 3654/2947/916
f 3740/2951/916 3744/2950/916 3748/2949/916
f 3730/2953/917 3736/2952/917 3740/2951/917
f 3722/2955/917 3726/2954/917 3730/2953/917
f 3714/2957/916 3718/2956/916 3722/2955/916
f 3706/2959/916 3710/2958/916 3714/2957/916
f 3696/2961/916 3700/2960/916 3706/2959/916
f 3688/2963/916 3692/2962/916 3696/2961/916
f 3678/2965/918 3684/2964/918 3688/2963/918
f 3670/2967/918 3674/2966/918 3678/2965/918
f 3662/2945/916 3666/2968/916 3670/2967/916
f 3748/2949/916 3654/2947/916 3662/2945/916
f 3730/2953/916 3740/2951/916 3748/2949/916
f 3714/2957/916 3722/2955/916 3730/2953/916
f 3696/2961/916 3706/2959/916 3714/2957/916
f 3678/2965/916 3688/2963/916 3696/2961/916
f 3662/2945/916 3670/2967/916 3678/2965/916
f 3730/2953/916 3748/2949/916 3662/2945/916
f 3696/2961/916 3714/2957/916 3730/2953/916
f 3662/2945/916 3678/2965/916 3696/2961/916
f 3662/2945/916 3696/2961/916 3730/2953/916
s 1
f 3751/2969/919 3747/2943/915 3745/2944/915
f 3749/2970/919 3751/2969/919 3745/2944/915
f 3653/2971/892 3751/2969/919 3749/2970/919
f 3650/2972/892 3653/2971/892 3749/2970/919
s 0
f 3656/2975/920 3651/2974/920 3750/2973/920
f 3664/2977/920 3660/2976/920 3656/2975/920
f 3672/2979/920 3668/2978/920 3664/2977/920
f 3681/2981/920 3676/2980/920 3672/2979/920
f 3690/2983/920 3686/2982/920 3681/2981/920
f 3698/2985/920 3694/2984/920 3690/2983/920
f 3708/2987/920 3703/2986/920 3698/2985/920
f 3716/2989/920 3712/2988/920 3708/2987/920
f 3724/2991/920 3720/2990/920 3716/2989/920
f 3733/2993/920 3728/2992/920 3724/2991/920
f 3742/2995/920 3738/2994/920 3733/2993/920
f 3750/2973/920 3746/2996/920 3742/2995/920
f 3664/2977/920 3656/2975/920 3750/2973/920
f 3681/2981/920 3672/2979/920 3664/2977/920
f 3698/2985/920 3690/2983/920 3681/2981/920
f 3716/2989/920 3708/2987/920 3698/2985/920
f 3733/2993/920 3724/2991/920 3716/2989/920
f 3750/2973/920 3742/2995/920 3733/2993/920
f 3681/2981/920 3664/2977/920 3750/2973/920
f 3716/2989/920 3698/2985/920 3681/2981/920
f 3750/2973/920 3733/2993/920 3716/2989/920
f 3750/2973/920 3716/2989/920 3681/2981/920
g HeaderCap_Mesh
v -1.450000 0.352000 0.670000
v -1.450000 0.352000 0.670000
v -1.430000 0.348000 0.670000
v -1.430000 0.348000 0.670000
v -1.450000 0.349455 0.653931
v -1.450000 0.349455 0.653931
v -1.430000 0.345651 0.655167
v -1.430000 0.345651 0.655167
v -1.450000 0.342069 0.639435
v -1.450000 0.342069 0.639435
v -1.430000 0.338833 0.641786
v -1.430000 0.338833 0.641786
v -1.450000 0.330565 0.627931
v -1.450000 0.330565 0.627931
v -1.450000 0.330565 0.627931
v -1.430000 0.328214 0.631167
v -1.430000 0.328214 0.631167
v -1.430000 0.328214 0.631167
v -1.450000 0.316069 0.620545
v -1.450000 0.316069 0.620545
v -1.430000 0.314833 0.624349
v -1.430000 0.314833 0.624349
v -1.450000 0.300000 0.618000
v -1.450000 0.300000 0.618000
v -1.430000 0.300000 0.622000
v -1.430000 0.300000 0.622000
v -1.450000 0.283931 0.620545
v -1.450000 0.283931 0.620545
v -1.430000 0.285167 0.624349
v -1.430000 0.285167 0.624349
v -1.450000 0.269435 0.627931
v -1.450000 0.269435 0.627931
v -1.430000 0.271786 0.631167
v -1.430000 0.271786 0.631167
v -1.450000 0.257931 0.639435
v -1.450000 0.257931 0.639435
v -1.430000 0.261167 0.641786
v -1.430000 0.261167 0.641786
v -1.450000 0.250545 0.653931
v -1.450000 0.250545 0.653931
v -1.430000 0.254349 0.655167
v -1.430000 0.254349 0.655167
v -1.450000 0.248000 0.670000
v -1.450000 0.248000 0.670000
v -1.450000 0.248000 0.670000
v -1.430000 0.252000 0.670000
v -1.430000 0.252000 0.670000
v -1.430000 0.252000 0.670000
v -1.450000 0.250545 0.686069
v -1.450000 0.250545 0.686069
v -1.430000 0.254349 0.684833
v -1.430000 0.254349 0.684833
v -1.450000 0.257931 0.700565
v -1.450000 0.257931 0.700565
v -1.430000 0.261167 0.698214
v -1.430000 0.261167 0.698214
v -1.450000 0.269435 0.712069
v -1.450000 0.269435 0.712069
v -1.430000 0.271786 0.708833
v -1.430000 0.271786 0.708833
v -1.450000 0.283931 0.719455
v -1.450000 0.283931 0.719455
v -1.430000 0.285167 0.715651
v -1.430000 0.285167 0.715651
v -1.450000 0.300000 0.722000
v -1.450000 0.300000 0.722000
v -1.430000 0.300000 0.718000
v -1.430000 0.300000 0.718000
v -1.450000 0.316069 0.719455
v -1.450000 0.316069 0.719455
v -1.430000 0.314833 0.715651
v -1.430000 0.314833 0.715651
v -1.450000 0.330565 0.712069
v -1.450000 0.330565 0.712069
v -1.450000 0.330565 0.712069
v -1.430000 0.328214 0.708833
v -1.430000 0.328214 0.708833
v -1.430000 0.328214 0.708833
v -1.450000 0.342069 0.700565
v -1.450000 0.342069 0.700565
v -1.430000 0.338833 0.698214
v -1.430000 0.338833 0.698214
v -1.450000 0.349455 0.686069
v -1.450000 0.349455 0.686069
v -1.430000 0.345651 0.684833
v -1.430000 0.345651 0.684833
vn 0.196100 0.980600 0.000000
vn 0.196100 0.932600 -0.303000
vn 0.196100 0.793300 -0.576400
vn 0.196100 0.576400 -0.793300
vn 0.196100 0.303000 -0.932600
vn 0.196100 -0.000000 -0.980600
vn 0.196100 -0.303000 -0.932600
vn 0.196100 -0.576400 -0.793300
vn 0.196100 -0.793300 -0.576400
vn 0.196100 -0.932600 -0.303000
vn 0.196100 -0.980600 -0.000100
vn 0.196100 -0.980600 0.000100
vn 0.196100 -0.932600 0.303000
vn 0.196100 -0.793300 0.576400
vn 0.196100 -0.576400 0.793300
vn 0.196100 -0.303000 0.932600
vn 0.196100 -0.000000 0.980600
vn 0.196100 0.303000 0.932600
vn 0.196100 0.576400 0.793300
vn 0.196100 0.793300 0.576400
vn 1.000000 -0.000000 0.000000
vn 0.196100 0.932600 0.303000
vn -1.000000 -0.000000 0.000000
vt 0.794083 0.675395
vt 0.895655 0.675294
vt 0.898024 0.750046
vt 0.796649 0.756377
vt 0.904898 0.820993
vt 0.804096 0.833236
vt 0.915605 0.881190
vt 0.815696 0.898449
vt 0.758308 0.945865
vt 0.658910 0.928116
vt 0.671016 0.884155
vt 0.771422 0.898241
vt 0.679811 0.823649
vt 0.780950 0.832693
vt 0.684434 0.752520
vt 0.785959 0.755637
vt 0.684435 0.677731
vt 0.785959 0.674615
vt 0.679810 0.606602
vt 0.780950 0.597558
vt 0.671015 0.546096
vt 0.771422 0.532010
vt 0.658910 0.502136
vt 0.758307 0.484387
vt 0.623134 0.945864
vt 0.523737 0.928114
vt 0.535842 0.884154
vt 0.636249 0.898240
vt 0.544638 0.823648
vt 0.645777 0.832692
vt 0.549262 0.752519
vt 0.650787 0.755636
vt 0.549262 0.677730
vt 0.650787 0.674614
vt 0.544639 0.606601
vt 0.645778 0.597558
vt 0.535843 0.546095
vt 0.636250 0.532010
vt 0.523738 0.502135
vt 0.623136 0.484387
vt 0.815695 0.484387
vt 0.915605 0.498979
vt 0.904898 0.543301
vt 0.804096 0.532402
vt 0.722443 0.476263
vt 0.651314 0.453152
vt 0.590808 0.409192
vt 0.546848 0.348686
vt 0.523737 0.277557
vt 0.523737 0.202767
vt 0.546848 0.131639
vt 0.590808 0.071133
vt 0.651314 0.027173
vt 0.722443 0.004062
vt 0.797233 0.004062
vt 0.868362 0.027173
vt 0.928867 0.071133
vt 0.972827 0.131639
vt 0.995938 0.202768
vt 0.995938 0.277558
vt 0.972827 0.348687
vt 0.928867 0.409192
vt 0.868361 0.453153
vt 0.797232 0.476264
vt 0.898024 0.604055
vt 0.796649 0.598219
vt 0.490576 0.142270
vt 0.515613 0.219326
vt 0.515613 0.300348
vt 0.490576 0.377405
vt 0.442953 0.442953
vt 0.377405 0.490576
vt 0.300349 0.515613
vt 0.219327 0.515613
vt 0.142270 0.490577
vt 0.076722 0.442953
vt 0.029099 0.377405
vt 0.004062 0.300349
vt 0.004062 0.219327
vt 0.029098 0.142270
vt 0.076722 0.076722
vt 0.142270 0.029099
vt 0.219326 0.004062
vt 0.300348 0.004062
vt 0.377405 0.029099
vt 0.442953 0.076722
s 1
g HeaderCap_RD_Copper
usemtl RD_Copper
f 3759/2999/922 3755/2998/921 3753/2997/921
f 3757/3000/922 3759/2999/922 3753/2997/921
f 3763/3001/923 3759/2999/922 3757/3000/922
f 3761/3002/923 3763/3001/923 3757/3000/922
f 3769/3003/924 3763/3001/923 3761/3002/923
f 3766/3004/924 3769/3003/924 3761/3002/923
f 3773/3007/925 3768/3006/924 3765/3005/924
f 3771/3008/925 3773/3007/925 3765/3005/924
f 3777/3009/926 3773/3007/925 3771/3008/925
f 3775/3010/926 3777/3009/926 3771/3008/925
f 3781/3011/927 3777/3009/926 3775/3010/926
f 3779/3012/927 3781/3011/927 3775/3010/926
f 3785/3013/928 3781/3011/927 3779/3012/927
f 3783/3014/928 3785/3013/928 3779/3012/927
f 3789/3015/929 3785/3013/928 3783/3014/928
f 3787/3016/929 3789/3015/929 3783/3014/928
f 3793/3017/930 3789/3015/929 3787/3016/929
f 3791/3018/930 3793/3017/930 3787/3016/929
f 3799/3019/931 3793/3017/930 3791/3018/930
f 3796/3020/931 3799/3019/931 3791/3018/930
f 3803/3023/933 3798/3022/932 3795/3021/932
f 3801/3024/933 3803/3023/933 3795/3021/932
f 3807/3025/934 3803/3023/933 3801/3024/933
f 3805/3026/934 3807/3025/934 3801/3024/933
f 3811/3027/935 3807/3025/934 3805/3026/934
f 3809/3028/935 3811/3027/935 3805/3026/934
f 3815/3029/936 3811/3027/935 3809/3028/935
f 3813/3030/936 3815/3029/936 3809/3028/935
f 3819/3031/937 3815/3029/936 3813/3030/936
f 3817/3032/937 3819/3031/937 3813/3030/936
f 3823/3033/938 3819/3031/937 3817/3032/937
f 3821/3034/938 3823/3033/938 3817/3032/937
f 3828/3035/939 3823/3033/938 3821/3034/938
f 3825/3036/939 3828/3035/939 3821/3034/938
f 3833/3039/940 3829/3038/939 3826/3037/939
f 3831/3040/940 3833/3039/940 3826/3037/939
s 0
f 3756/3043/941 3760/3042/941 3764/3041/941
f 3834/3045/941 3838/3044/941 3756/3043/941
f 3824/3047/941 3830/3046/941 3834/3045/941
f 3816/3049/941 3820/3048/941 3824/3047/941
f 3808/3051/941 3812/3050/941 3816/3049/941
f 3800/3053/941 3804/3052/941 3808/3051/941
f 3790/3055/941 3794/3054/941 3800/3053/941
f 3782/3057/941 3786/3056/941 3790/3055/941
f 3774/3059/941 3778/3058/941 3782/3057/941
f 3764/3041/941 3770/3060/941 3774/3059/941
f 3834/3045/941 3756/3043/941 3764/3041/941
f 3816/3049/941 3824/3047/941 3834/3045/941
f 3800/3053/941 3808/3051/941 3816/3049/941
f 3782/3057/941 3790/3055/941 3800/3053/941
f 3764/3041/941 3774/3059/941 3782/3057/941
f 3816/3049/941 3834/3045/941 3764/3041/941
f 3782/3057/941 3800/3053/941 3816/3049/941
f 3764/3041/941 3782/3057/941 3816/3049/941
s 1
f 3837/3061/942 3833/3039/940 3831/3040/940
f 3835/3062/942 3837/3061/942 3831/3040/940
f 3755/2998/921 3837/3061/942 3835/3062/942
f 3753/2997/921 3755/2998/921 3835/3062/942
s 0
f 3758/3065/943 3754/3064/943 3836/3063/943
f 3767/3067/943 3762/3066/943 3758/3065/943
f 3776/3069/943 3772/3068/943 3767/3067/943
f 3784/3071/943 3780/3070/943 3776/3069/943
f 3792/3073/943 3788/3072/943 3784/3071/943
f 3802/3075/943 3797/3074/943 3792/3073/943
f 3810/3077/943 3806/3076/943 3802/3075/943
f 3818/3079/943 3814/3078/943 3810/3077/943
f 3827/3081/943 3822/3080/943 3818/3079/943
f 3836/3063/943 3832/3082/943 3827/3081/943
f 3767/3067/943 3758/3065/943 3836/3063/943
f 3784/3071/943 3776/3069/943 3767/3067/943
f 3802/3075/943 3792/3073/943 3784/3071/943
f 3818/3079/943 3810/3077/943 3802/3075/943
f 3836/3063/943 3827/3081/943 3818/3079/943
f 3784/3071/943 3767/3067/943 3836/3063/943
f 3818/3079/943 3802/3075/943 3784/3071/943
f 3836/3063/943 3818/3079/943 3784/3071/943
g IntoFin0_Mesh
v -1.314000 0.550000 0.670000
v -1.314000 0.550000 0.670000
v -1.314000 0.550000 0.670000
v -1.314000 0.550000 0.590000
v -1.314000 0.550000 0.590000
v -1.314000 0.550000 0.590000
v -1.317056 0.559405 0.670000
v -1.317056 0.559405 0.670000
v -1.317056 0.559405 0.670000
v -1.317056 0.559405 0.590000
v -1.317056 0.559405 0.590000
v -1.317056 0.559405 0.590000
v -1.325056 0.565217 0.670000
v -1.325056 0.565217 0.670000
v -1.325056 0.565217 0.670000
v -1.325056 0.565217 0.590000
v -1.325056 0.565217 0.590000
v -1.325056 0.565217 0.590000
v -1.334944 0.565217 0.670000
v -1.334944 0.565217 0.670000
v -1.334944 0.565217 0.670000
v -1.334944 0.565217 0.590000
v -1.334944 0.565217 0.590000
v -1.334944 0.565217 0.590000
v -1.342944 0.559405 0.670000
v -1.342944 0.559405 0.670000
v -1.342944 0.559405 0.670000
v -1.342944 0.559405 0.590000
v -1.342944 0.559405 0.590000
v -1.342944 0.559405 0.590000
v -1.346000 0.550000 0.670000
v -1.346000 0.550000 0.670000
v -1.346000 0.550000 0.670000
v -1.346000 0.550000 0.590000
v -1.346000 0.550000 0.590000
v -1.346000 0.550000 0.590000
v -1.342944 0.540595 0.670000
v -1.342944 0.540595 0.670000
v -1.342944 0.540595 0.670000
v -1.342944 0.540595 0.590000
v -1.342944 0.540595 0.590000
v -1.342944 0.540595 0.590000
v -1.334944 0.534783 0.670000
v -1.334944 0.534783 0.670000
v -1.334944 0.534783 0.670000
v -1.334944 0.534783 0.590000
v -1.334944 0.534783 0.590000
v -1.334944 0.534783 0.590000
v -1.325056 0.534783 0.670000
v -1.325056 0.534783 0.670000
v -1.325056 0.534783 0.670000
v -1.325056 0.534783 0.590000
v -1.325056 0.534783 0.590000
v -1.325056 0.534783 0.590000
v -1.317056 0.540595 0.670000
v -1.317056 0.540595 0.670000
v -1.317056 0.540595 0.670000
v -1.317056 0.540595 0.590000
v -1.317056 0.540595 0.590000
v -1.317056 0.540595 0.590000
vn -0.951100 -0.309000 0.000000
vn -0.587800 -0.809000 0.000000
vn -0.000000 -1.000000 0.000000
vn 0.587800 -0.809000 0.000000
vn 0.951100 -0.309000 0.000000
vn 0.951100 0.309000 0.000000
vn 0.587800 0.809000 0.000000
vn -0.000000 1.000000 0.000000
vn -0.000000 -0.000000 1.000000
vn -0.587800 0.809000 0.000000
vn -0.951100 0.309000 0.000000
vn -0.000000 -0.000000 -1.000000
vt 0.149335 0.004415
vt 0.214145 0.004415
vt 0.214145 0.652517
vt 0.149335 0.652517
vt 0.441533 0.004415
vt 0.506343 0.004415
vt 0.506343 0.652517
vt 0.441533 0.652517
vt 0.586453 0.004415
vt 0.586453 0.652517
vt 0.651263 0.004415
vt 0.651263 0.652517
vt 0.222974 0.004415
vt 0.287784 0.004415
vt 0.287784 0.652517
vt 0.222974 0.652517
vt 0.367893 0.004415
vt 0.367893 0.652517
vt 0.432704 0.004415
vt 0.432704 0.652517
vt 0.915474 0.004415
vt 0.995585 0.004415
vt 0.995585 0.652517
vt 0.915474 0.652517
vt 0.859558 0.029169
vt 0.906644 0.093980
vt 0.906644 0.174089
vt 0.859556 0.238900
vt 0.783367 0.263654
vt 0.707179 0.238899
vt 0.660092 0.174088
vt 0.660092 0.093979
vt 0.707180 0.029168
vt 0.783369 0.004414
vt 0.004415 0.004415
vt 0.069225 0.004415
vt 0.069225 0.652517
vt 0.004415 0.652517
vt 0.660092 0.362049
vt 0.707179 0.297238
vt 0.783368 0.272483
vt 0.859556 0.297237
vt 0.906644 0.362047
vt 0.906644 0.442156
vt 0.859558 0.506967
vt 0.783369 0.531722
vt 0.707181 0.506968
vt 0.660092 0.442158
s 0
g IntoFin0_RD_Steel
usemtl RD_Steel
f 3850/3085/944 3847/3084/944 3841/3083/944
f 3844/3086/944 3850/3085/944 3841/3083/944
f 3856/3089/945 3853/3088/945 3846/3087/945
f 3849/3090/945 3856/3089/945 3846/3087/945
f 3861/3092/946 3858/3091/946 3852/3088/946
f 3855/3089/946 3861/3092/946 3852/3088/946
f 3867/3094/947 3864/3093/947 3859/3091/947
f 3862/3092/947 3867/3094/947 3859/3091/947
f 3874/3097/948 3871/3096/948 3865/3095/948
f 3868/3098/948 3874/3097/948 3865/3095/948
f 3880/3100/949 3877/3099/949 3870/3096/949
f 3873/3097/949 3880/3100/949 3870/3096/949
f 3886/3102/950 3883/3101/950 3876/3099/950
f 3879/3100/950 3886/3102/950 3876/3099/950
f 3891/3105/951 3888/3104/951 3882/3103/951
f 3885/3106/951 3891/3105/951 3882/3103/951
f 3854/3109/952 3848/3108/952 3842/3107/952
f 3866/3111/952 3860/3110/952 3854/3109/952
f 3878/3113/952 3872/3112/952 3866/3111/952
f 3890/3115/952 3884/3114/952 3878/3113/952
f 3842/3107/952 3896/3116/952 3890/3115/952
f 3866/3111/952 3854/3109/952 3842/3107/952
f 3890/3115/952 3878/3113/952 3866/3111/952
f 3842/3107/952 3890/3115/952 3866/3111/952
f 3897/3119/953 3894/3118/953 3889/3117/953
f 3892/3120/953 3897/3119/953 3889/3117/953
f 3843/3086/954 3840/3083/954 3895/3118/954
f 3898/3119/954 3843/3086/954 3895/3118/954
f 3893/3123/955 3839/3122/955 3845/3121/955
f 3881/3125/955 3887/3124/955 3893/3123/955
f 3869/3127/955 3875/3126/955 3881/3125/955
f 3857/3129/955 3863/3128/955 3869/3127/955
f 3845/3121/955 3851/3130/955 3857/3129/955
f 3881/3125/955 3893/3123/955 3845/3121/955
f 3857/3129/955 3869/3127/955 3881/3125/955
f 3845/3121/955 3857/3129/955 3881/3125/955
g IntoFin1_Mesh
v -0.934000 0.550000 0.670000
v -0.934000 0.550000 0.670000
v -0.934000 0.550000 0.670000
v -0.934000 0.550000 0.590000
v -0.934000 0.550000 0.590000
v -0.934000 0.550000 0.590000
v -0.937056 0.559405 0.670000
v -0.937056 0.559405 0.670000
v -0.937056 0.559405 0.670000
v -0.937056 0.559405 0.590000
v -0.937056 0.559405 0.590000
v -0.937056 0.559405 0.590000
v -0.945056 0.565217 0.670000
v -0.945056 0.565217 0.670000
v -0.945056 0.565217 0.670000
v -0.945056 0.565217 0.590000
v -0.945056 0.565217 0.590000
v -0.945056 0.565217 0.590000
v -0.954944 0.565217 0.670000
v -0.954944 0.565217 0.670000
v -0.954944 0.565217 0.670000
v -0.954944 0.565217 0.590000
v -0.954944 0.565217 0.590000
v -0.954944 0.565217 0.590000
v -0.962944 0.559405 0.670000
v -0.962944 0.559405 0.670000
v -0.962944 0.559405 0.670000
v -0.962944 0.559405 0.590000
v -0.962944 0.559405 0.590000
v -0.962944 0.559405 0.590000
v -0.966000 0.550000 0.670000
v -0.966000 0.550000 0.670000
v -0.966000 0.550000 0.670000
v -0.966000 0.550000 0.590000
v -0.966000 0.550000 0.590000
v -0.966000 0.550000 0.590000
v -0.962944 0.540595 0.670000
v -0.962944 0.540595 0.670000
v -0.962944 0.540595 0.670000
v -0.962944 0.540595 0.590000
v -0.962944 0.540595 0.590000
v -0.962944 0.540595 0.590000
v -0.954944 0.534783 0.670000
v -0.954944 0.534783 0.670000
v -0.954944 0.534783 0.670000
v -0.954944 0.534783 0.590000
v -0.954944 0.534783 0.590000
v -0.954944 0.534783 0.590000
v -0.945056 0.534783 0.670000
v -0.945056 0.534783 0.670000
v -0.945056 0.534783 0.670000
v -0.945056 0.534783 0.590000
v -0.945056 0.534783 0.590000
v -0.945056 0.534783 0.590000
v -0.937056 0.540595 0.670000
v -0.937056 0.540595 0.670000
v -0.937056 0.540595 0.670000
v -0.937056 0.540595 0.590000
v -0.937056 0.540595 0.590000
v -0.937056 0.540595 0.590000
vn -0.951100 -0.309000 0.000000
vn -0.587800 -0.809000 0.000000
vn -0.000000 -1.000000 0.000000
vn 0.587800 -0.809000 0.000000
vn 0.951100 -0.309000 0.000000
vn 0.951100 0.309000 0.000000
vn 0.587800 0.809000 0.000000
vn -0.000000 1.000000 0.000000
vn -0.000000 -0.000000 1.000000
vn -0.587800 0.809000 0.000000
vn -0.951100 0.309000 0.000000
vn -0.000000 -0.000000 -1.000000
vt 0.004814 0.004814
vt 0.074866 0.004814
vt 0.074866 0.705345
vt 0.004814 0.705345
vt 0.161458 0.004814
vt 0.161458 0.705345
vt 0.231510 0.004814
vt 0.231510 0.705345
vt 0.643736 0.004814
vt 0.730326 0.004814
vt 0.730326 0.705345
vt 0.643736 0.705345
vt 0.800378 0.004814
vt 0.800378 0.705345
vt 0.241139 0.004814
vt 0.311191 0.004814
vt 0.311191 0.705345
vt 0.241139 0.705345
vt 0.397782 0.004814
vt 0.397782 0.705345
vt 0.467835 0.004814
vt 0.467835 0.705345
vt 0.220415 0.741731
vt 0.271312 0.811784
vt 0.271312 0.898374
vt 0.220415 0.968427
vt 0.138063 0.995185
vt 0.055711 0.968427
vt 0.004815 0.898374
vt 0.004815 0.811784
vt 0.055711 0.741731
vt 0.138063 0.714973
vt 0.477464 0.004814
vt 0.564054 0.004814
vt 0.564054 0.705345
vt 0.477464 0.705345
vt 0.634107 0.004814
vt 0.634107 0.705345
vt 0.280942 0.811784
vt 0.331838 0.741731
vt 0.414190 0.714973
vt 0.496542 0.741731
vt 0.547439 0.811784
vt 0.547439 0.898374
vt 0.496542 0.968427
vt 0.414190 0.995185
vt 0.331838 0.968427
vt 0.280942 0.898374
s 0
g IntoFin1_RD_Steel
usemtl RD_Steel
f 3910/3133/956 3907/3132/956 3901/3131/956
f 3904/3134/956 3910/3133/956 3901/3131/956
f 3916/3136/957 3913/3135/957 3906/3132/957
f 3909/3133/957 3916/3136/957 3906/3132/957
f 3921/3138/958 3918/3137/958 3912/3135/958
f 3915/3136/958 3921/3138/958 3912/3135/958
f 3927/3141/959 3924/3140/959 3919/3139/959
f 3922/3142/959 3927/3141/959 3919/3139/959
f 3934/3144/960 3931/3143/960 3925/3140/960
f 3928/3141/960 3934/3144/960 3925/3140/960
f 3940/3147/961 3937/3146/961 3930/3145/961
f 3933/3148/961 3940/3147/961 3930/3145/961
f 3946/3150/962 3943/3149/962 3936/3146/962
f 3939/3147/962 3946/3150/962 3936/3146/962
f 3951/3152/963 3948/3151/963 3942/3149/963
f 3945/3150/963 3951/3152/963 3942/3149/963
f 3914/3155/964 3908/3154/964 3902/3153/964
f 3926/3157/964 3920/3156/964 3914/3155/964
f 3938/3159/964 3932/3158/964 3926/3157/964
f 3950/3161/964 3944/3160/964 3938/3159/964
f 3902/3153/964 3956/3162/964 3950/3161/964
f 3926/3157/964 3914/3155/964 3902/3153/964
f 3950/3161/964 3938/3159/964 3926/3157/964
f 3902/3153/964 3950/3161/964 3926/3157/964
f 3957/3165/965 3954/3164/965 3949/3163/965
f 3952/3166/965 3957/3165/965 3949/3163/965
f 3903/3168/966 3900/3167/966 3955/3164/966
f 3958/3165/966 3903/3168/966 3955/3164/966
f 3953/3171/967 3899/3170/967 3905/3169/967
f 3941/3173/967 3947/3172/967 3953/3171/967
f 3929/3175/967 3935/3174/967 3941/3173/967
f 3917/3177/967 3923/3176/967 3929/3175/967
f 3905/3169/967 3911/3178/967 3917/3177/967
f 3941/3173/967 3953/3171/967 3905/3169/967
f 3917/3177/967 3929/3175/967 3941/3173/967
f 3905/3169/967 3917/3177/967 3941/3173/967
g IntoFin2_Mesh
v -0.554000 0.550000 0.670000
v -0.554000 0.550000 0.670000
v -0.554000 0.550000 0.670000
v -0.554000 0.550000 0.590000
v -0.554000 0.550000 0.590000
v -0.554000 0.550000 0.590000
v -0.557056 0.559405 0.670000
v -0.557056 0.559405 0.670000
v -0.557056 0.559405 0.670000
v -0.557056 0.559405 0.590000
v -0.557056 0.559405 0.590000
v -0.557056 0.559405 0.590000
v -0.565056 0.565217 0.670000
v -0.565056 0.565217 0.670000
v -0.565056 0.565217 0.670000
v -0.565056 0.565217 0.590000
v -0.565056 0.565217 0.590000
v -0.565056 0.565217 0.590000
v -0.574944 0.565217 0.670000
v -0.574944 0.565217 0.670000
v -0.574944 0.565217 0.670000
v -0.574944 0.565217 0.590000
v -0.574944 0.565217 0.590000
v -0.574944 0.565217 0.590000
v -0.582944 0.559405 0.670000
v -0.582944 0.559405 0.670000
v -0.582944 0.559405 0.670000
v -0.582944 0.559405 0.590000
v -0.582944 0.559405 0.590000
v -0.582944 0.559405 0.590000
v -0.586000 0.550000 0.670000
v -0.586000 0.550000 0.670000
v -0.586000 0.550000 0.670000
v -0.586000 0.550000 0.590000
v -0.586000 0.550000 0.590000
v -0.586000 0.550000 0.590000
v -0.582944 0.540595 0.670000
v -0.582944 0.540595 0.670000
v -0.582944 0.540595 0.670000
v -0.582944 0.540595 0.590000
v -0.582944 0.540595 0.590000
v -0.582944 0.540595 0.590000
v -0.574944 0.534783 0.670000
v -0.574944 0.534783 0.670000
v -0.574944 0.534783 0.670000
v -0.574944 0.534783 0.590000
v -0.574944 0.534783 0.590000
v -0.574944 0.534783 0.590000
v -0.565056 0.534783 0.670000
v -0.565056 0.534783 0.670000
v -0.565056 0.534783 0.670000
v -0.565056 0.534783 0.590000
v -0.565056 0.534783 0.590000
v -0.565056 0.534783 0.590000
v -0.557056 0.540595 0.670000
v -0.557056 0.540595 0.670000
v -0.557056 0.540595 0.670000
v -0.557056 0.540595 0.590000
v -0.557056 0.540595 0.590000
v -0.557056 0.540595 0.590000
vn -0.951100 -0.309000 0.000000
vn -0.587800 -0.809000 0.000000
vn -0.000000 -1.000000 0.000000
vn 0.587800 -0.809000 0.000000
vn 0.951100 -0.309000 0.000000
vn 0.951100 0.309000 0.000000
vn 0.587800 0.809000 0.000000
vn -0.000000 1.000000 0.000000
vn -0.000000 -0.000000 1.000000
vn -0.587800 0.809000 0.000000
vn -0.951100 0.309000 0.000000
vn -0.000000 -0.000000 -1.000000
vt 0.004815 0.004814
vt 0.074867 0.004814
vt 0.074867 0.705345
vt 0.004815 0.705345
vt 0.161458 0.004814
vt 0.161458 0.705345
vt 0.231511 0.004814
vt 0.231511 0.705345
vt 0.643737 0.004814
vt 0.730327 0.004814
vt 0.730327 0.705345
vt 0.643737 0.705345
vt 0.800379 0.004814
vt 0.800379 0.705345
vt 0.241139 0.004814
vt 0.311192 0.004814
vt 0.311192 0.705345
vt 0.241139 0.705345
vt 0.397782 0.004814
vt 0.397782 0.705345
vt 0.467835 0.004814
vt 0.467835 0.705345
vt 0.138063 0.714974
vt 0.220415 0.741731
vt 0.271311 0.811784
vt 0.271311 0.898374
vt 0.220415 0.968427
vt 0.138063 0.995185
vt 0.055711 0.968427
vt 0.004814 0.898374
vt 0.004814 0.811784
vt 0.055711 0.741731
vt 0.477465 0.004814
vt 0.564055 0.004814
vt 0.564055 0.705345
vt 0.477465 0.705345
vt 0.634108 0.004814
vt 0.634108 0.705345
vt 0.496541 0.968428
vt 0.414189 0.995185
vt 0.331837 0.968428
vt 0.280941 0.898375
vt 0.280941 0.811784
vt 0.331837 0.741731
vt 0.414189 0.714974
vt 0.496541 0.741731
vt 0.547438 0.811784
vt 0.547438 0.898375
s 0
g IntoFin2_RD_Steel
usemtl RD_Steel
f 3970/3181/968 3967/3180/968 3961/3179/968
f 3964/3182/968 3970/3181/968 3961/3179/968
f 3976/3184/969 3973/3183/969 3966/3180/969
f 3969/3181/969 3976/3184/969 3966/3180/969
f 3981/3186/970 3978/3185/970 3972/3183/970
f 3975/3184/970 3981/3186/970 3972/3183/970
f 3987/3189/971 3984/3188/971 3979/3187/971
f 3982/3190/971 3987/3189/971 3979/3187/971
f 3994/3192/972 3991/3191/972 3985/3188/972
f 3988/3189/972 3994/3192/972 3985/3188/972
f 4000/3195/973 3997/3194/973 3990/3193/973
f 3993/3196/973 4000/3195/973 3990/3193/973
f 4006/3198/974 4003/3197/974 3996/3194/974
f 3999/3195/974 4006/3198/974 3996/3194/974
f 4011/3200/975 4008/3199/975 4002/3197/975
f 4005/3198/975 4011/3200/975 4002/3197/975
f 3974/3203/976 3968/3202/976 3962/3201/976
f 3986/3205/976 3980/3204/976 3974/3203/976
f 3998/3207/976 3992/3206/976 3986/3205/976
f 4010/3209/976 4004/3208/976 3998/3207/976
f 3962/3201/976 4016/3210/976 4010/3209/976
f 3986/3205/976 3974/3203/976 3962/3201/976
f 4010/3209/976 3998/3207/976 3986/3205/976
f 3962/3201/976 4010/3209/976 3986/3205/976
f 4017/3213/977 4014/3212/977 4009/3211/977
f 4012/3214/977 4017/3213/977 4009/3211/977
f 3963/3216/978 3960/3215/978 4015/3212/978
f 4018/3213/978 3963/3216/978 4015/3212/978
f 4013/3219/979 3959/3218/979 3965/3217/979
f 4001/3221/979 4007/3220/979 4013/3219/979
f 3989/3223/979 3995/3222/979 4001/3221/979
f 3977/3225/979 3983/3224/979 3989/3223/979
f 3965/3217/979 3971/3226/979 3977/3225/979
f 4001/3221/979 4013/3219/979 3965/3217/979
f 3977/3225/979 3989/3223/979 4001/3221/979
f 3965/3217/979 3977/3225/979 4001/3221/979
g IntoFin3_Mesh
v -0.174000 0.550000 0.670000
v -0.174000 0.550000 0.670000
v -0.174000 0.550000 0.670000
v -0.174000 0.550000 0.590000
v -0.174000 0.550000 0.590000
v -0.174000 0.550000 0.590000
v -0.177056 0.559405 0.670000
v -0.177056 0.559405 0.670000
v -0.177056 0.559405 0.670000
v -0.177056 0.559405 0.590000
v -0.177056 0.559405 0.590000
v -0.177056 0.559405 0.590000
v -0.185056 0.565217 0.670000
v -0.185056 0.565217 0.670000
v -0.185056 0.565217 0.670000
v -0.185056 0.565217 0.590000
v -0.185056 0.565217 0.590000
v -0.185056 0.565217 0.590000
v -0.194944 0.565217 0.670000
v -0.194944 0.565217 0.670000
v -0.194944 0.565217 0.670000
v -0.194944 0.565217 0.590000
v -0.194944 0.565217 0.590000
v -0.194944 0.565217 0.590000
v -0.202944 0.559405 0.670000
v -0.202944 0.559405 0.670000
v -0.202944 0.559405 0.670000
v -0.202944 0.559405 0.590000
v -0.202944 0.559405 0.590000
v -0.202944 0.559405 0.590000
v -0.206000 0.550000 0.670000
v -0.206000 0.550000 0.670000
v -0.206000 0.550000 0.670000
v -0.206000 0.550000 0.590000
v -0.206000 0.550000 0.590000
v -0.206000 0.550000 0.590000
v -0.202944 0.540595 0.670000
v -0.202944 0.540595 0.670000
v -0.202944 0.540595 0.670000
v -0.202944 0.540595 0.590000
v -0.202944 0.540595 0.590000
v -0.202944 0.540595 0.590000
v -0.194944 0.534783 0.670000
v -0.194944 0.534783 0.670000
v -0.194944 0.534783 0.670000
v -0.194944 0.534783 0.590000
v -0.194944 0.534783 0.590000
v -0.194944 0.534783 0.590000
v -0.185056 0.534783 0.670000
v -0.185056 0.534783 0.670000
v -0.185056 0.534783 0.670000
v -0.185056 0.534783 0.590000
v -0.185056 0.534783 0.590000
v -0.185056 0.534783 0.590000
v -0.177056 0.540595 0.670000
v -0.177056 0.540595 0.670000
v -0.177056 0.540595 0.670000
v -0.177056 0.540595 0.590000
v -0.177056 0.540595 0.590000
v -0.177056 0.540595 0.590000
vn -0.951100 -0.309000 0.000000
vn -0.587800 -0.809000 0.000000
vn -0.000000 -1.000000 0.000000
vn 0.587800 -0.809000 0.000000
vn 0.951100 -0.309000 0.000000
vn 0.951100 0.309000 0.000000
vn 0.587800 0.809000 0.000000
vn -0.000000 1.000000 0.000000
vn -0.000000 -0.000000 1.000000
vn -0.587800 0.809000 0.000000
vn -0.951100 0.309000 0.000000
vn -0.000000 -0.000000 -1.000000
vt 0.241140 0.004814
vt 0.311193 0.004814
vt 0.311193 0.705344
vt 0.241140 0.705344
vt 0.397783 0.004814
vt 0.397783 0.705344
vt 0.467836 0.004814
vt 0.467836 0.705344
vt 0.477465 0.004814
vt 0.564056 0.004814
vt 0.564056 0.705344
vt 0.477465 0.705344
vt 0.634108 0.004814
vt 0.634108 0.705344
vt 0.004815 0.004814
vt 0.074867 0.004814
vt 0.074867 0.705344
vt 0.004815 0.705344
vt 0.161458 0.004814
vt 0.161458 0.705344
vt 0.231511 0.004814
vt 0.231511 0.705344
vt 0.271312 0.811785
vt 0.271312 0.898375
vt 0.220415 0.968428
vt 0.138063 0.995186
vt 0.055711 0.968428
vt 0.004815 0.898375
vt 0.004815 0.811785
vt 0.055711 0.741732
vt 0.138063 0.714974
vt 0.220415 0.741732
vt 0.643738 0.004814
vt 0.730328 0.004814
vt 0.730328 0.705344
vt 0.643737 0.705344
vt 0.800381 0.004814
vt 0.800381 0.705344
vt 0.414189 0.995185
vt 0.331837 0.968427
vt 0.280941 0.898375
vt 0.280941 0.811784
vt 0.331838 0.741732
vt 0.414190 0.714974
vt 0.496542 0.741731
vt 0.547438 0.811784
vt 0.547438 0.898375
vt 0.496542 0.968428
s 0
g IntoFin3_RD_Steel
usemtl RD_Steel
f 4030/3229/980 4027/3228/980 4021/3227/980
f 4024/3230/980 4030/3229/980 4021/3227/980
f 4036/3232/981 4033/3231/981 4026/3228/981
f 4029/3229/981 4036/3232/981 4026/3228/981
f 4041/3234/982 4038/3233/982 4032/3231/982
f 4035/3232/982 4041/3234/982 4032/3231/982
f 4047/3237/983 4044/3236/983 4039/3235/983
f 4042/3238/983 4047/3237/983 4039/3235/983
f 4054/3240/984 4051/3239/984 4045/3236/984
f 4048/3237/984 4054/3240/984 4045/3236/984
s 1
f 4060/3243/985 4057/3242/985 4050/3241/985
s 0
f 4053/3244/985 4060/3243/985 4050/3241/985
f 4066/3246/986 4063/3245/986 4056/3242/986
f 4059/3243/986 4066/3246/986 4056/3242/986
f 4071/3248/987 4068/3247/987 4062/3245/987
f 4065/3246/987 4071/3248/987 4062/3245/987
f 4034/3251/988 4028/3250/988 4022/3249/988
f 4046/3253/988 4040/3252/988 4034/3251/988
f 4058/3255/988 4052/3254/988 4046/3253/988
f 4070/3257/988 4064/3256/988 4058/3255/988
f 4022/3249/988 4076/3258/988 4070/3257/988
f 4046/3253/988 4034/3251/988 4022/3249/988
f 4070/3257/988 4058/3255/988 4046/3253/988
f 4022/3249/988 4070/3257/988 4046/3253/988
f 4077/3261/989 4074/3260/989 4069/3259/989
f 4072/3262/989 4077/3261/989 4069/3259/989
f 4023/3264/990 4020/3263/990 4075/3260/990
f 4078/3261/990 4023/3264/990 4075/3260/990
f 4073/3267/991 4019/3266/991 4025/3265/991
f 4061/3269/991 4067/3268/991 4073/3267/991
f 4049/3271/991 4055/3270/991 4061/3269/991
f 4037/3273/991 4043/3272/991 4049/3271/991
f 4025/3265/991 4031/3274/991 4037/3273/991
f 4061/3269/991 4073/3267/991 4025/3265/991
f 4037/3273/991 4049/3271/991 4061/3269/991
f 4025/3265/991 4037/3273/991 4061/3269/991
g IntoFin4_Mesh
v 0.206000 0.550000 0.670000
v 0.206000 0.550000 0.670000
v 0.206000 0.550000 0.670000
v 0.206000 0.550000 0.590000
v 0.206000 0.550000 0.590000
v 0.206000 0.550000 0.590000
v 0.202944 0.559405 0.670000
v 0.202944 0.559405 0.670000
v 0.202944 0.559405 0.670000
v 0.202944 0.559405 0.590000
v 0.202944 0.559405 0.590000
v 0.202944 0.559405 0.590000
v 0.194944 0.565217 0.670000
v 0.194944 0.565217 0.670000
v 0.194944 0.565217 0.670000
v 0.194944 0.565217 0.590000
v 0.194944 0.565217 0.590000
v 0.194944 0.565217 0.590000
v 0.185056 0.565217 0.670000
v 0.185056 0.565217 0.670000
v 0.185056 0.565217 0.670000
v 0.185056 0.565217 0.590000
v 0.185056 0.565217 0.590000
v 0.185056 0.565217 0.590000
v 0.177056 0.559405 0.670000
v 0.177056 0.559405 0.670000
v 0.177056 0.559405 0.670000
v 0.177056 0.559405 0.590000
v 0.177056 0.559405 0.590000
v 0.177056 0.559405 0.590000
v 0.174000 0.550000 0.670000
v 0.174000 0.550000 0.670000
v 0.174000 0.550000 0.670000
v 0.174000 0.550000 0.590000
v 0.174000 0.550000 0.590000
v 0.174000 0.550000 0.590000
v 0.177056 0.540595 0.670000
v 0.177056 0.540595 0.670000
v 0.177056 0.540595 0.670000
v 0.177056 0.540595 0.590000
v 0.177056 0.540595 0.590000
v 0.177056 0.540595 0.590000
v 0.185056 0.534783 0.670000
v 0.185056 0.534783 0.670000
v 0.185056 0.534783 0.670000
v 0.185056 0.534783 0.590000
v 0.185056 0.534783 0.590000
v 0.185056 0.534783 0.590000
v 0.194944 0.534783 0.670000
v 0.194944 0.534783 0.670000
v 0.194944 0.534783 0.670000
v 0.194944 0.534783 0.590000
v 0.194944 0.534783 0.590000
v 0.194944 0.534783 0.590000
v 0.202944 0.540595 0.670000
v 0.202944 0.540595 0.670000
v 0.202944 0.540595 0.670000
v 0.202944 0.540595 0.590000
v 0.202944 0.540595 0.590000
v 0.202944 0.540595 0.590000
vn -0.951100 -0.309000 0.000000
vn -0.587800 -0.809000 0.000000
vn -0.000000 -1.000000 0.000000
vn 0.587800 -0.809000 0.000000
vn 0.951100 -0.309000 0.000000
vn 0.951100 0.309000 0.000000
vn 0.587800 0.809000 0.000000
vn -0.000000 1.000000 0.000000
vn -0.000000 -0.000000 1.000000
vn -0.587800 0.809000 0.000000
vn -0.951100 0.309000 0.000000
vn -0.000000 -0.000000 -1.000000
vt 0.477465 0.004814
vt 0.547518 0.004814
vt 0.547518 0.705344
vt 0.477465 0.705344
vt 0.634108 0.004814
vt 0.634108 0.705344
vt 0.241140 0.004814
vt 0.311193 0.004814
vt 0.311193 0.705344
vt 0.241140 0.705344
vt 0.397783 0.004814
vt 0.397783 0.705344
vt 0.467836 0.004814
vt 0.467836 0.705344
vt 0.643737 0.004814
vt 0.713790 0.004814
vt 0.713790 0.705344
vt 0.643737 0.705344
vt 0.800381 0.004814
vt 0.800380 0.705344
vt 0.004815 0.004814
vt 0.074868 0.004814
vt 0.074868 0.705344
vt 0.004815 0.705344
vt 0.496542 0.741731
vt 0.547438 0.811784
vt 0.547438 0.898375
vt 0.496542 0.968428
vt 0.414189 0.995185
vt 0.331837 0.968427
vt 0.280941 0.898375
vt 0.280941 0.811784
vt 0.331838 0.741732
vt 0.414190 0.714974
vt 0.161458 0.004814
vt 0.161458 0.705344
vt 0.231511 0.004814
vt 0.231511 0.705344
vt 0.055711 0.968428
vt 0.004815 0.898375
vt 0.004815 0.811785
vt 0.055711 0.741732
vt 0.138063 0.714974
vt 0.220415 0.741732
vt 0.271312 0.811785
vt 0.271312 0.898375
vt 0.220415 0.968428
vt 0.138063 0.995186
s 0
g IntoFin4_RD_Steel
usemtl RD_Steel
f 4090/3277/992 4087/3276/992 4081/3275/992
f 4084/3278/992 4090/3277/992 4081/3275/992
f 4096/3280/993 4093/3279/993 4086/3276/993
f 4089/3277/993 4096/3280/993 4086/3276/993
f 4101/3283/994 4098/3282/994 4092/3281/994
f 4095/3284/994 4101/3283/994 4092/3281/994
f 4107/3286/995 4104/3285/995 4099/3282/995
f 4102/3283/995 4107/3286/995 4099/3282/995
f 4114/3288/996 4111/3287/996 4105/3285/996
f 4108/3286/996 4114/3288/996 4105/3285/996
s 1
f 4120/3291/997 4117/3290/997 4110/3289/997
s 0
f 4113/3292/997 4120/3291/997 4110/3289/997
f 4126/3294/998 4123/3293/998 4116/3290/998
f 4119/3291/998 4126/3294/998 4116/3290/998
f 4131/3297/999 4128/3296/999 4122/3295/999
f 4125/3298/999 4131/3297/999 4122/3295/999
f 4094/3301/1000 4088/3300/1000 4082/3299/1000
f 4106/3303/1000 4100/3302/1000 4094/3301/1000
f 4118/3305/1000 4112/3304/1000 4106/3303/1000
f 4130/3307/1000 4124/3306/1000 4118/3305/1000
f 4082/3299/1000 4136/3308/1000 4130/3307/1000
f 4106/3303/1000 4094/3301/1000 4082/3299/1000
f 4130/3307/1000 4118/3305/1000 4106/3303/1000
f 4082/3299/1000 4130/3307/1000 4106/3303/1000
f 4137/3310/1001 4134/3309/1001 4129/3296/1001
f 4132/3297/1001 4137/3310/1001 4129/3296/1001
f 4083/3312/1002 4080/3311/1002 4135/3309/1002
f 4138/3310/1002 4083/3312/1002 4135/3309/1002
f 4133/3315/1003 4079/3314/1003 4085/3313/1003
f 4121/3317/1003 4127/3316/1003 4133/3315/1003
f 4109/3319/1003 4115/3318/1003 4121/3317/1003
f 4097/3321/1003 4103/3320/1003 4109/3319/1003
f 4085/3313/1003 4091/3322/1003 4097/3321/1003
f 4121/3317/1003 4133/3315/1003 4085/3313/1003
f 4097/3321/1003 4109/3319/1003 4121/3317/1003
f 4085/3313/1003 4097/3321/1003 4121/3317/1003
g IntoFin5_Mesh
v 0.586000 0.550000 0.670000
v 0.586000 0.550000 0.670000
v 0.586000 0.550000 0.670000
v 0.586000 0.550000 0.590000
v 0.586000 0.550000 0.590000
v 0.586000 0.550000 0.590000
v 0.582944 0.559405 0.670000
v 0.582944 0.559405 0.670000
v 0.582944 0.559405 0.670000
v 0.582944 0.559405 0.590000
v 0.582944 0.559405 0.590000
v 0.582944 0.559405 0.590000
v 0.574944 0.565217 0.670000
v 0.574944 0.565217 0.670000
v 0.574944 0.565217 0.670000
v 0.574944 0.565217 0.590000
v 0.574944 0.565217 0.590000
v 0.574944 0.565217 0.590000
v 0.565056 0.565217 0.670000
v 0.565056 0.565217 0.670000
v 0.565056 0.565217 0.670000
v 0.565056 0.565217 0.590000
v 0.565056 0.565217 0.590000
v 0.565056 0.565217 0.590000
v 0.557056 0.559405 0.670000
v 0.557056 0.559405 0.670000
v 0.557056 0.559405 0.670000
v 0.557056 0.559405 0.590000
v 0.557056 0.559405 0.590000
v 0.557056 0.559405 0.590000
v 0.554000 0.550000 0.670000
v 0.554000 0.550000 0.670000
v 0.554000 0.550000 0.670000
v 0.554000 0.550000 0.590000
v 0.554000 0.550000 0.590000
v 0.554000 0.550000 0.590000
v 0.557056 0.540595 0.670000
v 0.557056 0.540595 0.670000
v 0.557056 0.540595 0.670000
v 0.557056 0.540595 0.590000
v 0.557056 0.540595 0.590000
v 0.557056 0.540595 0.590000
v 0.565056 0.534783 0.670000
v 0.565056 0.534783 0.670000
v 0.565056 0.534783 0.670000
v 0.565056 0.534783 0.590000
v 0.565056 0.534783 0.590000
v 0.565056 0.534783 0.590000
v 0.574944 0.534783 0.670000
v 0.574944 0.534783 0.670000
v 0.574944 0.534783 0.670000
v 0.574944 0.534783 0.590000
v 0.574944 0.534783 0.590000
v 0.574944 0.534783 0.590000
v 0.582944 0.540595 0.670000
v 0.582944 0.540595 0.670000
v 0.582944 0.540595 0.670000
v 0.582944 0.540595 0.590000
v 0.582944 0.540595 0.590000
v 0.582944 0.540595 0.590000
vn 0.951100 0.309000 0.000000
vn 0.587800 0.809000 0.000000
vn -0.000000 1.000000 0.000000
vn -0.587800 0.809000 0.000000
vn -0.951100 0.309000 0.000000
vn -0.951100 -0.309000 0.000000
vn -0.587800 -0.809000 0.000000
vn -0.000000 -1.000000 0.000000
vn -0.000000 -0.000000 -1.000000
vn 0.587800 -0.809000 0.000000
vn 0.951100 -0.309000 0.000000
vn -0.000000 -0.000000 1.000000
vt 0.467836 0.004814
vt 0.467836 0.705345
vt 0.397783 0.705345
vt 0.397783 0.004814
vt 0.311193 0.705345
vt 0.311193 0.004814
vt 0.241140 0.705345
vt 0.241140 0.004814
vt 0.634107 0.004814
vt 0.634107 0.705345
vt 0.547517 0.705345
vt 0.547517 0.004814
vt 0.477464 0.705345
vt 0.477464 0.004814
vt 0.231511 0.004814
vt 0.231511 0.705345
vt 0.161458 0.705345
vt 0.161458 0.004814
vt 0.074868 0.705345
vt 0.074868 0.004814
vt 0.004815 0.705345
vt 0.004815 0.004814
vt 0.271311 0.898374
vt 0.220415 0.968427
vt 0.138063 0.995185
vt 0.055711 0.968427
vt 0.004814 0.898374
vt 0.004814 0.811784
vt 0.055711 0.741731
vt 0.138063 0.714974
vt 0.220415 0.741731
vt 0.271311 0.811784
vt 0.800380 0.004814
vt 0.800380 0.705345
vt 0.713789 0.705345
vt 0.713789 0.004814
vt 0.643737 0.705345
vt 0.643737 0.004814
vt 0.331837 0.741731
vt 0.414189 0.714974
vt 0.496541 0.741731
vt 0.547438 0.811784
vt 0.547438 0.898375
vt 0.496541 0.968428
vt 0.414189 0.995185
vt 0.331837 0.968428
vt 0.280941 0.898375
vt 0.280941 0.811784
s 0
g IntoFin5_RD_Steel
usemtl RD_Steel
f 4150/3325/1004 4143/3324/1004 4140/3323/1004
f 4147/3326/1004 4150/3325/1004 4140/3323/1004
f 4156/3327/1005 4149/3325/1005 4146/3326/1005
f 4153/3328/1005 4156/3327/1005 4146/3326/1005
f 4161/3329/1006 4155/3327/1006 4152/3328/1006
f 4158/3330/1006 4161/3329/1006 4152/3328/1006
f 4167/3333/1007 4162/3332/1007 4159/3331/1007
f 4164/3334/1007 4167/3333/1007 4159/3331/1007
f 4173/3335/1008 4168/3333/1008 4165/3334/1008
f 4170/3336/1008 4173/3335/1008 4165/3334/1008
f 4180/3339/1009 4174/3338/1009 4171/3337/1009
f 4177/3340/1009 4180/3339/1009 4171/3337/1009
f 4186/3341/1010 4179/3339/1010 4176/3340/1010
f 4183/3342/1010 4186/3341/1010 4176/3340/1010
f 4191/3343/1011 4185/3341/1011 4182/3342/1011
f 4188/3344/1011 4191/3343/1011 4182/3342/1011
f 4142/3347/1012 4148/3346/1012 4154/3345/1012
f 4190/3349/1012 4196/3348/1012 4142/3347/1012
f 4178/3351/1012 4184/3350/1012 4190/3349/1012
f 4166/3353/1012 4172/3352/1012 4178/3351/1012
f 4154/3345/1012 4160/3354/1012 4166/3353/1012
f 4190/3349/1012 4142/3347/1012 4154/3345/1012
f 4166/3353/1012 4178/3351/1012 4190/3349/1012
f 4154/3345/1012 4166/3353/1012 4190/3349/1012
f 4197/3357/1013 4192/3356/1013 4189/3355/1013
f 4194/3358/1013 4197/3357/1013 4189/3355/1013
f 4144/3359/1014 4198/3357/1014 4195/3358/1014
f 4141/3360/1014 4144/3359/1014 4195/3358/1014
f 4145/3363/1015 4139/3362/1015 4193/3361/1015
f 4157/3365/1015 4151/3364/1015 4145/3363/1015
f 4169/3367/1015 4163/3366/1015 4157/3365/1015
f 4181/3369/1015 4175/3368/1015 4169/3367/1015
f 4193/3361/1015 4187/3370/1015 4181/3369/1015
f 4157/3365/1015 4145/3363/1015 4193/3361/1015
f 4181/3369/1015 4169/3367/1015 4157/3365/1015
f 4193/3361/1015 4181/3369/1015 4157/3365/1015
g IntoFin6_Mesh
v 0.966000 0.550000 0.670000
v 0.966000 0.550000 0.670000
v 0.966000 0.550000 0.670000
v 0.966000 0.550000 0.590000
v 0.966000 0.550000 0.590000
v 0.966000 0.550000 0.590000
v 0.962944 0.559405 0.670000
v 0.962944 0.559405 0.670000
v 0.962944 0.559405 0.670000
v 0.962944 0.559405 0.590000
v 0.962944 0.559405 0.590000
v 0.962944 0.559405 0.590000
v 0.954944 0.565217 0.670000
v 0.954944 0.565217 0.670000
v 0.954944 0.565217 0.670000
v 0.954944 0.565217 0.590000
v 0.954944 0.565217 0.590000
v 0.954944 0.565217 0.590000
v 0.945056 0.565217 0.670000
v 0.945056 0.565217 0.670000
v 0.945056 0.565217 0.670000
v 0.945056 0.565217 0.590000
v 0.945056 0.565217 0.590000
v 0.945056 0.565217 0.590000
v 0.937056 0.559405 0.670000
v 0.937056 0.559405 0.670000
v 0.937056 0.559405 0.670000
v 0.937056 0.559405 0.590000
v 0.937056 0.559405 0.590000
v 0.937056 0.559405 0.590000
v 0.934000 0.550000 0.670000
v 0.934000 0.550000 0.670000
v 0.934000 0.550000 0.670000
v 0.934000 0.550000 0.590000
v 0.934000 0.550000 0.590000
v 0.934000 0.550000 0.590000
v 0.937056 0.540595 0.670000
v 0.937056 0.540595 0.670000
v 0.937056 0.540595 0.670000
v 0.937056 0.540595 0.590000
v 0.937056 0.540595 0.590000
v 0.937056 0.540595 0.590000
v 0.945056 0.534783 0.670000
v 0.945056 0.534783 0.670000
v 0.945056 0.534783 0.670000
v 0.945056 0.534783 0.590000
v 0.945056 0.534783 0.590000
v 0.945056 0.534783 0.590000
v 0.954944 0.534783 0.670000
v 0.954944 0.534783 0.670000
v 0.954944 0.534783 0.670000
v 0.954944 0.534783 0.590000
v 0.954944 0.534783 0.590000
v 0.954944 0.534783 0.590000
v 0.962944 0.540595 0.670000
v 0.962944 0.540595 0.670000
v 0.962944 0.540595 0.670000
v 0.962944 0.540595 0.590000
v 0.962944 0.540595 0.590000
v 0.962944 0.540595 0.590000
vn 0.951100 0.309000 0.000000
vn 0.587800 0.809000 0.000000
vn -0.000000 1.000000 0.000000
vn -0.587800 0.809000 0.000000
vn -0.951100 0.309000 0.000000
vn -0.951100 -0.309000 0.000000
vn -0.587800 -0.809000 0.000000
vn -0.000000 -1.000000 0.000000
vn -0.000000 -0.000000 -1.000000
vn 0.587800 -0.809000 0.000000
vn 0.951100 -0.309000 0.000000
vn -0.000000 -0.000000 1.000000
vt 0.467836 0.004814
vt 0.467836 0.705345
vt 0.397783 0.705345
vt 0.397783 0.004814
vt 0.311193 0.705345
vt 0.311193 0.004814
vt 0.241140 0.705345
vt 0.241140 0.004814
vt 0.634108 0.004814
vt 0.634108 0.705345
vt 0.547517 0.705345
vt 0.547517 0.004814
vt 0.477464 0.705345
vt 0.477464 0.004814
vt 0.231511 0.004814
vt 0.231511 0.705345
vt 0.161458 0.705345
vt 0.161458 0.004814
vt 0.074868 0.705345
vt 0.074868 0.004814
vt 0.004815 0.705345
vt 0.004815 0.004814
vt 0.220415 0.968427
vt 0.138063 0.995185
vt 0.055711 0.968427
vt 0.004815 0.898374
vt 0.004815 0.811784
vt 0.055711 0.741731
vt 0.138063 0.714973
vt 0.220415 0.741731
vt 0.271312 0.811784
vt 0.271312 0.898374
vt 0.800379 0.004814
vt 0.800379 0.705345
vt 0.713788 0.705345
vt 0.713788 0.004814
vt 0.643736 0.705345
vt 0.643736 0.004814
vt 0.547439 0.898374
vt 0.496542 0.968427
vt 0.414190 0.995185
vt 0.331838 0.968427
vt 0.280942 0.898374
vt 0.280942 0.811784
vt 0.331838 0.741731
vt 0.414190 0.714973
vt 0.496542 0.741731
vt 0.547439 0.811784
s 0
g IntoFin6_RD_Steel
usemtl RD_Steel
f 4210/3373/1016 4203/3372/1016 4200/3371/1016
f 4207/3374/1016 4210/3373/1016 4200/3371/1016
f 4216/3375/1017 4209/3373/1017 4206/3374/1017
f 4213/3376/1017 4216/3375/1017 4206/3374/1017
f 4221/3377/1018 4215/3375/1018 4212/3376/1018
f 4218/3378/1018 4221/3377/1018 4212/3376/1018
f 4227/3381/1019 4222/3380/1019 4219/3379/1019
f 4224/3382/1019 4227/3381/1019 4219/3379/1019
f 4233/3383/1020 4228/3381/1020 4225/3382/1020
f 4230/3384/1020 4233/3383/1020 4225/3382/1020
f 4240/3387/1021 4234/3386/1021 4231/3385/1021
f 4237/3388/1021 4240/3387/1021 4231/3385/1021
f 4246/3389/1022 4239/3387/1022 4236/3388/1022
f 4243/3390/1022 4246/3389/1022 4236/3388/1022
f 4251/3391/1023 4245/3389/1023 4242/3390/1023
f 4248/3392/1023 4251/3391/1023 4242/3390/1023
f 4202/3395/1024 4208/3394/1024 4214/3393/1024
f 4250/3397/1024 4256/3396/1024 4202/3395/1024
f 4238/3399/1024 4244/3398/1024 4250/3397/1024
f 4226/3401/1024 4232/3400/1024 4238/3399/1024
f 4214/3393/1024 4220/3402/1024 4226/3401/1024
f 4250/3397/1024 4202/3395/1024 4214/3393/1024
f 4226/3401/1024 4238/3399/1024 4250/3397/1024
f 4214/3393/1024 4226/3401/1024 4250/3397/1024
f 4257/3405/1025 4252/3404/1025 4249/3403/1025
f 4254/3406/1025 4257/3405/1025 4249/3403/1025
f 4204/3407/1026 4258/3405/1026 4255/3406/1026
f 4201/3408/1026 4204/3407/1026 4255/3406/1026
f 4205/3411/1027 4199/3410/1027 4253/3409/1027
f 4217/3413/1027 4211/3412/1027 4205/3411/1027
f 4229/3415/1027 4223/3414/1027 4217/3413/1027
f 4241/3417/1027 4235/3416/1027 4229/3415/1027
f 4253/3409/1027 4247/3418/1027 4241/3417/1027
f 4217/3413/1027 4205/3411/1027 4253/3409/1027
f 4241/3417/1027 4229/3415/1027 4217/3413/1027
f 4253/3409/1027 4241/3417/1027 4217/3413/1027
g IntoFin7_Mesh
v 1.346000 0.550000 0.670000
v 1.346000 0.550000 0.670000
v 1.346000 0.550000 0.670000
v 1.346000 0.550000 0.590000
v 1.346000 0.550000 0.590000
v 1.346000 0.550000 0.590000
v 1.342944 0.559405 0.670000
v 1.342944 0.559405 0.670000
v 1.342944 0.559405 0.670000
v 1.342944 0.559405 0.590000
v 1.342944 0.559405 0.590000
v 1.342944 0.559405 0.590000
v 1.334944 0.565217 0.670000
v 1.334944 0.565217 0.670000
v 1.334944 0.565217 0.670000
v 1.334944 0.565217 0.590000
v 1.334944 0.565217 0.590000
v 1.334944 0.565217 0.590000
v 1.325056 0.565217 0.670000
v 1.325056 0.565217 0.670000
v 1.325056 0.565217 0.670000
v 1.325056 0.565217 0.590000
v 1.325056 0.565217 0.590000
v 1.325056 0.565217 0.590000
v 1.317056 0.559405 0.670000
v 1.317056 0.559405 0.670000
v 1.317056 0.559405 0.670000
v 1.317056 0.559405 0.590000
v 1.317056 0.559405 0.590000
v 1.317056 0.559405 0.590000
v 1.314000 0.550000 0.670000
v 1.314000 0.550000 0.670000
v 1.314000 0.550000 0.670000
v 1.314000 0.550000 0.590000
v 1.314000 0.550000 0.590000
v 1.314000 0.550000 0.590000
v 1.317056 0.540595 0.670000
v 1.317056 0.540595 0.670000
v 1.317056 0.540595 0.670000
v 1.317056 0.540595 0.590000
v 1.317056 0.540595 0.590000
v 1.317056 0.540595 0.590000
v 1.325056 0.534783 0.670000
v 1.325056 0.534783 0.670000
v 1.325056 0.534783 0.670000
v 1.325056 0.534783 0.590000
v 1.325056 0.534783 0.590000
v 1.325056 0.534783 0.590000
v 1.334944 0.534783 0.670000
v 1.334944 0.534783 0.670000
v 1.334944 0.534783 0.670000
v 1.334944 0.534783 0.590000
v 1.334944 0.534783 0.590000
v 1.334944 0.534783 0.590000
v 1.342944 0.540595 0.670000
v 1.342944 0.540595 0.670000
v 1.342944 0.540595 0.670000
v 1.342944 0.540595 0.590000
v 1.342944 0.540595 0.590000
v 1.342944 0.540595 0.590000
vn 0.951100 0.309000 0.000000
vn 0.587800 0.809000 0.000000
vn -0.000000 1.000000 0.000000
vn -0.587800 0.809000 0.000000
vn -0.951100 0.309000 0.000000
vn -0.951100 -0.309000 0.000000
vn -0.587800 -0.809000 0.000000
vn -0.000000 -1.000000 0.000000
vn -0.000000 -0.000000 -1.000000
vn 0.587800 -0.809000 0.000000
vn 0.951100 -0.309000 0.000000
vn -0.000000 -0.000000 1.000000
vt 0.069224 0.004415
vt 0.069224 0.652517
vt 0.004415 0.652517
vt 0.004415 0.004415
vt 0.651263 0.004415
vt 0.651263 0.652517
vt 0.586453 0.652517
vt 0.586453 0.004415
vt 0.506343 0.652517
vt 0.506343 0.004415
vt 0.441533 0.652517
vt 0.441533 0.004415
vt 0.432704 0.004415
vt 0.432704 0.652517
vt 0.367894 0.652517
vt 0.367894 0.004415
vt 0.287785 0.652517
vt 0.287785 0.004415
vt 0.222974 0.652517
vt 0.222974 0.004415
vt 0.995585 0.004415
vt 0.995585 0.652517
vt 0.915474 0.652517
vt 0.915474 0.004415
vt 0.859556 0.238900
vt 0.783367 0.263654
vt 0.707179 0.238899
vt 0.660092 0.174088
vt 0.660092 0.093979
vt 0.707180 0.029168
vt 0.783369 0.004414
vt 0.859558 0.029169
vt 0.906644 0.093980
vt 0.906644 0.174089
vt 0.214145 0.004415
vt 0.214145 0.652517
vt 0.149334 0.652517
vt 0.149334 0.004415
vt 0.906644 0.442156
vt 0.859558 0.506967
vt 0.783369 0.531722
vt 0.707181 0.506968
vt 0.660092 0.442158
vt 0.660092 0.362049
vt 0.707179 0.297238
vt 0.783368 0.272483
vt 0.859556 0.297237
vt 0.906644 0.362047
s 0
g IntoFin7_RD_Steel
usemtl RD_Steel
f 4270/3421/1028 4263/3420/1028 4260/3419/1028
f 4267/3422/1028 4270/3421/1028 4260/3419/1028
f 4276/3425/1029 4269/3424/1029 4266/3423/1029
f 4273/3426/1029 4276/3425/1029 4266/3423/1029
f 4281/3427/1030 4275/3425/1030 4272/3426/1030
f 4278/3428/1030 4281/3427/1030 4272/3426/1030
f 4287/3429/1031 4282/3427/1031 4279/3428/1031
f 4284/3430/1031 4287/3429/1031 4279/3428/1031
f 4293/3433/1032 4288/3432/1032 4285/3431/1032
f 4290/3434/1032 4293/3433/1032 4285/3431/1032
f 4300/3435/1033 4294/3433/1033 4291/3434/1033
f 4297/3436/1033 4300/3435/1033 4291/3434/1033
f 4306/3437/1034 4299/3435/1034 4296/3436/1034
f 4303/3438/1034 4306/3437/1034 4296/3436/1034
f 4311/3441/1035 4305/3440/1035 4302/3439/1035
f 4308/3442/1035 4311/3441/1035 4302/3439/1035
f 4262/3445/1036 4268/3444/1036 4274/3443/1036
f 4310/3447/1036 4316/3446/1036 4262/3445/1036
f 4298/3449/1036 4304/3448/1036 4310/3447/1036
f 4286/3451/1036 4292/3450/1036 4298/3449/1036
f 4274/3443/1036 4280/3452/1036 4286/3451/1036
f 4310/3447/1036 4262/3445/1036 4274/3443/1036
f 4286/3451/1036 4298/3449/1036 4310/3447/1036
f 4274/3443/1036 4286/3451/1036 4310/3447/1036
f 4317/3455/1037 4312/3454/1037 4309/3453/1037
f 4314/3456/1037 4317/3455/1037 4309/3453/1037
f 4264/3420/1038 4318/3455/1038 4315/3456/1038
f 4261/3419/1038 4264/3420/1038 4315/3456/1038
f 4265/3459/1039 4259/3458/1039 4313/3457/1039
f 4277/3461/1039 4271/3460/1039 4265/3459/1039
f 4289/3463/1039 4283/3462/1039 4277/3461/1039
f 4301/3465/1039 4295/3464/1039 4289/3463/1039
f 4313/3457/1039 4307/3466/1039 4301/3465/1039
f 4277/3461/1039 4265/3459/1039 4313/3457/1039
f 4301/3465/1039 4289/3463/1039 4277/3461/1039
f 4313/3457/1039 4301/3465/1039 4277/3461/1039
g Led_Mesh
v 1.341000 0.365000 0.872500
v 1.341000 0.365000 0.872500
v 1.341000 0.365000 0.872500
v 1.341000 0.365000 0.875500
v 1.341000 0.365000 0.875500
v 1.341000 0.365000 0.875500
v 1.341000 0.375000 0.872500
v 1.341000 0.375000 0.872500
v 1.341000 0.375000 0.872500
v 1.341000 0.375000 0.875500
v 1.341000 0.375000 0.875500
v 1.341000 0.375000 0.875500
v 1.359000 0.365000 0.872500
v 1.359000 0.365000 0.872500
v 1.359000 0.365000 0.872500
v 1.359000 0.365000 0.875500
v 1.359000 0.365000 0.875500
v 1.359000 0.365000 0.875500
v 1.359000 0.375000 0.872500
v 1.359000 0.375000 0.872500
v 1.359000 0.375000 0.872500
v 1.359000 0.375000 0.875500
v 1.359000 0.375000 0.875500
v 1.359000 0.375000 0.875500
vn -1.000000 -0.000000 0.000000
vn -0.000000 1.000000 0.000000
vn 1.000000 -0.000000 0.000000
vn -0.000000 -1.000000 0.000000
vn -0.000000 -0.000000 -1.000000
vn -0.000000 -0.000000 1.000000
vt 0.646000 0.849000
vt 0.646000 0.850200
vt 0.650000 0.850200
vt 0.650000 0.849000
vt 1.036400 0.849000
vt 1.036400 0.850200
vt 1.043600 0.850200
vt 1.043600 0.849000
vt 1.036400 0.650000
vt 1.043600 0.650000
vt 1.043600 0.646000
vt 1.036400 0.646000
s 0
g Led_RD_Led
usemtl RD_Led
f 4330/3469/1040 4324/3468/1040 4321/3467/1040
f 4327/3470/1040 4330/3469/1040 4321/3467/1040
f 4341/3473/1041 4329/3472/1041 4326/3471/1041
f 4338/3474/1041 4341/3473/1041 4326/3471/1041
f 4336/3468/1042 4342/3469/1042 4339/3470/1042
f 4333/3467/1042 4336/3468/1042 4339/3470/1042
f 4323/3472/1043 4335/3473/1043 4332/3474/1043
f 4320/3471/1043 4323/3472/1043 4332/3474/1043
f 4331/3477/1044 4337/3476/1044 4325/3475/1044
f 4319/3478/1044 4331/3477/1044 4325/3475/1044
f 4322/3478/1045 4328/3475/1045 4340/3476/1045
f 4334/3477/1045 4322/3478/1045 4340/3476/1045
g LedCard_Mesh
v 1.332000 0.359000 0.868000
v 1.332000 0.359000 0.868000
v 1.332000 0.359000 0.868000
v 1.332000 0.359000 0.872000
v 1.332000 0.359000 0.872000
v 1.332000 0.359000 0.872000
v 1.332000 0.381000 0.868000
v 1.332000 0.381000 0.868000
v 1.332000 0.381000 0.868000
v 1.332000 0.381000 0.872000
v 1.332000 0.381000 0.872000
v 1.332000 0.381000 0.872000
v 1.368000 0.359000 0.868000
v 1.368000 0.359000 0.868000
v 1.368000 0.359000 0.868000
v 1.368000 0.359000 0.872000
v 1.368000 0.359000 0.872000
v 1.368000 0.359000 0.872000
v 1.368000 0.381000 0.868000
v 1.368000 0.381000 0.868000
v 1.368000 0.381000 0.868000
v 1.368000 0.381000 0.872000
v 1.368000 0.381000 0.872000
v 1.368000 0.381000 0.872000
vn -1.000000 -0.000000 0.000000
vn -0.000000 1.000000 0.000000
vn 1.000000 -0.000000 0.000000
vn -0.000000 -1.000000 0.000000
vn -0.000000 -0.000000 -1.000000
vn -0.000000 -0.000000 1.000000
vt 0.643600 0.847200
vt 0.643600 0.848800
vt 0.652400 0.848800
vt 0.652400 0.847200
vt 1.032800 0.847200
vt 1.032800 0.848800
vt 1.047200 0.848800
vt 1.047200 0.847200
vt 1.032800 0.652400
vt 1.047200 0.652400
vt 1.047200 0.643600
vt 1.032800 0.643600
s 0
g LedCard_RD_Steel
usemtl RD_Steel
f 4354/3481/1046 4348/3480/1046 4345/3479/1046
f 4351/3482/1046 4354/3481/1046 4345/3479/1046
f 4365/3485/1047 4353/3484/1047 4350/3483/1047
f 4362/3486/1047 4365/3485/1047 4350/3483/1047
f 4360/3480/1048 4366/3481/1048 4363/3482/1048
f 4357/3479/1048 4360/3480/1048 4363/3482/1048
f 4347/3484/1049 4359/3485/1049 4356/3486/1049
f 4344/3483/1049 4347/3484/1049 4356/3486/1049
f 4355/3489/1050 4361/3488/1050 4349/3487/1050
f 4343/3490/1050 4355/3489/1050 4349/3487/1050
f 4346/3490/1051 4352/3487/1051 4364/3488/1051
f 4358/3489/1051 4346/3490/1051 4364/3488/1051
g Pocket0_Mesh
v -1.060000 0.020000 0.590000
v -1.060000 0.020000 0.590000
v -1.060000 0.020000 0.590000
v -1.060000 0.020000 0.870000
v -1.060000 0.020000 0.870000
v -1.060000 0.020000 0.870000
v -1.060000 0.090000 0.590000
v -1.060000 0.090000 0.590000
v -1.060000 0.090000 0.590000
v -1.060000 0.090000 0.870000
v -1.060000 0.090000 0.870000
v -1.060000 0.090000 0.870000
v -0.640000 0.020000 0.590000
v -0.640000 0.020000 0.590000
v -0.640000 0.020000 0.590000
v -0.640000 0.020000 0.870000
v -0.640000 0.020000 0.870000
v -0.640000 0.020000 0.870000
v -0.640000 0.090000 0.590000
v -0.640000 0.090000 0.590000
v -0.640000 0.090000 0.590000
v -0.640000 0.090000 0.870000
v -0.640000 0.090000 0.870000
v -0.640000 0.090000 0.870000
vn -1.000000 -0.000000 0.000000
vn -0.000000 1.000000 0.000000
vn 1.000000 -0.000000 0.000000
vn -0.000000 -1.000000 0.000000
vn -0.000000 -0.000000 -1.000000
vn -0.000000 -0.000000 1.000000
vt 0.508000 0.736000
vt 0.508000 0.848000
vt 0.536000 0.848000
vt 0.536000 0.736000
vt 0.076000 0.736000
vt 0.076000 0.848000
vt 0.244000 0.848000
vt 0.244000 0.736000
vt 0.076000 0.536000
vt 0.244000 0.536000
vt 0.244000 0.508000
vt 0.076000 0.508000
s 0
g Pocket0_RD_Dust
usemtl RD_Dust
f 4378/3493/1052 4372/3492/1052 4369/3491/1052
f 4375/3494/1052 4378/3493/1052 4369/3491/1052
f 4389/3497/1053 4377/3496/1053 4374/3495/1053
f 4386/3498/1053 4389/3497/1053 4374/3495/1053
f 4384/3492/1054 4390/3493/1054 4387/3494/1054
f 4381/3491/1054 4384/3492/1054 4387/3494/1054
f 4371/3496/1055 4383/3497/1055 4380/3498/1055
f 4368/3495/1055 4371/3496/1055 4380/3498/1055
f 4379/3501/1056 4385/3500/1056 4373/3499/1056
f 4367/3502/1056 4379/3501/1056 4373/3499/1056
f 4370/3502/1057 4376/3499/1057 4388/3500/1057
f 4382/3501/1057 4370/3502/1057 4388/3500/1057
g Pocket1_Mesh
v 0.640000 0.020000 0.590000
v 0.640000 0.020000 0.590000
v 0.640000 0.020000 0.590000
v 0.640000 0.020000 0.870000
v 0.640000 0.020000 0.870000
v 0.640000 0.020000 0.870000
v 0.640000 0.090000 0.590000
v 0.640000 0.090000 0.590000
v 0.640000 0.090000 0.590000
v 0.640000 0.090000 0.870000
v 0.640000 0.090000 0.870000
v 0.640000 0.090000 0.870000
v 1.060000 0.020000 0.590000
v 1.060000 0.020000 0.590000
v 1.060000 0.020000 0.590000
v 1.060000 0.020000 0.870000
v 1.060000 0.020000 0.870000
v 1.060000 0.020000 0.870000
v 1.060000 0.090000 0.590000
v 1.060000 0.090000 0.590000
v 1.060000 0.090000 0.590000
v 1.060000 0.090000 0.870000
v 1.060000 0.090000 0.870000
v 1.060000 0.090000 0.870000
vn -1.000000 -0.000000 0.000000
vn -0.000000 1.000000 0.000000
vn 1.000000 -0.000000 0.000000
vn -0.000000 -1.000000 0.000000
vn -0.000000 -0.000000 -1.000000
vn -0.000000 -0.000000 1.000000
vt 0.508000 0.736000
vt 0.508000 0.848000
vt 0.536000 0.848000
vt 0.536000 0.736000
vt 0.756000 0.736000
vt 0.756000 0.848000
vt 0.924000 0.848000
vt 0.924000 0.736000
vt 0.756000 0.536000
vt 0.924000 0.536000
vt 0.924000 0.508000
vt 0.756000 0.508000
s 0
g Pocket1_RD_Dust
usemtl RD_Dust
f 4402/3505/1058 4396/3504/1058 4393/3503/1058
f 4399/3506/1058 4402/3505/1058 4393/3503/1058
f 4413/3509/1059 4401/3508/1059 4398/3507/1059
f 4410/3510/1059 4413/3509/1059 4398/3507/1059
f 4408/3504/1060 4414/3505/1060 4411/3506/1060
f 4405/3503/1060 4408/3504/1060 4411/3506/1060
f 4395/3508/1061 4407/3509/1061 4404/3510/1061
f 4392/3507/1061 4395/3508/1061 4404/3510/1061
f 4403/3513/1062 4409/3512/1062 4397/3511/1062
f 4391/3514/1062 4403/3513/1062 4397/3511/1062
f 4394/3514/1063 4400/3511/1063 4412/3512/1063
f 4406/3513/1063 4394/3514/1063 4412/3512/1063
g PostBolt0.08_-0.08_Mesh
v -1.550000 0.252000 0.550000
v -1.550000 0.252000 0.550000
v -1.550000 0.252000 0.550000
v -1.580000 0.250000 0.550000
v -1.580000 0.250000 0.550000
v -1.580000 0.250000 0.550000
v -1.550000 0.246000 0.560392
v -1.550000 0.246000 0.560392
v -1.550000 0.246000 0.560392
v -1.580000 0.245000 0.558660
v -1.580000 0.245000 0.558660
v -1.580000 0.245000 0.558660
v -1.550000 0.234000 0.560392
v -1.550000 0.234000 0.560392
v -1.550000 0.234000 0.560392
v -1.580000 0.235000 0.558660
v -1.580000 0.235000 0.558660
v -1.580000 0.235000 0.558660
v -1.550000 0.228000 0.550000
v -1.550000 0.228000 0.550000
v -1.550000 0.228000 0.550000
v -1.580000 0.230000 0.550000
v -1.580000 0.230000 0.550000
v -1.580000 0.230000 0.550000
v -1.550000 0.234000 0.539608
v -1.550000 0.234000 0.539608
v -1.550000 0.234000 0.539608
v -1.580000 0.235000 0.541340
v -1.580000 0.235000 0.541340
v -1.580000 0.235000 0.541340
v -1.550000 0.246000 0.539608
v -1.550000 0.246000 0.539608
v -1.550000 0.246000 0.539608
v -1.580000 0.245000 0.541340
v -1.580000 0.245000 0.541340
v -1.580000 0.245000 0.541340
vn -0.057600 0.864600 0.499200
vn -0.057600 -0.000000 0.998300
vn -0.057600 -0.864600 0.499200
vn -0.057600 -0.864600 -0.499200
vn -1.000000 -0.000000 0.000000
vn -0.057600 -0.000000 -0.998300
vn -0.057600 0.864600 -0.499200
vn 1.000000 -0.000000 0.000000
vt 0.436422 0.015540
vt 0.400450 0.554215
vt 0.310522 0.545236
vt 0.328508 0.004766
vt 0.130666 0.545236
vt 0.112680 0.004766
vt 0.040737 0.554215
vt 0.004766 0.015540
vt 0.779407 0.545236
vt 0.797392 0.004765
vt 0.977249 0.004765
vt 0.995234 0.545236
vt 0.280661 0.563747
vt 0.436421 0.653675
vt 0.436421 0.833532
vt 0.280661 0.923460
vt 0.124900 0.833532
vt 0.124900 0.653675
vt 0.445954 0.544341
vt 0.463989 0.004768
vt 0.554166 0.010750
vt 0.554166 0.551520
vt 0.733924 0.004768
vt 0.769875 0.544341
vt 0.445954 0.884792
vt 0.445954 0.668964
vt 0.632866 0.561051
vt 0.819779 0.668965
vt 0.819778 0.884793
vt 0.632866 0.992706
s 0
g PostBolt0.08_-0.08_RD_Steel
usemtl RD_Steel
f 4424/3517/1064 4418/3516/1064 4416/3515/1064
f 4422/3518/1064 4424/3517/1064 4416/3515/1064
f 4431/3519/1065 4425/3517/1065 4423/3518/1065
f 4429/3520/1065 4431/3519/1065 4423/3518/1065
f 4436/3521/1066 4430/3519/1066 4428/3520/1066
f 4434/3522/1066 4436/3521/1066 4428/3520/1066
f 4442/3525/1067 4437/3524/1067 4435/3523/1067
f 4440/3526/1067 4442/3525/1067 4435/3523/1067
f 4420/3529/1068 4426/3528/1068 4432/3527/1068
f 4444/3531/1068 4450/3530/1068 4420/3529/1068
f 4432/3527/1068 4438/3532/1068 4444/3531/1068
f 4432/3527/1068 4444/3531/1068 4420/3529/1068
f 4449/3535/1069 4443/3534/1069 4441/3533/1069
f 4447/3536/1069 4449/3535/1069 4441/3533/1069
f 4419/3537/1070 4448/3535/1070 4446/3536/1070
f 4417/3538/1070 4419/3537/1070 4446/3536/1070
f 4421/3541/1071 4415/3540/1071 4445/3539/1071
f 4433/3543/1071 4427/3542/1071 4421/3541/1071
f 4445/3539/1071 4439/3544/1071 4433/3543/1071
f 4445/3539/1071 4433/3543/1071 4421/3541/1071
g PostBolt0.08_0.08_Mesh
v -1.550000 0.252000 0.710000
v -1.550000 0.252000 0.710000
v -1.550000 0.252000 0.710000
v -1.580000 0.250000 0.710000
v -1.580000 0.250000 0.710000
v -1.580000 0.250000 0.710000
v -1.550000 0.246000 0.720392
v -1.550000 0.246000 0.720392
v -1.550000 0.246000 0.720392
v -1.580000 0.245000 0.718660
v -1.580000 0.245000 0.718660
v -1.580000 0.245000 0.718660
v -1.550000 0.234000 0.720392
v -1.550000 0.234000 0.720392
v -1.550000 0.234000 0.720392
v -1.580000 0.235000 0.718660
v -1.580000 0.235000 0.718660
v -1.580000 0.235000 0.718660
v -1.550000 0.228000 0.710000
v -1.550000 0.228000 0.710000
v -1.550000 0.228000 0.710000
v -1.580000 0.230000 0.710000
v -1.580000 0.230000 0.710000
v -1.580000 0.230000 0.710000
v -1.550000 0.234000 0.699608
v -1.550000 0.234000 0.699608
v -1.550000 0.234000 0.699608
v -1.580000 0.235000 0.701340
v -1.580000 0.235000 0.701340
v -1.580000 0.235000 0.701340
v -1.550000 0.246000 0.699608
v -1.550000 0.246000 0.699608
v -1.550000 0.246000 0.699608
v -1.580000 0.245000 0.701340
v -1.580000 0.245000 0.701340
v -1.580000 0.245000 0.701340
vn -0.057600 0.864600 0.499200
vn -0.057600 -0.000000 0.998300
vn -0.057600 -0.864600 0.499200
vn -0.057600 -0.864600 -0.499200
vn -1.000000 -0.000000 0.000000
vn -0.057600 -0.000000 -0.998300
vn -0.057600 0.864600 -0.499200
vn 1.000000 -0.000000 0.000000
vt 0.436421 0.015540
vt 0.400450 0.554214
vt 0.310521 0.545237
vt 0.328507 0.004766
vt 0.130665 0.545237
vt 0.112680 0.004766
vt 0.040737 0.554214
vt 0.004766 0.015540
vt 0.779405 0.545237
vt 0.797391 0.004767
vt 0.977248 0.004767
vt 0.995234 0.545237
vt 0.280660 0.563746
vt 0.436420 0.653674
vt 0.436420 0.833530
vt 0.280660 0.923458
vt 0.124900 0.833530
vt 0.124900 0.653674
vt 0.445954 0.544338
vt 0.463989 0.004766
vt 0.554166 0.010747
vt 0.554166 0.551516
vt 0.733922 0.004766
vt 0.769874 0.544338
vt 0.445953 0.884791
vt 0.445953 0.668963
vt 0.632865 0.561050
vt 0.819777 0.668963
vt 0.819777 0.884791
vt 0.632865 0.992704
s 0
g PostBolt0.08_0.08_RD_Steel
usemtl RD_Steel
f 4460/3547/1072 4454/3546/1072 4452/3545/1072
f 4458/3548/1072 4460/3547/1072 4452/3545/1072
f 4467/3549/1073 4461/3547/1073 4459/3548/1073
f 4465/3550/1073 4467/3549/1073 4459/3548/1073
f 4472/3551/1074 4466/3549/1074 4464/3550/1074
f 4470/3552/1074 4472/3551/1074 4464/3550/1074
f 4478/3555/1075 4473/3554/1075 4471/3553/1075
f 4476/3556/1075 4478/3555/1075 4471/3553/1075
f 4456/3559/1076 4462/3558/1076 4468/3557/1076
f 4480/3561/1076 4486/3560/1076 4456/3559/1076
f 4468/3557/1076 4474/3562/1076 4480/3561/1076
f 4468/3557/1076 4480/3561/1076 4456/3559/1076
f 4485/3565/1077 4479/3564/1077 4477/3563/1077
f 4483/3566/1077 4485/3565/1077 4477/3563/1077
f 4455/3567/1078 4484/3565/1078 4482/3566/1078
f 4453/3568/1078 4455/3567/1078 4482/3566/1078
f 4457/3571/1079 4451/3570/1079 4481/3569/1079
f 4469/3573/1079 4463/3572/1079 4457/3571/1079
f 4481/3569/1079 4475/3574/1079 4469/3573/1079
f 4481/3569/1079 4469/3573/1079 4457/3571/1079
g PostBolt0.22_-0.08_Mesh
v -1.550000 0.392000 0.550000
v -1.550000 0.392000 0.550000
v -1.550000 0.392000 0.550000
v -1.580000 0.390000 0.550000
v -1.580000 0.390000 0.550000
v -1.580000 0.390000 0.550000
v -1.550000 0.386000 0.560392
v -1.550000 0.386000 0.560392
v -1.550000 0.386000 0.560392
v -1.580000 0.385000 0.558660
v -1.580000 0.385000 0.558660
v -1.580000 0.385000 0.558660
v -1.550000 0.374000 0.560392
v -1.550000 0.374000 0.560392
v -1.550000 0.374000 0.560392
v -1.580000 0.375000 0.558660
v -1.580000 0.375000 0.558660
v -1.580000 0.375000 0.558660
v -1.550000 0.368000 0.550000
v -1.550000 0.368000 0.550000
v -1.550000 0.368000 0.550000
v -1.580000 0.370000 0.550000
v -1.580000 0.370000 0.550000
v -1.580000 0.370000 0.550000
v -1.550000 0.374000 0.539608
v -1.550000 0.374000 0.539608
v -1.550000 0.374000 0.539608
v -1.580000 0.375000 0.541340
v -1.580000 0.375000 0.541340
v -1.580000 0.375000 0.541340
v -1.550000 0.386000 0.539608
v -1.550000 0.386000 0.539608
v -1.550000 0.386000 0.539608
v -1.580000 0.385000 0.541340
v -1.580000 0.385000 0.541340
v -1.580000 0.385000 0.541340
vn -0.057600 0.864600 0.499200
vn -0.057600 -0.000000 0.998300
vn -0.057600 -0.864600 0.499200
vn -0.057600 -0.864600 -0.499200
vn -1.000000 -0.000000 0.000000
vn -0.057600 -0.000000 -0.998300
vn -0.057600 0.864600 -0.499200
vn 1.000000 -0.000000 0.000000
vt 0.436842 0.014917
vt 0.400781 0.554928
vt 0.310630 0.545927
vt 0.328661 0.004116
vt 0.130327 0.545927
vt 0.112297 0.004116
vt 0.040176 0.554928
vt 0.004116 0.014917
vt 0.445073 0.544128
vt 0.481133 0.004116
vt 0.571285 0.013116
vt 0.553254 0.554926
vt 0.387100 0.833612
vt 0.387100 0.653310
vt 0.543246 0.563158
vt 0.699393 0.653310
vt 0.699393 0.833612
vt 0.543246 0.923764
vt 0.751587 0.013116
vt 0.769618 0.554926
vt 0.841739 0.004116
vt 0.877799 0.544128
vt 0.378867 0.887704
vt 0.191491 0.995885
vt 0.004115 0.887704
vt 0.004115 0.671340
vt 0.191491 0.563158
vt 0.378867 0.671340
s 0
g PostBolt0.22_-0.08_RD_Steel
usemtl RD_Steel
f 4496/3577/1080 4490/3576/1080 4488/3575/1080
f 4494/3578/1080 4496/3577/1080 4488/3575/1080
f 4503/3579/1081 4497/3577/1081 4495/3578/1081
f 4501/3580/1081 4503/3579/1081 4495/3578/1081
f 4508/3581/1082 4502/3579/1082 4500/3580/1082
f 4506/3582/1082 4508/3581/1082 4500/3580/1082
f 4514/3585/1083 4509/3584/1083 4507/3583/1083
f 4512/3586/1083 4514/3585/1083 4507/3583/1083
f 4492/3589/1084 4498/3588/1084 4504/3587/1084
f 4516/3591/1084 4522/3590/1084 4492/3589/1084
f 4504/3587/1084 4510/3592/1084 4516/3591/1084
f 4504/3587/1084 4516/3591/1084 4492/3589/1084
f 4521/3593/1085 4515/3585/1085 4513/3586/1085
f 4519/3594/1085 4521/3593/1085 4513/3586/1085
f 4491/3595/1086 4520/3593/1086 4518/3594/1086
f 4489/3596/1086 4491/3595/1086 4518/3594/1086
f 4493/3599/1087 4487/3598/1087 4517/3597/1087
f 4505/3601/1087 4499/3600/1087 4493/3599/1087
f 4517/3597/1087 4511/3602/1087 4505/3601/1087
f 4517/3597/1087 4505/3601/1087 4493/3599/1087
g PostBolt0.22_0.08_Mesh
v -1.550000 0.392000 0.710000
v -1.550000 0.392000 0.710000
v -1.550000 0.392000 0.710000
v -1.580000 0.390000 0.710000
v -1.580000 0.390000 0.710000
v -1.580000 0.390000 0.710000
v -1.550000 0.386000 0.720392
v -1.550000 0.386000 0.720392
v -1.550000 0.386000 0.720392
v -1.580000 0.385000 0.718660
v -1.580000 0.385000 0.718660
v -1.580000 0.385000 0.718660
v -1.550000 0.374000 0.720392
v -1.550000 0.374000 0.720392
v -1.550000 0.374000 0.720392
v -1.580000 0.375000 0.718660
v -1.580000 0.375000 0.718660
v -1.580000 0.375000 0.718660
v -1.550000 0.368000 0.710000
v -1.550000 0.368000 0.710000
v -1.550000 0.368000 0.710000
v -1.580000 0.370000 0.710000
v -1.580000 0.370000 0.710000
v -1.580000 0.370000 0.710000
v -1.550000 0.374000 0.699608
v -1.550000 0.374000 0.699608
v -1.550000 0.374000 0.699608
v -1.580000 0.375000 0.701340
v -1.580000 0.375000 0.701340
v -1.580000 0.375000 0.701340
v -1.550000 0.386000 0.699608
v -1.550000 0.386000 0.699608
v -1.550000 0.386000 0.699608
v -1.580000 0.385000 0.701340
v -1.580000 0.385000 0.701340
v -1.580000 0.385000 0.701340
vn -0.057600 0.864600 0.499200
vn -0.057600 -0.000000 0.998300
vn -0.057600 -0.864600 0.499200
vn -0.057600 -0.864600 -0.499200
vn -1.000000 -0.000000 0.000000
vn -0.057600 -0.000000 -0.998300
vn -0.057600 0.864600 -0.499200
vn 1.000000 -0.000000 0.000000
vt 0.436842 0.014917
vt 0.400781 0.554928
vt 0.310630 0.545929
vt 0.328661 0.004116
vt 0.130327 0.545929
vt 0.112297 0.004116
vt 0.040176 0.554928
vt 0.004116 0.014917
vt 0.445073 0.544128
vt 0.481133 0.004116
vt 0.571285 0.013118
vt 0.553254 0.554928
vt 0.387100 0.833612
vt 0.387100 0.653310
vt 0.543246 0.563158
vt 0.699393 0.653310
vt 0.699393 0.833612
vt 0.543246 0.923764
vt 0.751587 0.013118
vt 0.769618 0.554928
vt 0.841739 0.004116
vt 0.877799 0.544128
vt 0.378867 0.887704
vt 0.191491 0.995885
vt 0.004115 0.887704
vt 0.004115 0.671340
vt 0.191491 0.563158
vt 0.378867 0.671340
s 0
g PostBolt0.22_0.08_RD_Steel
usemtl RD_Steel
f 4532/3605/1088 4526/3604/1088 4524/3603/1088
f 4530/3606/1088 4532/3605/1088 4524/3603/1088
f 4539/3607/1089 4533/3605/1089 4531/3606/1089
f 4537/3608/1089 4539/3607/1089 4531/3606/1089
f 4544/3609/1090 4538/3607/1090 4536/3608/1090
f 4542/3610/1090 4544/3609/1090 4536/3608/1090
f 4550/3613/1091 4545/3612/1091 4543/3611/1091
f 4548/3614/1091 4550/3613/1091 4543/3611/1091
f 4528/3617/1092 4534/3616/1092 4540/3615/1092
f 4552/3619/1092 4558/3618/1092 4528/3617/1092
f 4540/3615/1092 4546/3620/1092 4552/3619/1092
f 4540/3615/1092 4552/3619/1092 4528/3617/1092
f 4557/3621/1093 4551/3613/1093 4549/3614/1093
f 4555/3622/1093 4557/3621/1093 4549/3614/1093
f 4527/3623/1094 4556/3621/1094 4554/3622/1094
f 4525/3624/1094 4527/3623/1094 4554/3622/1094
f 4529/3627/1095 4523/3626/1095 4553/3625/1095
f 4541/3629/1095 4535/3628/1095 4529/3627/1095
f 4553/3625/1095 4547/3630/1095 4541/3629/1095
f 4553/3625/1095 4541/3629/1095 4529/3627/1095
g PostBolt0.36_-0.08_Mesh
v -1.550000 0.532000 0.550000
v -1.550000 0.532000 0.550000
v -1.550000 0.532000 0.550000
v -1.580000 0.530000 0.550000
v -1.580000 0.530000 0.550000
v -1.580000 0.530000 0.550000
v -1.550000 0.526000 0.560392
v -1.550000 0.526000 0.560392
v -1.550000 0.526000 0.560392
v -1.580000 0.525000 0.558660
v -1.580000 0.525000 0.558660
v -1.580000 0.525000 0.558660
v -1.550000 0.514000 0.560392
v -1.550000 0.514000 0.560392
v -1.550000 0.514000 0.560392
v -1.580000 0.515000 0.558660
v -1.580000 0.515000 0.558660
v -1.580000 0.515000 0.558660
v -1.550000 0.508000 0.550000
v -1.550000 0.508000 0.550000
v -1.550000 0.508000 0.550000
v -1.580000 0.510000 0.550000
v -1.580000 0.510000 0.550000
v -1.580000 0.510000 0.550000
v -1.550000 0.514000 0.539608
v -1.550000 0.514000 0.539608
v -1.550000 0.514000 0.539608
v -1.580000 0.515000 0.541340
v -1.580000 0.515000 0.541340
v -1.580000 0.515000 0.541340
v -1.550000 0.526000 0.539608
v -1.550000 0.526000 0.539608
v -1.550000 0.526000 0.539608
v -1.580000 0.525000 0.541340
v -1.580000 0.525000 0.541340
v -1.580000 0.525000 0.541340
vn -0.057600 0.864600 0.499200
vn -0.057600 -0.000000 0.998300
vn -0.057600 -0.864600 0.499200
vn -0.057600 -0.864600 -0.499200
vn -1.000000 -0.000000 0.000000
vn -0.057600 -0.000000 -0.998300
vn -0.057600 0.864600 -0.499200
vn 1.000000 -0.000000 0.000000
vt 0.436842 0.014915
vt 0.400781 0.554927
vt 0.310629 0.545926
vt 0.328659 0.004114
vt 0.130327 0.545926
vt 0.112297 0.004114
vt 0.040176 0.554927
vt 0.004115 0.014915
vt 0.445073 0.544129
vt 0.481134 0.004116
vt 0.571285 0.013115
vt 0.553255 0.554927
vt 0.543243 0.563159
vt 0.699389 0.653310
vt 0.699389 0.833613
vt 0.543243 0.923764
vt 0.387097 0.833613
vt 0.387097 0.653311
vt 0.751587 0.013115
vt 0.769617 0.554927
vt 0.841738 0.004116
vt 0.877799 0.544129
vt 0.191491 0.995885
vt 0.004114 0.887704
vt 0.004114 0.671341
vt 0.191489 0.563159
vt 0.378866 0.671340
vt 0.378866 0.887703
s 0
g PostBolt0.36_-0.08_RD_Steel
usemtl RD_Steel
f 4568/3633/1096 4562/3632/1096 4560/3631/1096
f 4566/3634/1096 4568/3633/1096 4560/3631/1096
f 4575/3635/1097 4569/3633/1097 4567/3634/1097
f 4573/3636/1097 4575/3635/1097 4567/3634/1097
f 4580/3637/1098 4574/3635/1098 4572/3636/1098
f 4578/3638/1098 4580/3637/1098 4572/3636/1098
f 4586/3641/1099 4581/3640/1099 4579/3639/1099
f 4584/3642/1099 4586/3641/1099 4579/3639/1099
f 4564/3645/1100 4570/3644/1100 4576/3643/1100
f 4588/3647/1100 4594/3646/1100 4564/3645/1100
f 4576/3643/1100 4582/3648/1100 4588/3647/1100
f 4576/3643/1100 4588/3647/1100 4564/3645/1100
f 4593/3649/1101 4587/3641/1101 4585/3642/1101
f 4591/3650/1101 4593/3649/1101 4585/3642/1101
f 4563/3651/1102 4592/3649/1102 4590/3650/1102
f 4561/3652/1102 4563/3651/1102 4590/3650/1102
f 4565/3655/1103 4559/3654/1103 4589/3653/1103
f 4577/3657/1103 4571/3656/1103 4565/3655/1103
f 4589/3653/1103 4583/3658/1103 4577/3657/1103
f 4589/3653/1103 4577/3657/1103 4565/3655/1103
g PostBolt0.36_0.08_Mesh
v -1.550000 0.532000 0.710000
v -1.550000 0.532000 0.710000
v -1.550000 0.532000 0.710000
v -1.580000 0.530000 0.710000
v -1.580000 0.530000 0.710000
v -1.580000 0.530000 0.710000
v -1.550000 0.526000 0.720392
v -1.550000 0.526000 0.720392
v -1.550000 0.526000 0.720392
v -1.580000 0.525000 0.718660
v -1.580000 0.525000 0.718660
v -1.580000 0.525000 0.718660
v -1.550000 0.514000 0.720392
v -1.550000 0.514000 0.720392
v -1.550000 0.514000 0.720392
v -1.580000 0.515000 0.718660
v -1.580000 0.515000 0.718660
v -1.580000 0.515000 0.718660
v -1.550000 0.508000 0.710000
v -1.550000 0.508000 0.710000
v -1.550000 0.508000 0.710000
v -1.580000 0.510000 0.710000
v -1.580000 0.510000 0.710000
v -1.580000 0.510000 0.710000
v -1.550000 0.514000 0.699608
v -1.550000 0.514000 0.699608
v -1.550000 0.514000 0.699608
v -1.580000 0.515000 0.701340
v -1.580000 0.515000 0.701340
v -1.580000 0.515000 0.701340
v -1.550000 0.526000 0.699608
v -1.550000 0.526000 0.699608
v -1.550000 0.526000 0.699608
v -1.580000 0.525000 0.701340
v -1.580000 0.525000 0.701340
v -1.580000 0.525000 0.701340
vn -0.057600 0.864600 0.499200
vn -0.057600 -0.000000 0.998300
vn -0.057600 -0.864600 0.499200
vn -0.057600 -0.864600 -0.499200
vn -1.000000 -0.000000 0.000000
vn -0.057600 -0.000000 -0.998300
vn -0.057600 0.864600 -0.499200
vn 1.000000 -0.000000 0.000000
vt 0.436842 0.014915
vt 0.400781 0.554927
vt 0.310629 0.545928
vt 0.328659 0.004114
vt 0.130327 0.545928
vt 0.112297 0.004114
vt 0.040176 0.554927
vt 0.004115 0.014915
vt 0.445073 0.544129
vt 0.481134 0.004116
vt 0.571285 0.013118
vt 0.553255 0.554929
vt 0.543244 0.563160
vt 0.699391 0.653311
vt 0.699391 0.833614
vt 0.543244 0.923765
vt 0.387098 0.833614
vt 0.387098 0.653312
vt 0.751587 0.013118
vt 0.769617 0.554929
vt 0.841738 0.004116
vt 0.877799 0.544129
vt 0.004115 0.887702
vt 0.004115 0.671338
vt 0.191492 0.563158
vt 0.378867 0.671339
vt 0.378867 0.887703
vt 0.191490 0.995883
s 0
g PostBolt0.36_0.08_RD_Steel
usemtl RD_Steel
f 4604/3661/1104 4598/3660/1104 4596/3659/1104
f 4602/3662/1104 4604/3661/1104 4596/3659/1104
f 4611/3663/1105 4605/3661/1105 4603/3662/1105
f 4609/3664/1105 4611/3663/1105 4603/3662/1105
f 4616/3665/1106 4610/3663/1106 4608/3664/1106
f 4614/3666/1106 4616/3665/1106 4608/3664/1106
f 4622/3669/1107 4617/3668/1107 4615/3667/1107
f 4620/3670/1107 4622/3669/1107 4615/3667/1107
f 4600/3673/1108 4606/3672/1108 4612/3671/1108
f 4624/3675/1108 4630/3674/1108 4600/3673/1108
f 4612/3671/1108 4618/3676/1108 4624/3675/1108
f 4612/3671/1108 4624/3675/1108 4600/3673/1108
f 4629/3677/1109 4623/3669/1109 4621/3670/1109
f 4627/3678/1109 4629/3677/1109 4621/3670/1109
f 4599/3679/1110 4628/3677/1110 4626/3678/1110
f 4597/3680/1110 4599/3679/1110 4626/3678/1110
f 4601/3683/1111 4595/3682/1111 4625/3681/1111
f 4613/3685/1111 4607/3684/1111 4601/3683/1111
f 4625/3681/1111 4619/3686/1111 4613/3685/1111
f 4625/3681/1111 4613/3685/1111 4601/3683/1111
g Skid_Mesh
v -1.582000 0.018000 -0.850000
v -1.582000 0.000000 -0.832000
v -1.600000 0.018000 -0.832000
v -1.582000 0.005272 -0.844728
v -1.582000 0.005272 -0.844728
v -1.592392 0.007608 -0.842392
v -1.592392 0.007608 -0.842392
v -1.592392 0.007608 -0.842392
v -1.594728 0.005272 -0.832000
v -1.594728 0.005272 -0.832000
v -1.594728 0.018000 -0.844728
v -1.594728 0.018000 -0.844728
v -1.582000 0.000000 0.832000
v -1.582000 0.018000 0.850000
v -1.600000 0.018000 0.832000
v -1.582000 0.005272 0.844728
v -1.582000 0.005272 0.844728
v -1.592392 0.007608 0.842392
v -1.592392 0.007608 0.842392
v -1.592392 0.007608 0.842392
v -1.594728 0.018000 0.844728
v -1.594728 0.018000 0.844728
v -1.594728 0.005272 0.832000
v -1.594728 0.005272 0.832000
v -1.582000 0.142000 -0.850000
v -1.600000 0.142000 -0.832000
v -1.582000 0.160000 -0.832000
v -1.594728 0.142000 -0.844728
v -1.594728 0.142000 -0.844728
v -1.592392 0.152392 -0.842392
v -1.592392 0.152392 -0.842392
v -1.592392 0.152392 -0.842392
v -1.594728 0.154728 -0.832000
v -1.594728 0.154728 -0.832000
v -1.582000 0.154728 -0.844728
v -1.582000 0.154728 -0.844728
v -1.582000 0.142000 0.850000
v -1.582000 0.160000 0.832000
v -1.600000 0.142000 0.832000
v -1.582000 0.154728 0.844728
v -1.582000 0.154728 0.844728
v -1.592392 0.152392 0.842392
v -1.592392 0.152392 0.842392
v -1.592392 0.152392 0.842392
v -1.594728 0.154728 0.832000
v -1.594728 0.154728 0.832000
v -1.594728 0.142000 0.844728
v -1.594728 0.142000 0.844728
v 1.582000 0.018000 -0.850000
v 1.600000 0.018000 -0.832000
v 1.582000 0.000000 -0.832000
v 1.594728 0.018000 -0.844728
v 1.594728 0.018000 -0.844728
v 1.592392 0.007608 -0.842392
v 1.592392 0.007608 -0.842392
v 1.592392 0.007608 -0.842392
v 1.594728 0.005272 -0.832000
v 1.594728 0.005272 -0.832000
v 1.582000 0.005272 -0.844728
v 1.582000 0.005272 -0.844728
v 1.582000 0.018000 0.850000
v 1.582000 0.000000 0.832000
v 1.600000 0.018000 0.832000
v 1.582000 0.005272 0.844728
v 1.582000 0.005272 0.844728
v 1.592392 0.007608 0.842392
v 1.592392 0.007608 0.842392
v 1.592392 0.007608 0.842392
v 1.594728 0.005272 0.832000
v 1.594728 0.005272 0.832000
v 1.594728 0.018000 0.844728
v 1.594728 0.018000 0.844728
v 1.582000 0.142000 -0.850000
v 1.582000 0.160000 -0.832000
v 1.600000 0.142000 -0.832000
v 1.582000 0.154728 -0.844728
v 1.582000 0.154728 -0.844728
v 1.592392 0.152392 -0.842392
v 1.592392 0.152392 -0.842392
v 1.592392 0.152392 -0.842392
v 1.594728 0.154728 -0.832000
v 1.594728 0.154728 -0.832000
v 1.594728 0.142000 -0.844728
v 1.594728 0.142000 -0.844728
v 1.582000 0.142000 0.850000
v 1.600000 0.142000 0.832000
v 1.582000 0.160000 0.832000
v 1.594728 0.142000 0.844728
v 1.594728 0.142000 0.844728
v 1.592392 0.152392 0.842392
v 1.592392 0.152392 0.842392
v 1.592392 0.152392 0.842392
v 1.594728 0.154728 0.832000
v 1.594728 0.154728 0.832000
v 1.582000 0.154728 0.844728
v 1.582000 0.154728 0.844728
vn -0.000100 -0.000000 -1.000000
vn -0.000000 -0.707100 -0.707100
vn -0.577300 -0.577300 -0.577400
vn -0.707100 -0.000000 -0.707100
vn -0.000000 -1.000000 0.000000
vn -0.707100 -0.707100 0.000000
vn -1.000000 -0.000000 0.000000
vn -0.000100 -1.000000 0.000000
vn -0.000000 -0.707100 0.707100
vn -0.577400 -0.577300 0.577400
vn -0.000000 -0.000000 1.000000
vn -0.707100 -0.000000 0.707100
vn -0.000000 -0.000000 -1.000000
vn -0.577400 0.577300 -0.577400
vn -0.000000 0.707100 -0.707100
vn -0.707100 0.707100 0.000000
vn -0.000100 1.000000 0.000000
vn -0.000100 -0.000000 1.000000
vn -0.000000 0.707100 0.707100
vn -0.577300 0.577300 0.577400
vn -0.000000 1.000000 0.000000
vn 0.707100 -0.000000 -0.707100
vn 0.577400 -0.577300 -0.577400
vn 1.000000 -0.000000 0.000000
vn 0.707100 -0.707100 0.000000
vn 0.000100 -1.000000 0.000000
vn 0.000100 -0.000000 1.000000
vn 0.577300 -0.577300 0.577400
vn 0.707100 -0.000000 0.707100
vn 0.000100 -0.000000 -1.000000
vn 0.577300 0.577300 -0.577400
vn 0.707100 0.707100 0.000000
vn 0.577400 0.577300 0.577400
vn 0.000100 1.000000 0.000000
vt -0.370100 0.509900
vt -0.370100 0.500000
vt -0.375816 0.500000
vt -0.380000 0.509900
vt -0.370100 0.042400
vt -0.380000 0.042400
vt -0.380000 0.036684
vt -0.370100 0.032500
vt 0.509900 0.042400
vt 0.509900 0.032500
vt 0.504184 0.032500
vt 0.500000 0.042400
vt -0.370100 0.957600
vt -0.370100 0.967500
vt -0.375816 0.967500
vt -0.380000 0.957600
vt -0.380000 0.509900
vt -0.380000 0.504184
vt -0.370100 0.500000
vt 0.509900 0.957600
vt 0.500000 0.957600
vt 0.500000 0.963316
vt 0.509900 0.967500
vt -0.370100 0.578100
vt -0.380000 0.578100
vt -0.380000 0.583816
vt -0.370100 0.588000
vt 0.578100 0.042400
vt 0.588000 0.042400
vt 0.588000 0.036684
vt 0.578100 0.032500
vt -0.370100 0.042400
vt -0.370100 0.032500
vt -0.375816 0.032500
vt -0.380000 0.042400
vt -0.370100 0.578100
vt -0.370100 0.588000
vt -0.375816 0.588000
vt -0.370100 0.957600
vt -0.380000 0.957600
vt -0.380000 0.963316
vt -0.370100 0.967500
vt 0.578100 0.957600
vt 0.578100 0.967500
vt 0.583816 0.967500
vt 0.588000 0.957600
vt 1.370100 0.509900
vt 1.380000 0.509900
vt 1.380000 0.504184
vt 1.370100 0.500000
vt 0.500000 0.036684
vt 1.370100 0.042400
vt 1.370100 0.032500
vt 1.375816 0.032500
vt 1.380000 0.042400
vt 1.370100 0.509900
vt 1.375816 0.500000
vt 1.380000 0.509900
vt 1.370100 0.957600
vt 1.380000 0.957600
vt 1.380000 0.963316
vt 1.370100 0.967500
vt 0.509900 0.957600
vt 0.509900 0.967500
vt 0.504184 0.967500
vt 0.500000 0.957600
vt 1.370100 0.578100
vt 1.370100 0.588000
vt 1.375816 0.588000
vt 1.380000 0.578100
vt 1.370100 0.042400
vt 1.380000 0.042400
vt 1.380000 0.036684
vt 1.370100 0.032500
vt 0.578100 0.032500
vt 0.583816 0.032500
vt 1.370100 0.578100
vt 1.380000 0.578100
vt 1.380000 0.583816
vt 0.578100 0.957600
vt 0.588000 0.963316
vt 0.578100 0.967500
vt 1.370100 0.957600
vt 1.370100 0.967500
vt 1.375816 0.967500
vt 1.380000 0.957600
s 1
g Skid_RD_Skid
usemtl RD_Skid
f 4637/3689/1114 4634/3688/1113 4631/3687/1112
f 4642/3690/1115 4637/3689/1114 4631/3687/1112
f 4638/3693/1114 4640/3692/1117 4632/3691/1116
f 4635/3694/1113 4638/3693/1114 4632/3691/1116
f 4636/3697/1114 4641/3696/1115 4633/3695/1118
f 4639/3698/1117 4636/3697/1114 4633/3695/1118
f 4649/3701/1121 4646/3700/1120 4643/3699/1119
f 4654/3702/1117 4649/3701/1121 4643/3699/1119
f 4650/3704/1121 4652/3703/1123 4644/3687/1122
f 4647/3705/1120 4650/3704/1121 4644/3687/1122
f 4648/3708/1121 4653/3707/1117 4645/3706/1118
f 4651/3709/1123 4648/3708/1121 4645/3706/1118
f 4662/3712/1125 4659/3711/1115 4655/3710/1124
f 4665/3713/1126 4662/3712/1125 4655/3710/1124
f 4660/3716/1125 4663/3715/1127 4656/3714/1118
f 4658/3717/1115 4660/3716/1125 4656/3714/1118
f 4661/3720/1125 4666/3719/1126 4657/3718/1128
f 4664/3721/1127 4661/3720/1125 4657/3718/1128
f 4673/3724/1131 4670/3723/1130 4667/3722/1129
f 4678/3711/1123 4673/3724/1131 4667/3722/1129
f 4674/3727/1131 4676/3726/1127 4668/3725/1132
f 4671/3728/1130 4674/3727/1131 4668/3725/1132
f 4672/3731/1131 4677/3730/1123 4669/3729/1118
f 4675/3732/1127 4672/3731/1131 4669/3729/1118
f 4686/3735/1134 4683/3734/1133 4679/3733/1124
f 4689/3736/1113 4686/3735/1134 4679/3733/1124
f 4684/3737/1134 4687/3698/1136 4680/3695/1135
f 4682/3696/1133 4684/3737/1134 4680/3695/1135
f 4685/3740/1134 4690/3739/1113 4681/3738/1137
f 4688/3741/1136 4685/3740/1134 4681/3738/1137
f 4697/3743/1139 4694/3736/1120 4691/3742/1138
f 4702/3744/1140 4697/3743/1139 4691/3742/1138
f 4698/3747/1139 4700/3746/1136 4692/3745/1116
f 4695/3748/1120 4698/3747/1139 4692/3745/1116
f 4696/3751/1139 4701/3750/1140 4693/3749/1135
f 4699/3752/1136 4696/3751/1139 4693/3749/1135
f 4709/3755/1142 4706/3754/1126 4703/3753/1141
f 4714/3756/1133 4709/3755/1142 4703/3753/1141
f 4710/3759/1142 4712/3758/1143 4704/3757/1132
f 4707/3760/1126 4710/3759/1142 4704/3757/1132
f 4708/3762/1142 4713/3761/1133 4705/3714/1135
f 4711/3715/1143 4708/3762/1142 4705/3714/1135
f 4722/3765/1144 4719/3764/1140 4715/3763/1122
f 4725/3754/1130 4722/3765/1144 4715/3763/1122
f 4720/3767/1144 4723/3732/1143 4716/3766/1135
f 4718/3768/1140 4720/3767/1144 4716/3766/1135
f 4721/3771/1144 4726/3770/1130 4717/3769/1145
f 4724/3772/1143 4721/3771/1144 4717/3769/1145
f 4642/3690/1115 4631/3687/1112 4655/3710/1124
f 4659/3711/1115 4642/3690/1115 4655/3710/1124
f 4633/3695/1118 4641/3696/1115 4658/3717/1115
f 4656/3714/1118 4633/3695/1118 4658/3717/1115
f 4654/3702/1117 4643/3699/1119 4632/3691/1116
f 4640/3692/1117 4654/3702/1117 4632/3691/1116
f 4645/3706/1118 4653/3707/1117 4639/3698/1117
f 4633/3695/1118 4645/3706/1118 4639/3698/1117
f 4678/3711/1123 4667/3722/1129 4644/3687/1122
f 4652/3703/1123 4678/3711/1123 4644/3687/1122
f 4669/3729/1118 4677/3730/1123 4651/3709/1123
f 4645/3706/1118 4669/3729/1118 4651/3709/1123
f 4664/3721/1127 4657/3718/1128 4668/3725/1132
f 4676/3726/1127 4664/3721/1127 4668/3725/1132
f 4656/3714/1118 4663/3715/1127 4675/3732/1127
f 4669/3729/1118 4656/3714/1118 4675/3732/1127
f 4665/3713/1126 4655/3710/1124 4703/3753/1141
f 4706/3754/1126 4665/3713/1126 4703/3753/1141
f 4657/3718/1128 4666/3719/1126 4707/3760/1126
f 4704/3757/1132 4657/3718/1128 4707/3760/1126
f 4725/3754/1130 4715/3763/1122 4667/3722/1129
f 4670/3723/1130 4725/3754/1130 4667/3722/1129
f 4717/3769/1145 4726/3770/1130 4671/3728/1130
f 4668/3725/1132 4717/3769/1145 4671/3728/1130
f 4711/3715/1143 4705/3714/1135 4716/3766/1135
f 4723/3732/1143 4711/3715/1143 4716/3766/1135
f 4704/3757/1132 4712/3758/1143 4724/3772/1143
f 4717/3769/1145 4704/3757/1132 4724/3772/1143
f 4714/3756/1133 4703/3753/1141 4679/3733/1124
f 4683/3734/1133 4714/3756/1133 4679/3733/1124
f 4705/3714/1135 4713/3761/1133 4682/3696/1133
f 4680/3695/1135 4705/3714/1135 4682/3696/1133
f 4702/3744/1140 4691/3742/1138 4715/3763/1122
f 4719/3764/1140 4702/3744/1140 4715/3763/1122
f 4693/3749/1135 4701/3750/1140 4718/3768/1140
f 4716/3766/1135 4693/3749/1135 4718/3768/1140
f 4688/3741/1136 4681/3738/1137 4692/3745/1116
f 4700/3746/1136 4688/3741/1136 4692/3745/1116
f 4680/3695/1135 4687/3698/1136 4699/3752/1136
f 4693/3749/1135 4680/3695/1135 4699/3752/1136
f 4689/3736/1113 4679/3733/1124 4631/3687/1112
f 4634/3688/1113 4689/3736/1113 4631/3687/1112
f 4681/3738/1137 4690/3739/1113 4635/3694/1113
f 4632/3691/1116 4681/3738/1137 4635/3694/1113
f 4647/3705/1120 4644/3687/1122 4691/3742/1138
f 4694/3736/1120 4647/3705/1120 4691/3742/1138
f 4643/3699/1119 4646/3700/1120 4695/3748/1120
f 4692/3745/1116 4643/3699/1119 4695/3748/1120
s 0
f 4679/3733/1124 4703/3753/1124 4655/3710/1124
f 4631/3687/1124 4679/3733/1124 4655/3710/1124
f 4669/3729/1118 4645/3706/1118 4633/3695/1118
f 4656/3714/1118 4669/3729/1118 4633/3695/1118
f 4643/3699/1116 4692/3745/1116 4681/3738/1116
f 4632/3691/1116 4643/3699/1116 4681/3738/1116
f 4644/3687/1122 4667/3722/1122 4715/3763/1122
f 4691/3742/1122 4644/3687/1122 4715/3763/1122
f 4717/3769/1132 4668/3725/1132 4657/3718/1132
f 4704/3757/1132 4717/3769/1132 4657/3718/1132
f 4693/3749/1135 4716/3766/1135 4705/3714/1135
f 4680/3695/1135 4693/3749/1135 4705/3714/1135
g SkidDust_Mesh
v -1.570000 0.158000 -0.820000
v -1.570000 0.158000 -0.820000
v -1.570000 0.158000 -0.820000
v -1.570000 0.158000 0.820000
v -1.570000 0.158000 0.820000
v -1.570000 0.158000 0.820000
v -1.570000 0.178000 -0.820000
v -1.570000 0.178000 -0.820000
v -1.570000 0.178000 -0.820000
v -1.570000 0.178000 0.820000
v -1.570000 0.178000 0.820000
v -1.570000 0.178000 0.820000
v 1.570000 0.158000 -0.820000
v 1.570000 0.158000 -0.820000
v 1.570000 0.158000 -0.820000
v 1.570000 0.158000 0.820000
v 1.570000 0.158000 0.820000
v 1.570000 0.158000 0.820000
v 1.570000 0.178000 -0.820000
v 1.570000 0.178000 -0.820000
v 1.570000 0.178000 -0.820000
v 1.570000 0.178000 0.820000
v 1.570000 0.178000 0.820000
v 1.570000 0.178000 0.820000
vn -1.000000 -0.000000 0.000000
vn -0.000000 1.000000 0.000000
vn 1.000000 -0.000000 0.000000
vn -0.000000 -1.000000 0.000000
vn -0.000000 -0.000000 -1.000000
vn -0.000000 -0.000000 1.000000
vt 0.642200 -0.238000
vt 0.642200 1.238000
vt 0.660200 1.238000
vt 0.660200 -0.238000
vt -0.913000 -0.238000
vt -0.913000 1.238000
vt 1.913000 1.238000
vt 1.913000 -0.238000
vt -0.913000 0.660200
vt 1.913000 0.660200
vt 1.913000 0.642200
vt -0.913000 0.642200
s 0
g SkidDust_RD_Dust
usemtl RD_Dust
f 4738/3775/1146 4732/3774/1146 4729/3773/1146
f 4735/3776/1146 4738/3775/1146 4729/3773/1146
f 4749/3779/1147 4737/3778/1147 4734/3777/1147
f 4746/3780/1147 4749/3779/1147 4734/3777/1147
f 4744/3774/1148 4750/3775/1148 4747/3776/1148
f 4741/3773/1148 4744/3774/1148 4747/3776/1148
f 4731/3778/1149 4743/3779/1149 4740/3780/1149
f 4728/3777/1149 4731/3778/1149 4740/3780/1149
f 4739/3783/1150 4745/3782/1150 4733/3781/1150
f 4727/3784/1150 4739/3783/1150 4733/3781/1150
f 4730/3784/1151 4736/3781/1151 4748/3782/1151
f 4742/3783/1151 4730/3784/1151 4748/3782/1151
g StampCore0_-1_Mesh
v -1.436000 0.844800 -0.328020
v -1.436000 0.844800 -0.328020
v -1.436000 0.844800 -0.328020
v -1.446000 0.844800 -0.328020
v -1.446000 0.844800 -0.328020
v -1.446000 0.844800 -0.328020
v -1.436000 0.844800 0.328020
v -1.436000 0.844800 0.328020
v -1.436000 0.844800 0.328020
v -1.446000 0.844800 0.328020
v -1.446000 0.844800 0.328020
v -1.446000 0.844800 0.328020
v -1.436000 1.635200 0.208740
v -1.436000 1.635200 0.208740
v -1.436000 1.635200 0.208740
v -1.446000 1.635200 0.208740
v -1.446000 1.635200 0.208740
v -1.446000 1.635200 0.208740
v -1.436000 1.635200 -0.208740
v -1.436000 1.635200 -0.208740
v -1.436000 1.635200 -0.208740
v -1.446000 1.635200 -0.208740
v -1.446000 1.635200 -0.208740
v -1.446000 1.635200 -0.208740
vn 1.000000 -0.000000 0.000000
vn -1.000000 -0.000000 0.000000
vn -0.000000 -1.000000 0.000000
vn -0.000000 0.149200 0.988800
vn -0.000000 1.000000 0.000000
vn -0.000000 0.149200 -0.988800
vt 0.908800 0.447815
vt 0.908800 0.552185
vt 0.711200 0.582005
vt 0.711200 0.417995
vt 0.141000 0.417995
vt 0.141000 0.582005
vt 0.138500 0.582005
vt 0.138500 0.417995
vt 0.141000 0.711200
vt 0.141000 0.908800
vt 0.138500 0.908800
vt 0.138500 0.711200
vt 0.141000 0.552185
vt 0.141000 0.447815
vt 0.138500 0.447815
vt 0.138500 0.552185
s 0
g StampCore0_-1_RD_Plate
usemtl RD_Plate
f 4759/3787/1152 4765/3786/1152 4771/3785/1152
f 4753/3788/1152 4759/3787/1152 4771/3785/1152
f 4768/3786/1153 4762/3787/1153 4756/3788/1153
f 4774/3785/1153 4768/3786/1153 4756/3788/1153
f 4761/3791/1154 4758/3790/1154 4752/3789/1154
f 4755/3792/1154 4761/3791/1154 4752/3789/1154
f 4766/3795/1155 4763/3794/1155 4757/3793/1155
f 4760/3796/1155 4766/3795/1155 4757/3793/1155
f 4773/3799/1156 4770/3798/1156 4764/3797/1156
f 4767/3800/1156 4773/3799/1156 4764/3797/1156
f 4754/3796/1157 4751/3793/1157 4769/3794/1157
f 4772/3795/1157 4754/3796/1157 4769/3794/1157
g StampCore0_1_Mesh
v -1.224000 0.844800 -0.328020
v -1.224000 0.844800 -0.328020
v -1.224000 0.844800 -0.328020
v -1.214000 0.844800 -0.328020
v -1.214000 0.844800 -0.328020
v -1.214000 0.844800 -0.328020
v -1.224000 0.844800 0.328020
v -1.224000 0.844800 0.328020
v -1.224000 0.844800 0.328020
v -1.214000 0.844800 0.328020
v -1.214000 0.844800 0.328020
v -1.214000 0.844800 0.328020
v -1.224000 1.635200 0.208740
v -1.224000 1.635200 0.208740
v -1.224000 1.635200 0.208740
v -1.214000 1.635200 0.208740
v -1.214000 1.635200 0.208740
v -1.214000 1.635200 0.208740
v -1.224000 1.635200 -0.208740
v -1.224000 1.635200 -0.208740
v -1.224000 1.635200 -0.208740
v -1.214000 1.635200 -0.208740
v -1.214000 1.635200 -0.208740
v -1.214000 1.635200 -0.208740
vn -1.000000 -0.000000 0.000000
vn 1.000000 -0.000000 0.000000
vn -0.000000 -1.000000 0.000000
vn -0.000000 0.149200 0.988800
vn -0.000000 1.000000 0.000000
vn -0.000000 0.149200 -0.988800
vt 0.908800 0.447815
vt 0.711200 0.417995
vt 0.711200 0.582005
vt 0.908800 0.552185
vt 0.194000 0.417995
vt 0.196500 0.417995
vt 0.196500 0.582005
vt 0.194000 0.582005
vt 0.194000 0.711200
vt 0.196500 0.711200
vt 0.196500 0.908800
vt 0.194000 0.908800
vt 0.194000 0.552185
vt 0.196500 0.552185
vt 0.196500 0.447815
vt 0.194000 0.447815
s 0
g StampCore0_1_RD_Plate
usemtl RD_Plate
f 4783/3803/1158 4777/3802/1158 4795/3801/1158
f 4789/3804/1158 4783/3803/1158 4795/3801/1158
f 4792/3804/1159 4798/3801/1159 4780/3802/1159
f 4786/3803/1159 4792/3804/1159 4780/3802/1159
f 4785/3807/1160 4779/3806/1160 4776/3805/1160
f 4782/3808/1160 4785/3807/1160 4776/3805/1160
f 4790/3811/1161 4784/3810/1161 4781/3809/1161
f 4787/3812/1161 4790/3811/1161 4781/3809/1161
f 4797/3815/1162 4791/3814/1162 4788/3813/1162
f 4794/3816/1162 4797/3815/1162 4788/3813/1162
f 4778/3810/1163 4796/3811/1163 4793/3812/1163
f 4775/3809/1163 4778/3810/1163 4793/3812/1163
g StampCore1_-1_Mesh
v -1.056000 0.844800 -0.328020
v -1.056000 0.844800 -0.328020
v -1.056000 0.844800 -0.328020
v -1.066000 0.844800 -0.328020
v -1.066000 0.844800 -0.328020
v -1.066000 0.844800 -0.328020
v -1.056000 0.844800 0.328020
v -1.056000 0.844800 0.328020
v -1.056000 0.844800 0.328020
v -1.066000 0.844800 0.328020
v -1.066000 0.844800 0.328020
v -1.066000 0.844800 0.328020
v -1.056000 1.635200 0.208740
v -1.056000 1.635200 0.208740
v -1.056000 1.635200 0.208740
v -1.066000 1.635200 0.208740
v -1.066000 1.635200 0.208740
v -1.066000 1.635200 0.208740
v -1.056000 1.635200 -0.208740
v -1.056000 1.635200 -0.208740
v -1.056000 1.635200 -0.208740
v -1.066000 1.635200 -0.208740
v -1.066000 1.635200 -0.208740
v -1.066000 1.635200 -0.208740
vn 1.000000 -0.000000 0.000000
vn -1.000000 -0.000000 0.000000
vn -0.000000 -1.000000 0.000000
vn -0.000000 0.149200 0.988800
vn -0.000000 1.000000 0.000000
vn -0.000000 0.149200 -0.988800
vt 0.908800 0.447815
vt 0.908800 0.552185
vt 0.711200 0.582005
vt 0.711200 0.417995
vt 0.236000 0.417995
vt 0.236000 0.582005
vt 0.233500 0.582005
vt 0.233500 0.417995
vt 0.236000 0.711200
vt 0.236000 0.908800
vt 0.233500 0.908800
vt 0.233500 0.711200
vt 0.236000 0.552185
vt 0.236000 0.447815
vt 0.233500 0.447815
vt 0.233500 0.552185
s 0
g StampCore1_-1_RD_Plate
usemtl RD_Plate
f 4807/3819/1164 4813/3818/1164 4819/3817/1164
f 4801/3820/1164 4807/3819/1164 4819/3817/1164
f 4816/3818/1165 4810/3819/1165 4804/3820/1165
f 4822/3817/1165 4816/3818/1165 4804/3820/1165
f 4809/3823/1166 4806/3822/1166 4800/3821/1166
f 4803/3824/1166 4809/3823/1166 4800/3821/1166
f 4814/3827/1167 4811/3826/1167 4805/3825/1167
f 4808/3828/1167 4814/3827/1167 4805/3825/1167
f 4821/3831/1168 4818/3830/1168 4812/3829/1168
f 4815/3832/1168 4821/3831/1168 4812/3829/1168
f 4802/3828/1169 4799/3825/1169 4817/3826/1169
f 4820/3827/1169 4802/3828/1169 4817/3826/1169
g StampCore1_1_Mesh
v -0.844000 0.844800 -0.328020
v -0.844000 0.844800 -0.328020
v -0.844000 0.844800 -0.328020
v -0.834000 0.844800 -0.328020
v -0.834000 0.844800 -0.328020
v -0.834000 0.844800 -0.328020
v -0.844000 0.844800 0.328020
v -0.844000 0.844800 0.328020
v -0.844000 0.844800 0.328020
v -0.834000 0.844800 0.328020
v -0.834000 0.844800 0.328020
v -0.834000 0.844800 0.328020
v -0.844000 1.635200 0.208740
v -0.844000 1.635200 0.208740
v -0.844000 1.635200 0.208740
v -0.834000 1.635200 0.208740
v -0.834000 1.635200 0.208740
v -0.834000 1.635200 0.208740
v -0.844000 1.635200 -0.208740
v -0.844000 1.635200 -0.208740
v -0.844000 1.635200 -0.208740
v -0.834000 1.635200 -0.208740
v -0.834000 1.635200 -0.208740
v -0.834000 1.635200 -0.208740
vn -1.000000 -0.000000 0.000000
vn 1.000000 -0.000000 0.000000
vn -0.000000 -1.000000 0.000000
vn -0.000000 0.149200 0.988800
vn -0.000000 1.000000 0.000000
vn -0.000000 0.149200 -0.988800
vt 0.908800 0.447815
vt 0.711200 0.417995
vt 0.711200 0.582005
vt 0.908800 0.552185
vt 0.289000 0.417995
vt 0.291500 0.417995
vt 0.291500 0.582005
vt 0.289000 0.582005
vt 0.289000 0.711200
vt 0.291500 0.711200
vt 0.291500 0.908800
vt 0.289000 0.908800
vt 0.289000 0.552185
vt 0.291500 0.552185
vt 0.291500 0.447815
vt 0.289000 0.447815
s 0
g StampCore1_1_RD_Plate
usemtl RD_Plate
f 4831/3835/1170 4825/3834/1170 4843/3833/1170
f 4837/3836/1170 4831/3835/1170 4843/3833/1170
f 4840/3836/1171 4846/3833/1171 4828/3834/1171
f 4834/3835/1171 4840/3836/1171 4828/3834/1171
f 4833/3839/1172 4827/3838/1172 4824/3837/1172
f 4830/3840/1172 4833/3839/1172 4824/3837/1172
f 4838/3843/1173 4832/3842/1173 4829/3841/1173
f 4835/3844/1173 4838/3843/1173 4829/3841/1173
f 4845/3847/1174 4839/3846/1174 4836/3845/1174
f 4842/3848/1174 4845/3847/1174 4836/3845/1174
f 4826/3842/1175 4844/3843/1175 4841/3844/1175
f 4823/3841/1175 4826/3842/1175 4841/3844/1175
g StampCore2_-1_Mesh
v -0.676000 0.844800 -0.328020
v -0.676000 0.844800 -0.328020
v -0.676000 0.844800 -0.328020
v -0.686000 0.844800 -0.328020
v -0.686000 0.844800 -0.328020
v -0.686000 0.844800 -0.328020
v -0.676000 0.844800 0.328020
v -0.676000 0.844800 0.328020
v -0.676000 0.844800 0.328020
v -0.686000 0.844800 0.328020
v -0.686000 0.844800 0.328020
v -0.686000 0.844800 0.328020
v -0.676000 1.635200 0.208740
v -0.676000 1.635200 0.208740
v -0.676000 1.635200 0.208740
v -0.686000 1.635200 0.208740
v -0.686000 1.635200 0.208740
v -0.686000 1.635200 0.208740
v -0.676000 1.635200 -0.208740
v -0.676000 1.635200 -0.208740
v -0.676000 1.635200 -0.208740
v -0.686000 1.635200 -0.208740
v -0.686000 1.635200 -0.208740
v -0.686000 1.635200 -0.208740
vn 1.000000 -0.000000 0.000000
vn -1.000000 -0.000000 0.000000
vn -0.000000 -1.000000 0.000000
vn -0.000000 0.149200 0.988800
vn -0.000000 1.000000 0.000000
vn -0.000000 0.149200 -0.988800
vt 0.908800 0.447815
vt 0.908800 0.552185
vt 0.711200 0.582005
vt 0.711200 0.417995
vt 0.331000 0.417995
vt 0.331000 0.582005
vt 0.328500 0.582005
vt 0.328500 0.417995
vt 0.331000 0.711200
vt 0.331000 0.908800
vt 0.328500 0.908800
vt 0.328500 0.711200
vt 0.331000 0.552185
vt 0.331000 0.447815
vt 0.328500 0.447815
vt 0.328500 0.552185
s 0
g StampCore2_-1_RD_Plate
usemtl RD_Plate
f 4855/3851/1176 4861/3850/1176 4867/3849/1176
f 4849/3852/1176 4855/3851/1176 4867/3849/1176
f 4864/3850/1177 4858/3851/1177 4852/3852/1177
f 4870/3849/1177 4864/3850/1177 4852/3852/1177
f 4857/3855/1178 4854/3854/1178 4848/3853/1178
f 4851/3856/1178 4857/3855/1178 4848/3853/1178
f 4862/3859/1179 4859/3858/1179 4853/3857/1179
f 4856/3860/1179 4862/3859/1179 4853/3857/1179
f 4869/3863/1180 4866/3862/1180 4860/3861/1180
f 4863/3864/1180 4869/3863/1180 4860/3861/1180
f 4850/3860/1181 4847/3857/1181 4865/3858/1181
f 4868/3859/1181 4850/3860/1181 4865/3858/1181
g StampCore2_1_Mesh
v -0.464000 0.844800 -0.328020
v -0.464000 0.844800 -0.328020
v -0.464000 0.844800 -0.328020
v -0.454000 0.844800 -0.328020
v -0.454000 0.844800 -0.328020
v -0.454000 0.844800 -0.328020
v -0.464000 0.844800 0.328020
v -0.464000 0.844800 0.328020
v -0.464000 0.844800 0.328020
v -0.454000 0.844800 0.328020
v -0.454000 0.844800 0.328020
v -0.454000 0.844800 0.328020
v -0.464000 1.635200 0.208740
v -0.464000 1.635200 0.208740
v -0.464000 1.635200 0.208740
v -0.454000 1.635200 0.208740
v -0.454000 1.635200 0.208740
v -0.454000 1.635200 0.208740
v -0.464000 1.635200 -0.208740
v -0.464000 1.635200 -0.208740
v -0.464000 1.635200 -0.208740
v -0.454000 1.635200 -0.208740
v -0.454000 1.635200 -0.208740
v -0.454000 1.635200 -0.208740
vn -1.000000 -0.000000 0.000000
vn 1.000000 -0.000000 0.000000
vn -0.000000 -1.000000 0.000000
vn -0.000000 0.149200 0.988800
vn -0.000000 1.000000 0.000000
vn -0.000000 0.149200 -0.988800
vt 0.908800 0.447815
vt 0.711200 0.417995
vt 0.711200 0.582005
vt 0.908800 0.552185
vt 0.384000 0.417995
vt 0.386500 0.417995
vt 0.386500 0.582005
vt 0.384000 0.582005
vt 0.384000 0.711200
vt 0.386500 0.711200
vt 0.386500 0.908800
vt 0.384000 0.908800
vt 0.384000 0.552185
vt 0.386500 0.552185
vt 0.386500 0.447815
vt 0.384000 0.447815
s 0
g StampCore2_1_RD_Plate
usemtl RD_Plate
f 4879/3867/1182 4873/3866/1182 4891/3865/1182
f 4885/3868/1182 4879/3867/1182 4891/3865/1182
f 4888/3868/1183 4894/3865/1183 4876/3866/1183
f 4882/3867/1183 4888/3868/1183 4876/3866/1183
f 4881/3871/1184 4875/3870/1184 4872/3869/1184
f 4878/3872/1184 4881/3871/1184 4872/3869/1184
f 4886/3875/1185 4880/3874/1185 4877/3873/1185
f 4883/3876/1185 4886/3875/1185 4877/3873/1185
f 4893/3879/1186 4887/3878/1186 4884/3877/1186
f 4890/3880/1186 4893/3879/1186 4884/3877/1186
f 4874/3874/1187 4892/3875/1187 4889/3876/1187
f 4871/3873/1187 4874/3874/1187 4889/3876/1187
g StampCore3_-1_Mesh
v -0.296000 0.844800 -0.328020
v -0.296000 0.844800 -0.328020
v -0.296000 0.844800 -0.328020
v -0.306000 0.844800 -0.328020
v -0.306000 0.844800 -0.328020
v -0.306000 0.844800 -0.328020
v -0.296000 0.844800 0.328020
v -0.296000 0.844800 0.328020
v -0.296000 0.844800 0.328020
v -0.306000 0.844800 0.328020
v -0.306000 0.844800 0.328020
v -0.306000 0.844800 0.328020
v -0.296000 1.635200 0.208740
v -0.296000 1.635200 0.208740
v -0.296000 1.635200 0.208740
v -0.306000 1.635200 0.208740
v -0.306000 1.635200 0.208740
v -0.306000 1.635200 0.208740
v -0.296000 1.635200 -0.208740
v -0.296000 1.635200 -0.208740
v -0.296000 1.635200 -0.208740
v -0.306000 1.635200 -0.208740
v -0.306000 1.635200 -0.208740
v -0.306000 1.635200 -0.208740
vn 1.000000 -0.000000 0.000000
vn -1.000000 -0.000000 0.000000
vn -0.000000 -1.000000 0.000000
vn -0.000000 0.149200 0.988800
vn -0.000000 1.000000 0.000000
vn -0.000000 0.149200 -0.988800
vt 0.908800 0.447815
vt 0.908800 0.552185
vt 0.711200 0.582005
vt 0.711200 0.417995
vt 0.426000 0.417995
vt 0.426000 0.582005
vt 0.423500 0.582005
vt 0.423500 0.417995
vt 0.426000 0.711200
vt 0.426000 0.908800
vt 0.423500 0.908800
vt 0.423500 0.711200
vt 0.426000 0.552185
vt 0.426000 0.447815
vt 0.423500 0.447815
vt 0.423500 0.552185
s 0
g StampCore3_-1_RD_Plate
usemtl RD_Plate
f 4903/3883/1188 4909/3882/1188 4915/3881/1188
f 4897/3884/1188 4903/3883/1188 4915/3881/1188
f 4912/3882/1189 4906/3883/1189 4900/3884/1189
f 4918/3881/1189 4912/3882/1189 4900/3884/1189
f 4905/3887/1190 4902/3886/1190 4896/3885/1190
f 4899/3888/1190 4905/3887/1190 4896/3885/1190
f 4910/3891/1191 4907/3890/1191 4901/3889/1191
f 4904/3892/1191 4910/3891/1191 4901/3889/1191
f 4917/3895/1192 4914/3894/1192 4908/3893/1192
f 4911/3896/1192 4917/3895/1192 4908/3893/1192
f 4898/3892/1193 4895/3889/1193 4913/3890/1193
f 4916/3891/1193 4898/3892/1193 4913/3890/1193
g StampCore3_1_Mesh
v -0.084000 0.844800 -0.328020
v -0.084000 0.844800 -0.328020
v -0.084000 0.844800 -0.328020
v -0.074000 0.844800 -0.328020
v -0.074000 0.844800 -0.328020
v -0.074000 0.844800 -0.328020
v -0.084000 0.844800 0.328020
v -0.084000 0.844800 0.328020
v -0.084000 0.844800 0.328020
v -0.074000 0.844800 0.328020
v -0.074000 0.844800 0.328020
v -0.074000 0.844800 0.328020
v -0.084000 1.635200 0.208740
v -0.084000 1.635200 0.208740
v -0.084000 1.635200 0.208740
v -0.074000 1.635200 0.208740
v -0.074000 1.635200 0.208740
v -0.074000 1.635200 0.208740
v -0.084000 1.635200 -0.208740
v -0.084000 1.635200 -0.208740
v -0.084000 1.635200 -0.208740
v -0.074000 1.635200 -0.208740
v -0.074000 1.635200 -0.208740
v -0.074000 1.635200 -0.208740
vn -1.000000 -0.000000 0.000000
vn 1.000000 -0.000000 0.000000
vn -0.000000 -1.000000 0.000000
vn -0.000000 0.149200 0.988800
vn -0.000000 1.000000 0.000000
vn -0.000000 0.149200 -0.988800
vt 0.908800 0.447815
vt 0.711200 0.417995
vt 0.711200 0.582005
vt 0.908800 0.552185
vt 0.479000 0.417995
vt 0.481500 0.417995
vt 0.481500 0.582005
vt 0.479000 0.582005
vt 0.479000 0.711200
vt 0.481500 0.711200
vt 0.481500 0.908800
vt 0.479000 0.908800
vt 0.479000 0.552185
vt 0.481500 0.552185
vt 0.481500 0.447815
vt 0.479000 0.447815
s 0
g StampCore3_1_RD_Plate
usemtl RD_Plate
f 4927/3899/1194 4921/3898/1194 4939/3897/1194
f 4933/3900/1194 4927/3899/1194 4939/3897/1194
f 4936/3900/1195 4942/3897/1195 4924/3898/1195
f 4930/3899/1195 4936/3900/1195 4924/3898/1195
f 4929/3903/1196 4923/3902/1196 4920/3901/1196
f 4926/3904/1196 4929/3903/1196 4920/3901/1196
f 4934/3907/1197 4928/3906/1197 4925/3905/1197
f 4931/3908/1197 4934/3907/1197 4925/3905/1197
f 4941/3911/1198 4935/3910/1198 4932/3909/1198
f 4938/3912/1198 4941/3911/1198 4932/3909/1198
f 4922/3906/1199 4940/3907/1199 4937/3908/1199
f 4919/3905/1199 4922/3906/1199 4937/3908/1199
g StampCore4_-1_Mesh
v 0.084000 0.844800 -0.328020
v 0.084000 0.844800 -0.328020
v 0.084000 0.844800 -0.328020
v 0.074000 0.844800 -0.328020
v 0.074000 0.844800 -0.328020
v 0.074000 0.844800 -0.328020
v 0.084000 0.844800 0.328020
v 0.084000 0.844800 0.328020
v 0.084000 0.844800 0.328020
v 0.074000 0.844800 0.328020
v 0.074000 0.844800 0.328020
v 0.074000 0.844800 0.328020
v 0.084000 1.635200 0.208740
v 0.084000 1.635200 0.208740
v 0.084000 1.635200 0.208740
v 0.074000 1.635200 0.208740
v 0.074000 1.635200 0.208740
v 0.074000 1.635200 0.208740
v 0.084000 1.635200 -0.208740
v 0.084000 1.635200 -0.208740
v 0.084000 1.635200 -0.208740
v 0.074000 1.635200 -0.208740
v 0.074000 1.635200 -0.208740
v 0.074000 1.635200 -0.208740
vn 1.000000 -0.000000 0.000000
vn -1.000000 -0.000000 0.000000
vn -0.000000 -1.000000 0.000000
vn -0.000000 0.149200 0.988800
vn -0.000000 1.000000 0.000000
vn -0.000000 0.149200 -0.988800
vt 0.908800 0.447815
vt 0.908800 0.552185
vt 0.711200 0.582005
vt 0.711200 0.417995
vt 0.521000 0.417995
vt 0.521000 0.582005
vt 0.518500 0.582005
vt 0.518500 0.417995
vt 0.521000 0.711200
vt 0.521000 0.908800
vt 0.518500 0.908800
vt 0.518500 0.711200
vt 0.521000 0.552185
vt 0.521000 0.447815
vt 0.518500 0.447815
vt 0.518500 0.552185
s 0
g StampCore4_-1_RD_Plate
usemtl RD_Plate
f 4951/3915/1200 4957/3914/1200 4963/3913/1200
f 4945/3916/1200 4951/3915/1200 4963/3913/1200
f 4960/3914/1201 4954/3915/1201 4948/3916/1201
f 4966/3913/1201 4960/3914/1201 4948/3916/1201
f 4953/3919/1202 4950/3918/1202 4944/3917/1202
f 4947/3920/1202 4953/3919/1202 4944/3917/1202
f 4958/3923/1203 4955/3922/1203 4949/3921/1203
f 4952/3924/1203 4958/3923/1203 4949/3921/1203
f 4965/3927/1204 4962/3926/1204 4956/3925/1204
f 4959/3928/1204 4965/3927/1204 4956/3925/1204
f 4946/3924/1205 4943/3921/1205 4961/3922/1205
f 4964/3923/1205 4946/3924/1205 4961/3922/1205
g StampCore4_1_Mesh
v 0.296000 0.844800 -0.328020
v 0.296000 0.844800 -0.328020
v 0.296000 0.844800 -0.328020
v 0.306000 0.844800 -0.328020
v 0.306000 0.844800 -0.328020
v 0.306000 0.844800 -0.328020
v 0.296000 0.844800 0.328020
v 0.296000 0.844800 0.328020
v 0.296000 0.844800 0.328020
v 0.306000 0.844800 0.328020
v 0.306000 0.844800 0.328020
v 0.306000 0.844800 0.328020
v 0.296000 1.635200 0.208740
v 0.296000 1.635200 0.208740
v 0.296000 1.635200 0.208740
v 0.306000 1.635200 0.208740
v 0.306000 1.635200 0.208740
v 0.306000 1.635200 0.208740
v 0.296000 1.635200 -0.208740
v 0.296000 1.635200 -0.208740
v 0.296000 1.635200 -0.208740
v 0.306000 1.635200 -0.208740
v 0.306000 1.635200 -0.208740
v 0.306000 1.635200 -0.208740
vn -1.000000 -0.000000 0.000000
vn 1.000000 -0.000000 0.000000
vn -0.000000 -1.000000 0.000000
vn -0.000000 0.149200 0.988800
vn -0.000000 1.000000 0.000000
vn -0.000000 0.149200 -0.988800
vt 0.908800 0.447815
vt 0.711200 0.417995
vt 0.711200 0.582005
vt 0.908800 0.552185
vt 0.574000 0.417995
vt 0.576500 0.417995
vt 0.576500 0.582005
vt 0.574000 0.582005
vt 0.574000 0.711200
vt 0.576500 0.711200
vt 0.576500 0.908800
vt 0.574000 0.908800
vt 0.574000 0.552185
vt 0.576500 0.552185
vt 0.576500 0.447815
vt 0.574000 0.447815
s 0
g StampCore4_1_RD_Plate
usemtl RD_Plate
f 4975/3931/1206 4969/3930/1206 4987/3929/1206
f 4981/3932/1206 4975/3931/1206 4987/3929/1206
f 4984/3932/1207 4990/3929/1207 4972/3930/1207
f 4978/3931/1207 4984/3932/1207 4972/3930/1207
f 4977/3935/1208 4971/3934/1208 4968/3933/1208
f 4974/3936/1208 4977/3935/1208 4968/3933/1208
f 4982/3939/1209 4976/3938/1209 4973/3937/1209
f 4979/3940/1209 4982/3939/1209 4973/3937/1209
f 4989/3943/1210 4983/3942/1210 4980/3941/1210
f 4986/3944/1210 4989/3943/1210 4980/3941/1210
f 4970/3938/1211 4988/3939/1211 4985/3940/1211
f 4967/3937/1211 4970/3938/1211 4985/3940/1211
g StampCore5_-1_Mesh
v 0.464000 0.844800 -0.328020
v 0.464000 0.844800 -0.328020
v 0.464000 0.844800 -0.328020
v 0.454000 0.844800 -0.328020
v 0.454000 0.844800 -0.328020
v 0.454000 0.844800 -0.328020
v 0.464000 0.844800 0.328020
v 0.464000 0.844800 0.328020
v 0.464000 0.844800 0.328020
v 0.454000 0.844800 0.328020
v 0.454000 0.844800 0.328020
v 0.454000 0.844800 0.328020
v 0.464000 1.635200 0.208740
v 0.464000 1.635200 0.208740
v 0.464000 1.635200 0.208740
v 0.454000 1.635200 0.208740
v 0.454000 1.635200 0.208740
v 0.454000 1.635200 0.208740
v 0.464000 1.635200 -0.208740
v 0.464000 1.635200 -0.208740
v 0.464000 1.635200 -0.208740
v 0.454000 1.635200 -0.208740
v 0.454000 1.635200 -0.208740
v 0.454000 1.635200 -0.208740
vn 1.000000 -0.000000 0.000000
vn -1.000000 -0.000000 0.000000
vn -0.000000 -1.000000 0.000000
vn -0.000000 0.149200 0.988800
vn -0.000000 1.000000 0.000000
vn -0.000000 0.149200 -0.988800
vt 0.908800 0.447815
vt 0.908800 0.552185
vt 0.711200 0.582005
vt 0.711200 0.417995
vt 0.616000 0.417995
vt 0.616000 0.582005
vt 0.613500 0.582005
vt 0.613500 0.417995
vt 0.616000 0.711200
vt 0.616000 0.908800
vt 0.613500 0.908800
vt 0.613500 0.711200
vt 0.616000 0.552185
vt 0.616000 0.447815
vt 0.613500 0.447815
vt 0.613500 0.552185
s 0
g StampCore5_-1_RD_Plate
usemtl RD_Plate
f 4999/3947/1212 5005/3946/1212 5011/3945/1212
f 4993/3948/1212 4999/3947/1212 5011/3945/1212
f 5008/3946/1213 5002/3947/1213 4996/3948/1213
f 5014/3945/1213 5008/3946/1213 4996/3948/1213
f 5001/3951/1214 4998/3950/1214 4992/3949/1214
f 4995/3952/1214 5001/3951/1214 4992/3949/1214
f 5006/3955/1215 5003/3954/1215 4997/3953/1215
f 5000/3956/1215 5006/3955/1215 4997/3953/1215
f 5013/3959/1216 5010/3958/1216 5004/3957/1216
f 5007/3960/1216 5013/3959/1216 5004/3957/1216
f 4994/3956/1217 4991/3953/1217 5009/3954/1217
f 5012/3955/1217 4994/3956/1217 5009/3954/1217
g StampCore5_1_Mesh
v 0.676000 0.844800 -0.328020
v 0.676000 0.844800 -0.328020
v 0.676000 0.844800 -0.328020
v 0.686000 0.844800 -0.328020
v 0.686000 0.844800 -0.328020
v 0.686000 0.844800 -0.328020
v 0.676000 0.844800 0.328020
v 0.676000 0.844800 0.328020
v 0.676000 0.844800 0.328020
v 0.686000 0.844800 0.328020
v 0.686000 0.844800 0.328020
v 0.686000 0.844800 0.328020
v 0.676000 1.635200 0.208740
v 0.676000 1.635200 0.208740
v 0.676000 1.635200 0.208740
v 0.686000 1.635200 0.208740
v 0.686000 1.635200 0.208740
v 0.686000 1.635200 0.208740
v 0.676000 1.635200 -0.208740
v 0.676000 1.635200 -0.208740
v 0.676000 1.635200 -0.208740
v 0.686000 1.635200 -0.208740
v 0.686000 1.635200 -0.208740
v 0.686000 1.635200 -0.208740
vn -1.000000 -0.000000 0.000000
vn 1.000000 -0.000000 0.000000
vn -0.000000 -1.000000 0.000000
vn -0.000000 0.149200 0.988800
vn -0.000000 1.000000 0.000000
vn -0.000000 0.149200 -0.988800
vt 0.908800 0.447815
vt 0.711200 0.417995
vt 0.711200 0.582005
vt 0.908800 0.552185
vt 0.669000 0.417995
vt 0.671500 0.417995
vt 0.671500 0.582005
vt 0.669000 0.582005
vt 0.669000 0.711200
vt 0.671500 0.711200
vt 0.671500 0.908800
vt 0.669000 0.908800
vt 0.669000 0.552185
vt 0.671500 0.552185
vt 0.671500 0.447815
vt 0.669000 0.447815
s 0
g StampCore5_1_RD_Plate
usemtl RD_Plate
f 5023/3963/1218 5017/3962/1218 5035/3961/1218
f 5029/3964/1218 5023/3963/1218 5035/3961/1218
f 5032/3964/1219 5038/3961/1219 5020/3962/1219
f 5026/3963/1219 5032/3964/1219 5020/3962/1219
f 5025/3967/1220 5019/3966/1220 5016/3965/1220
f 5022/3968/1220 5025/3967/1220 5016/3965/1220
f 5030/3971/1221 5024/3970/1221 5021/3969/1221
f 5027/3972/1221 5030/3971/1221 5021/3969/1221
f 5037/3975/1222 5031/3974/1222 5028/3973/1222
f 5034/3976/1222 5037/3975/1222 5028/3973/1222
f 5018/3970/1223 5036/3971/1223 5033/3972/1223
f 5015/3969/1223 5018/3970/1223 5033/3972/1223
g StampCore6_-1_Mesh
v 0.844000 0.844800 -0.328020
v 0.844000 0.844800 -0.328020
v 0.844000 0.844800 -0.328020
v 0.834000 0.844800 -0.328020
v 0.834000 0.844800 -0.328020
v 0.834000 0.844800 -0.328020
v 0.844000 0.844800 0.328020
v 0.844000 0.844800 0.328020
v 0.844000 0.844800 0.328020
v 0.834000 0.844800 0.328020
v 0.834000 0.844800 0.328020
v 0.834000 0.844800 0.328020
v 0.844000 1.635200 0.208740
v 0.844000 1.635200 0.208740
v 0.844000 1.635200 0.208740
v 0.834000 1.635200 0.208740
v 0.834000 1.635200 0.208740
v 0.834000 1.635200 0.208740
v 0.844000 1.635200 -0.208740
v 0.844000 1.635200 -0.208740
v 0.844000 1.635200 -0.208740
v 0.834000 1.635200 -0.208740
v 0.834000 1.635200 -0.208740
v 0.834000 1.635200 -0.208740
vn 1.000000 -0.000000 0.000000
vn -1.000000 -0.000000 0.000000
vn -0.000000 -1.000000 0.000000
vn -0.000000 0.149200 0.988800
vn -0.000000 1.000000 0.000000
vn -0.000000 0.149200 -0.988800
vt 0.908800 0.447815
vt 0.908800 0.552185
vt 0.711200 0.582005
vt 0.711200 0.417995
vt 0.711000 0.417995
vt 0.711000 0.582005
vt 0.708500 0.582005
vt 0.708500 0.417995
vt 0.711000 0.711200
vt 0.711000 0.908800
vt 0.708500 0.908800
vt 0.708500 0.711200
vt 0.711000 0.552185
vt 0.711000 0.447815
vt 0.708500 0.447815
vt 0.708500 0.552185
s 0
g StampCore6_-1_RD_Plate
usemtl RD_Plate
f 5047/3979/1224 5053/3978/1224 5059/3977/1224
f 5041/3980/1224 5047/3979/1224 5059/3977/1224
f 5056/3978/1225 5050/3979/1225 5044/3980/1225
f 5062/3977/1225 5056/3978/1225 5044/3980/1225
f 5049/3983/1226 5046/3982/1226 5040/3981/1226
f 5043/3984/1226 5049/3983/1226 5040/3981/1226
f 5054/3987/1227 5051/3986/1227 5045/3985/1227
f 5048/3988/1227 5054/3987/1227 5045/3985/1227
f 5061/3991/1228 5058/3990/1228 5052/3989/1228
f 5055/3992/1228 5061/3991/1228 5052/3989/1228
f 5042/3988/1229 5039/3985/1229 5057/3986/1229
f 5060/3987/1229 5042/3988/1229 5057/3986/1229
g StampCore6_1_Mesh
v 1.056000 0.844800 -0.328020
v 1.056000 0.844800 -0.328020
v 1.056000 0.844800 -0.328020
v 1.066000 0.844800 -0.328020
v 1.066000 0.844800 -0.328020
v 1.066000 0.844800 -0.328020
v 1.056000 0.844800 0.328020
v 1.056000 0.844800 0.328020
v 1.056000 0.844800 0.328020
v 1.066000 0.844800 0.328020
v 1.066000 0.844800 0.328020
v 1.066000 0.844800 0.328020
v 1.056000 1.635200 0.208740
v 1.056000 1.635200 0.208740
v 1.056000 1.635200 0.208740
v 1.066000 1.635200 0.208740
v 1.066000 1.635200 0.208740
v 1.066000 1.635200 0.208740
v 1.056000 1.635200 -0.208740
v 1.056000 1.635200 -0.208740
v 1.056000 1.635200 -0.208740
v 1.066000 1.635200 -0.208740
v 1.066000 1.635200 -0.208740
v 1.066000 1.635200 -0.208740
vn -1.000000 -0.000000 0.000000
vn 1.000000 -0.000000 0.000000
vn -0.000000 -1.000000 0.000000
vn -0.000000 0.149200 0.988800
vn -0.000000 1.000000 0.000000
vn -0.000000 0.149200 -0.988800
vt 0.908800 0.447815
vt 0.711200 0.417995
vt 0.711200 0.582005
vt 0.908800 0.552185
vt 0.764000 0.417995
vt 0.766500 0.417995
vt 0.766500 0.582005
vt 0.764000 0.582005
vt 0.764000 0.711200
vt 0.766500 0.711200
vt 0.766500 0.908800
vt 0.764000 0.908800
vt 0.764000 0.552185
vt 0.766500 0.552185
vt 0.766500 0.447815
vt 0.764000 0.447815
s 0
g StampCore6_1_RD_Plate
usemtl RD_Plate
f 5071/3995/1230 5065/3994/1230 5083/3993/1230
f 5077/3996/1230 5071/3995/1230 5083/3993/1230
f 5080/3996/1231 5086/3993/1231 5068/3994/1231
f 5074/3995/1231 5080/3996/1231 5068/3994/1231
f 5073/3999/1232 5067/3998/1232 5064/3997/1232
f 5070/4000/1232 5073/3999/1232 5064/3997/1232
f 5078/4003/1233 5072/4002/1233 5069/4001/1233
f 5075/4004/1233 5078/4003/1233 5069/4001/1233
f 5085/4007/1234 5079/4006/1234 5076/4005/1234
f 5082/4008/1234 5085/4007/1234 5076/4005/1234
f 5066/4002/1235 5084/4003/1235 5081/4004/1235
f 5063/4001/1235 5066/4002/1235 5081/4004/1235
g StampCore7_-1_Mesh
v 1.224000 0.844800 -0.328020
v 1.224000 0.844800 -0.328020
v 1.224000 0.844800 -0.328020
v 1.214000 0.844800 -0.328020
v 1.214000 0.844800 -0.328020
v 1.214000 0.844800 -0.328020
v 1.224000 0.844800 0.328020
v 1.224000 0.844800 0.328020
v 1.224000 0.844800 0.328020
v 1.214000 0.844800 0.328020
v 1.214000 0.844800 0.328020
v 1.214000 0.844800 0.328020
v 1.224000 1.635200 0.208740
v 1.224000 1.635200 0.208740
v 1.224000 1.635200 0.208740
v 1.214000 1.635200 0.208740
v 1.214000 1.635200 0.208740
v 1.214000 1.635200 0.208740
v 1.224000 1.635200 -0.208740
v 1.224000 1.635200 -0.208740
v 1.224000 1.635200 -0.208740
v 1.214000 1.635200 -0.208740
v 1.214000 1.635200 -0.208740
v 1.214000 1.635200 -0.208740
vn 1.000000 -0.000000 0.000000
vn -1.000000 -0.000000 0.000000
vn -0.000000 -1.000000 0.000000
vn -0.000000 0.149200 0.988800
vn -0.000000 1.000000 0.000000
vn -0.000000 0.149200 -0.988800
vt 0.908800 0.447815
vt 0.908800 0.552185
vt 0.711200 0.582005
vt 0.711200 0.417995
vt 0.806000 0.417995
vt 0.806000 0.582005
vt 0.803500 0.582005
vt 0.803500 0.417995
vt 0.806000 0.711200
vt 0.806000 0.908800
vt 0.803500 0.908800
vt 0.803500 0.711200
vt 0.806000 0.552185
vt 0.806000 0.447815
vt 0.803500 0.447815
vt 0.803500 0.552185
s 0
g StampCore7_-1_RD_Plate
usemtl RD_Plate
f 5095/4011/1236 5101/4010/1236 5107/4009/1236
f 5089/4012/1236 5095/4011/1236 5107/4009/1236
f 5104/4010/1237 5098/4011/1237 5092/4012/1237
f 5110/4009/1237 5104/4010/1237 5092/4012/1237
f 5097/4015/1238 5094/4014/1238 5088/4013/1238
f 5091/4016/1238 5097/4015/1238 5088/4013/1238
f 5102/4019/1239 5099/4018/1239 5093/4017/1239
f 5096/4020/1239 5102/4019/1239 5093/4017/1239
f 5109/4023/1240 5106/4022/1240 5100/4021/1240
f 5103/4024/1240 5109/4023/1240 5100/4021/1240
f 5090/4020/1241 5087/4017/1241 5105/4018/1241
f 5108/4019/1241 5090/4020/1241 5105/4018/1241
g StampCore7_1_Mesh
v 1.436000 0.844800 -0.328020
v 1.436000 0.844800 -0.328020
v 1.436000 0.844800 -0.328020
v 1.446000 0.844800 -0.328020
v 1.446000 0.844800 -0.328020
v 1.446000 0.844800 -0.328020
v 1.436000 0.844800 0.328020
v 1.436000 0.844800 0.328020
v 1.436000 0.844800 0.328020
v 1.446000 0.844800 0.328020
v 1.446000 0.844800 0.328020
v 1.446000 0.844800 0.328020
v 1.436000 1.635200 0.208740
v 1.436000 1.635200 0.208740
v 1.436000 1.635200 0.208740
v 1.446000 1.635200 0.208740
v 1.446000 1.635200 0.208740
v 1.446000 1.635200 0.208740
v 1.436000 1.635200 -0.208740
v 1.436000 1.635200 -0.208740
v 1.436000 1.635200 -0.208740
v 1.446000 1.635200 -0.208740
v 1.446000 1.635200 -0.208740
v 1.446000 1.635200 -0.208740
vn -1.000000 -0.000000 0.000000
vn 1.000000 -0.000000 0.000000
vn -0.000000 -1.000000 0.000000
vn -0.000000 0.149200 0.988800
vn -0.000000 1.000000 0.000000
vn -0.000000 0.149200 -0.988800
vt 0.908800 0.447815
vt 0.711200 0.417995
vt 0.711200 0.582005
vt 0.908800 0.552185
vt 0.859000 0.417995
vt 0.861500 0.417995
vt 0.861500 0.582005
vt 0.859000 0.582005
vt 0.859000 0.711200
vt 0.861500 0.711200
vt 0.861500 0.908800
vt 0.859000 0.908800
vt 0.859000 0.552185
vt 0.861500 0.552185
vt 0.861500 0.447815
vt 0.859000 0.447815
s 0
g StampCore7_1_RD_Plate
usemtl RD_Plate
f 5119/4027/1242 5113/4026/1242 5131/4025/1242
f 5125/4028/1242 5119/4027/1242 5131/4025/1242
f 5128/4028/1243 5134/4025/1243 5116/4026/1243
f 5122/4027/1243 5128/4028/1243 5116/4026/1243
f 5121/4031/1244 5115/4030/1244 5112/4029/1244
f 5118/4032/1244 5121/4031/1244 5112/4029/1244
f 5126/4035/1245 5120/4034/1245 5117/4033/1245
f 5123/4036/1245 5126/4035/1245 5117/4033/1245
f 5133/4039/1246 5127/4038/1246 5124/4037/1246
f 5130/4040/1246 5133/4039/1246 5124/4037/1246
f 5114/4034/1247 5132/4035/1247 5129/4036/1247
f 5111/4033/1247 5114/4034/1247 5129/4036/1247
g StampFrame0_-1_Mesh
v -1.432000 0.449600 -0.328020
v -1.432000 0.449600 -0.328020
v -1.432000 0.449600 -0.328020
v -1.448000 0.449600 -0.328020
v -1.448000 0.449600 -0.328020
v -1.448000 0.449600 -0.328020
v -1.432000 0.449600 0.328020
v -1.432000 0.449600 0.328020
v -1.432000 0.449600 0.328020
v -1.448000 0.449600 0.328020
v -1.448000 0.449600 0.328020
v -1.448000 0.449600 0.328020
v -1.432000 0.717980 0.596400
v -1.432000 0.717980 0.596400
v -1.432000 0.717980 0.596400
v -1.448000 0.717980 0.596400
v -1.448000 0.717980 0.596400
v -1.448000 0.717980 0.596400
v -1.432000 1.762020 0.596400
v -1.432000 1.762020 0.596400
v -1.432000 1.762020 0.596400
v -1.448000 1.762020 0.596400
v -1.448000 1.762020 0.596400
v -1.448000 1.762020 0.596400
v -1.432000 2.030400 0.328020
v -1.432000 2.030400 0.328020
v -1.432000 2.030400 0.328020
v -1.448000 2.030400 0.328020
v -1.448000 2.030400 0.328020
v -1.448000 2.030400 0.328020
v -1.432000 2.030400 -0.328020
v -1.432000 2.030400 -0.328020
v -1.432000 2.030400 -0.328020
v -1.448000 2.030400 -0.328020
v -1.448000 2.030400 -0.328020
v -1.448000 2.030400 -0.328020
v -1.432000 1.762020 -0.596400
v -1.432000 1.762020 -0.596400
v -1.432000 1.762020 -0.596400
v -1.448000 1.762020 -0.596400
v -1.448000 1.762020 -0.596400
v -1.448000 1.762020 -0.596400
v -1.432000 0.717980 -0.596400
v -1.432000 0.717980 -0.596400
v -1.432000 0.717980 -0.596400
v -1.448000 0.717980 -0.596400
v -1.448000 0.717980 -0.596400
v -1.448000 0.717980 -0.596400
v -1.432000 0.670912 -0.236174
v -1.432000 0.670912 -0.236174
v -1.432000 0.670912 -0.236174
v -1.448000 0.670912 -0.236174
v -1.448000 0.670912 -0.236174
v -1.448000 0.670912 -0.236174
v -1.432000 0.670912 0.236174
v -1.432000 0.670912 0.236174
v -1.432000 0.670912 0.236174
v -1.448000 0.670912 0.236174
v -1.448000 0.670912 0.236174
v -1.448000 0.670912 0.236174
v -1.432000 0.864146 0.429408
v -1.432000 0.864146 0.429408
v -1.432000 0.864146 0.429408
v -1.448000 0.864146 0.429408
v -1.448000 0.864146 0.429408
v -1.448000 0.864146 0.429408
v -1.432000 1.615854 0.429408
v -1.432000 1.615854 0.429408
v -1.432000 1.615854 0.429408
v -1.448000 1.615854 0.429408
v -1.448000 1.615854 0.429408
v -1.448000 1.615854 0.429408
v -1.432000 1.809088 0.236174
v -1.432000 1.809088 0.236174
v -1.432000 1.809088 0.236174
v -1.448000 1.809088 0.236174
v -1.448000 1.809088 0.236174
v -1.448000 1.809088 0.236174
v -1.432000 1.809088 -0.236174
v -1.432000 1.809088 -0.236174
v -1.432000 1.809088 -0.236174
v -1.448000 1.809088 -0.236174
v -1.448000 1.809088 -0.236174
v -1.448000 1.809088 -0.236174
v -1.432000 1.615854 -0.429408
v -1.432000 1.615854 -0.429408
v -1.432000 1.615854 -0.429408
v -1.448000 1.615854 -0.429408
v -1.448000 1.615854 -0.429408
v -1.448000 1.615854 -0.429408
v -1.432000 0.864146 -0.429408
v -1.432000 0.864146 -0.429408
v -1.432000 0.864146 -0.429408
v -1.448000 0.864146 -0.429408
v -1.448000 0.864146 -0.429408
v -1.448000 0.864146 -0.429408
vn 1.000000 -0.000000 0.000000
vn -1.000000 -0.000000 0.000000
vn -0.000000 -1.000000 0.000000
vn -0.000000 1.000000 0.000000
vn -0.000000 -0.707100 0.707100
vn -0.000000 0.707100 -0.707100
vn -0.000000 -0.000000 1.000000
vn -0.000000 -0.000000 -1.000000
vn -0.000000 0.707100 0.707100
vn -0.000000 -0.707100 -0.707100
vt 0.625888 0.408154
vt 0.687855 0.433871
vt 0.687855 0.566129
vt 0.625888 0.591846
vt 0.099040 0.408154
vt 0.099040 0.591846
vt 0.094560 0.591846
vt 0.094560 0.408154
vt 0.099040 0.433871
vt 0.094560 0.433871
vt 0.094560 0.566129
vt 0.099040 0.566129
vt 0.741961 0.620234
vt 0.701034 0.666992
vt 0.099040 0.625888
vt 0.099040 0.701034
vt 0.094560 0.701034
vt 0.094560 0.625888
vt 0.094560 0.620234
vt 0.099040 0.620234
vt 0.952439 0.620234
vt 0.993366 0.666992
vt 0.099040 0.993366
vt 0.094560 0.993366
vt 0.099040 0.741961
vt 0.094560 0.741961
vt 0.094560 0.952439
vt 0.099040 0.952439
vt 1.006545 0.566129
vt 1.068512 0.591846
vt 0.099040 1.068512
vt 0.094560 1.068512
vt 1.006545 0.433871
vt 1.068512 0.408154
vt 0.952439 0.379766
vt 0.993366 0.333008
vt 0.094560 0.379766
vt 0.099040 0.379766
vt 0.741961 0.379766
vt 0.701034 0.333008
s 0
g StampFrame0_-1_RD_Stamp
usemtl RD_Stamp
f 5191/4043/1248 5185/4042/1248 5137/4041/1248
f 5143/4044/1248 5191/4043/1248 5137/4041/1248
f 5194/4043/1249 5146/4044/1249 5140/4041/1249
f 5188/4042/1249 5194/4043/1249 5140/4041/1249
f 5145/4047/1250 5142/4046/1250 5136/4045/1250
f 5139/4048/1250 5145/4047/1250 5136/4045/1250
f 5193/4051/1251 5187/4050/1251 5184/4049/1251
f 5190/4052/1251 5193/4051/1251 5184/4049/1251
f 5197/4053/1248 5191/4043/1248 5143/4044/1248
f 5149/4054/1248 5197/4053/1248 5143/4044/1248
f 5200/4053/1249 5152/4054/1249 5146/4044/1249
f 5194/4043/1249 5200/4053/1249 5146/4044/1249
f 5151/4057/1252 5148/4056/1252 5141/4055/1252
f 5144/4058/1252 5151/4057/1252 5141/4055/1252
f 5199/4059/1253 5192/4051/1253 5189/4052/1253
f 5196/4060/1253 5199/4059/1253 5189/4052/1253
f 5203/4061/1248 5197/4053/1248 5149/4054/1248
f 5155/4062/1248 5203/4061/1248 5149/4054/1248
f 5206/4061/1249 5158/4062/1249 5152/4054/1249
f 5200/4053/1249 5206/4061/1249 5152/4054/1249
f 5156/4064/1254 5153/4063/1254 5147/4056/1254
f 5150/4057/1254 5156/4064/1254 5147/4056/1254
f 5204/4067/1255 5198/4066/1255 5195/4065/1255
f 5201/4068/1255 5204/4067/1255 5195/4065/1255
f 5209/4069/1248 5203/4061/1248 5155/4062/1248
f 5161/4070/1248 5209/4069/1248 5155/4062/1248
f 5212/4069/1249 5164/4070/1249 5158/4062/1249
f 5206/4061/1249 5212/4069/1249 5158/4062/1249
f 5162/4072/1256 5159/4071/1256 5154/4063/1256
f 5157/4064/1256 5162/4072/1256 5154/4063/1256
f 5210/4051/1257 5205/4059/1257 5202/4060/1257
f 5207/4052/1257 5210/4051/1257 5202/4060/1257
f 5215/4073/1248 5209/4069/1248 5161/4070/1248
f 5167/4074/1248 5215/4073/1248 5161/4070/1248
f 5218/4073/1249 5170/4074/1249 5164/4070/1249
f 5212/4069/1249 5218/4073/1249 5164/4070/1249
f 5169/4048/1251 5166/4045/1251 5160/4046/1251
f 5163/4047/1251 5169/4048/1251 5160/4046/1251
f 5217/4050/1250 5211/4051/1250 5208/4052/1250
f 5214/4049/1250 5217/4050/1250 5208/4052/1250
f 5221/4075/1248 5215/4073/1248 5167/4074/1248
f 5173/4076/1248 5221/4075/1248 5167/4074/1248
f 5224/4075/1249 5176/4076/1249 5170/4074/1249
f 5218/4073/1249 5224/4075/1249 5170/4074/1249
f 5175/4064/1253 5172/4063/1253 5165/4071/1253
f 5168/4072/1253 5175/4064/1253 5165/4071/1253
f 5223/4077/1252 5216/4050/1252 5213/4049/1252
f 5220/4078/1252 5223/4077/1252 5213/4049/1252
f 5227/4079/1248 5221/4075/1248 5173/4076/1248
f 5179/4080/1248 5227/4079/1248 5173/4076/1248
f 5230/4079/1249 5182/4080/1249 5176/4076/1249
f 5224/4075/1249 5230/4079/1249 5176/4076/1249
f 5180/4057/1255 5177/4056/1255 5171/4063/1255
f 5174/4064/1255 5180/4057/1255 5171/4063/1255
f 5228/4066/1254 5222/4067/1254 5219/4068/1254
f 5225/4065/1254 5228/4066/1254 5219/4068/1254
f 5185/4042/1248 5227/4079/1248 5179/4080/1248
f 5137/4041/1248 5185/4042/1248 5179/4080/1248
f 5188/4042/1249 5140/4041/1249 5182/4080/1249
f 5230/4079/1249 5188/4042/1249 5182/4080/1249
f 5138/4058/1257 5135/4055/1257 5178/4056/1257
f 5181/4057/1257 5138/4058/1257 5178/4056/1257
f 5186/4050/1256 5229/4077/1256 5226/4078/1256
f 5183/4049/1256 5186/4050/1256 5226/4078/1256
g StampFrame0_1_Mesh
v -1.228000 0.449600 -0.328020
v -1.228000 0.449600 -0.328020
v -1.228000 0.449600 -0.328020
v -1.212000 0.449600 -0.328020
v -1.212000 0.449600 -0.328020
v -1.212000 0.449600 -0.328020
v -1.228000 0.449600 0.328020
v -1.228000 0.449600 0.328020
v -1.228000 0.449600 0.328020
v -1.212000 0.449600 0.328020
v -1.212000 0.449600 0.328020
v -1.212000 0.449600 0.328020
v -1.228000 0.717980 0.596400
v -1.228000 0.717980 0.596400
v -1.228000 0.717980 0.596400
v -1.212000 0.717980 0.596400
v -1.212000 0.717980 0.596400
v -1.212000 0.717980 0.596400
v -1.228000 1.762020 0.596400
v -1.228000 1.762020 0.596400
v -1.228000 1.762020 0.596400
v -1.212000 1.762020 0.596400
v -1.212000 1.762020 0.596400
v -1.212000 1.762020 0.596400
v -1.228000 2.030400 0.328020
v -1.228000 2.030400 0.328020
v -1.228000 2.030400 0.328020
v -1.212000 2.030400 0.328020
v -1.212000 2.030400 0.328020
v -1.212000 2.030400 0.328020
v -1.228000 2.030400 -0.328020
v -1.228000 2.030400 -0.328020
v -1.228000 2.030400 -0.328020
v -1.212000 2.030400 -0.328020
v -1.212000 2.030400 -0.328020
v -1.212000 2.030400 -0.328020
v -1.228000 1.762020 -0.596400
v -1.228000 1.762020 -0.596400
v -1.228000 1.762020 -0.596400
v -1.212000 1.762020 -0.596400
v -1.212000 1.762020 -0.596400
v -1.212000 1.762020 -0.596400
v -1.228000 0.717980 -0.596400
v -1.228000 0.717980 -0.596400
v -1.228000 0.717980 -0.596400
v -1.212000 0.717980 -0.596400
v -1.212000 0.717980 -0.596400
v -1.212000 0.717980 -0.596400
v -1.228000 0.670912 -0.236174
v -1.228000 0.670912 -0.236174
v -1.228000 0.670912 -0.236174
v -1.212000 0.670912 -0.236174
v -1.212000 0.670912 -0.236174
v -1.212000 0.670912 -0.236174
v -1.228000 0.670912 0.236174
v -1.228000 0.670912 0.236174
v -1.228000 0.670912 0.236174
v -1.212000 0.670912 0.236174
v -1.212000 0.670912 0.236174
v -1.212000 0.670912 0.236174
v -1.228000 0.864146 0.429408
v -1.228000 0.864146 0.429408
v -1.228000 0.864146 0.429408
v -1.212000 0.864146 0.429408
v -1.212000 0.864146 0.429408
v -1.212000 0.864146 0.429408
v -1.228000 1.615854 0.429408
v -1.228000 1.615854 0.429408
v -1.228000 1.615854 0.429408
v -1.212000 1.615854 0.429408
v -1.212000 1.615854 0.429408
v -1.212000 1.615854 0.429408
v -1.228000 1.809088 0.236174
v -1.228000 1.809088 0.236174
v -1.228000 1.809088 0.236174
v -1.212000 1.809088 0.236174
v -1.212000 1.809088 0.236174
v -1.212000 1.809088 0.236174
v -1.228000 1.809088 -0.236174
v -1.228000 1.809088 -0.236174
v -1.228000 1.809088 -0.236174
v -1.212000 1.809088 -0.236174
v -1.212000 1.809088 -0.236174
v -1.212000 1.809088 -0.236174
v -1.228000 1.615854 -0.429408
v -1.228000 1.615854 -0.429408
v -1.228000 1.615854 -0.429408
v -1.212000 1.615854 -0.429408
v -1.212000 1.615854 -0.429408
v -1.212000 1.615854 -0.429408
v -1.228000 0.864146 -0.429408
v -1.228000 0.864146 -0.429408
v -1.228000 0.864146 -0.429408
v -1.212000 0.864146 -0.429408
v -1.212000 0.864146 -0.429408
v -1.212000 0.864146 -0.429408
vn -1.000000 -0.000000 0.000000
vn 1.000000 -0.000000 0.000000
vn -0.000000 -1.000000 0.000000
vn -0.000000 1.000000 0.000000
vn -0.000000 -0.707100 0.707100
vn -0.000000 0.707100 -0.707100
vn -0.000000 -0.000000 1.000000
vn -0.000000 -0.000000 -1.000000
vn -0.000000 0.707100 0.707100
vn -0.000000 -0.707100 -0.707100
vt 0.625888 0.408154
vt 0.625888 0.591846
vt 0.687855 0.566129
vt 0.687855 0.433871
vt 0.156160 0.408154
vt 0.160640 0.408154
vt 0.160640 0.591846
vt 0.156160 0.591846
vt 0.156160 0.433871
vt 0.156160 0.566129
vt 0.160640 0.566129
vt 0.160640 0.433871
vt 0.701034 0.666992
vt 0.741961 0.620234
vt 0.156160 0.625888
vt 0.160640 0.625888
vt 0.160640 0.701034
vt 0.156160 0.701034
vt 0.156160 0.620234
vt 0.160640 0.620234
vt 0.993366 0.666992
vt 0.952439 0.620234
vt 0.160640 0.993366
vt 0.156160 0.993366
vt 0.156160 0.741961
vt 0.156160 0.952439
vt 0.160640 0.952439
vt 0.160640 0.741961
vt 1.068512 0.591846
vt 1.006545 0.566129
vt 0.160640 1.068512
vt 0.156160 1.068512
vt 1.068512 0.408154
vt 1.006545 0.433871
vt 0.993366 0.333008
vt 0.952439 0.379766
vt 0.156160 0.379766
vt 0.160640 0.379766
vt 0.701034 0.333008
vt 0.741961 0.379766
s 0
g StampFrame0_1_RD_Stamp
usemtl RD_Stamp
f 5287/4083/1258 5239/4082/1258 5233/4081/1258
f 5281/4084/1258 5287/4083/1258 5233/4081/1258
f 5290/4083/1259 5284/4084/1259 5236/4081/1259
f 5242/4082/1259 5290/4083/1259 5236/4081/1259
f 5241/4087/1260 5235/4086/1260 5232/4085/1260
f 5238/4088/1260 5241/4087/1260 5232/4085/1260
f 5289/4091/1261 5286/4090/1261 5280/4089/1261
f 5283/4092/1261 5289/4091/1261 5280/4089/1261
f 5293/4094/1258 5245/4093/1258 5239/4082/1258
f 5287/4083/1258 5293/4094/1258 5239/4082/1258
f 5296/4094/1259 5290/4083/1259 5242/4082/1259
f 5248/4093/1259 5296/4094/1259 5242/4082/1259
f 5247/4097/1262 5240/4096/1262 5237/4095/1262
f 5244/4098/1262 5247/4097/1262 5237/4095/1262
f 5295/4100/1263 5292/4099/1263 5285/4090/1263
f 5288/4091/1263 5295/4100/1263 5285/4090/1263
f 5299/4102/1258 5251/4101/1258 5245/4093/1258
f 5293/4094/1258 5299/4102/1258 5245/4093/1258
f 5302/4102/1259 5296/4094/1259 5248/4093/1259
f 5254/4101/1259 5302/4102/1259 5248/4093/1259
f 5252/4103/1264 5246/4097/1264 5243/4098/1264
f 5249/4104/1264 5252/4103/1264 5243/4098/1264
f 5300/4107/1265 5297/4106/1265 5291/4105/1265
f 5294/4108/1265 5300/4107/1265 5291/4105/1265
f 5305/4110/1258 5257/4109/1258 5251/4101/1258
f 5299/4102/1258 5305/4110/1258 5251/4101/1258
f 5308/4110/1259 5302/4102/1259 5254/4101/1259
f 5260/4109/1259 5308/4110/1259 5254/4101/1259
f 5258/4111/1266 5253/4103/1266 5250/4104/1266
f 5255/4112/1266 5258/4111/1266 5250/4104/1266
f 5306/4091/1267 5303/4090/1267 5298/4099/1267
f 5301/4100/1267 5306/4091/1267 5298/4099/1267
f 5311/4114/1258 5263/4113/1258 5257/4109/1258
f 5305/4110/1258 5311/4114/1258 5257/4109/1258
f 5314/4114/1259 5308/4110/1259 5260/4109/1259
f 5266/4113/1259 5314/4114/1259 5260/4109/1259
f 5265/4086/1261 5259/4087/1261 5256/4088/1261
f 5262/4085/1261 5265/4086/1261 5256/4088/1261
f 5313/4092/1260 5310/4089/1260 5304/4090/1260
f 5307/4091/1260 5313/4092/1260 5304/4090/1260
f 5317/4116/1258 5269/4115/1258 5263/4113/1258
f 5311/4114/1258 5317/4116/1258 5263/4113/1258
f 5320/4116/1259 5314/4114/1259 5266/4113/1259
f 5272/4115/1259 5320/4116/1259 5266/4113/1259
f 5271/4103/1263 5264/4111/1263 5261/4112/1263
f 5268/4104/1263 5271/4103/1263 5261/4112/1263
f 5319/4118/1262 5316/4117/1262 5309/4089/1262
f 5312/4092/1262 5319/4118/1262 5309/4089/1262
f 5323/4120/1258 5275/4119/1258 5269/4115/1258
f 5317/4116/1258 5323/4120/1258 5269/4115/1258
f 5326/4120/1259 5320/4116/1259 5272/4115/1259
f 5278/4119/1259 5326/4120/1259 5272/4115/1259
f 5276/4097/1265 5270/4103/1265 5267/4104/1265
f 5273/4098/1265 5276/4097/1265 5267/4104/1265
f 5324/4108/1264 5321/4105/1264 5315/4106/1264
f 5318/4107/1264 5324/4108/1264 5315/4106/1264
f 5281/4084/1258 5233/4081/1258 5275/4119/1258
f 5323/4120/1258 5281/4084/1258 5275/4119/1258
f 5284/4084/1259 5326/4120/1259 5278/4119/1259
f 5236/4081/1259 5284/4084/1259 5278/4119/1259
f 5234/4096/1267 5277/4097/1267 5274/4098/1267
f 5231/4095/1267 5234/4096/1267 5274/4098/1267
f 5282/4092/1266 5279/4089/1266 5322/4117/1266
f 5325/4118/1266 5282/4092/1266 5322/4117/1266
g StampFrame1_-1_Mesh
v -1.052000 0.449600 -0.328020
v -1.052000 0.449600 -0.328020
v -1.052000 0.449600 -0.328020
v -1.068000 0.449600 -0.328020
v -1.068000 0.449600 -0.328020
v -1.068000 0.449600 -0.328020
v -1.052000 0.449600 0.328020
v -1.052000 0.449600 0.328020
v -1.052000 0.449600 0.328020
v -1.068000 0.449600 0.328020
v -1.068000 0.449600 0.328020
v -1.068000 0.449600 0.328020
v -1.052000 0.717980 0.596400
v -1.052000 0.717980 0.596400
v -1.052000 0.717980 0.596400
v -1.068000 0.717980 0.596400
v -1.068000 0.717980 0.596400
v -1.068000 0.717980 0.596400
v -1.052000 1.762020 0.596400
v -1.052000 1.762020 0.596400
v -1.052000 1.762020 0.596400
v -1.068000 1.762020 0.596400
v -1.068000 1.762020 0.596400
v -1.068000 1.762020 0.596400
v -1.052000 2.030400 0.328020
v -1.052000 2.030400 0.328020
v -1.052000 2.030400 0.328020
v -1.068000 2.030400 0.328020
v -1.068000 2.030400 0.328020
v -1.068000 2.030400 0.328020
v -1.052000 2.030400 -0.328020
v -1.052000 2.030400 -0.328020
v -1.052000 2.030400 -0.328020
v -1.068000 2.030400 -0.328020
v -1.068000 2.030400 -0.328020
v -1.068000 2.030400 -0.328020
v -1.052000 1.762020 -0.596400
v -1.052000 1.762020 -0.596400
v -1.052000 1.762020 -0.596400
v -1.068000 1.762020 -0.596400
v -1.068000 1.762020 -0.596400
v -1.068000 1.762020 -0.596400
v -1.052000 0.717980 -0.596400
v -1.052000 0.717980 -0.596400
v -1.052000 0.717980 -0.596400
v -1.068000 0.717980 -0.596400
v -1.068000 0.717980 -0.596400
v -1.068000 0.717980 -0.596400
v -1.052000 0.670912 -0.236174
v -1.052000 0.670912 -0.236174
v -1.052000 0.670912 -0.236174
v -1.068000 0.670912 -0.236174
v -1.068000 0.670912 -0.236174
v -1.068000 0.670912 -0.236174
v -1.052000 0.670912 0.236174
v -1.052000 0.670912 0.236174
v -1.052000 0.670912 0.236174
v -1.068000 0.670912 0.236174
v -1.068000 0.670912 0.236174
v -1.068000 0.670912 0.236174
v -1.052000 0.864146 0.429408
v -1.052000 0.864146 0.429408
v -1.052000 0.864146 0.429408
v -1.068000 0.864146 0.429408
v -1.068000 0.864146 0.429408
v -1.068000 0.864146 0.429408
v -1.052000 1.615854 0.429408
v -1.052000 1.615854 0.429408
v -1.052000 1.615854 0.429408
v -1.068000 1.615854 0.429408
v -1.068000 1.615854 0.429408
v -1.068000 1.615854 0.429408
v -1.052000 1.809088 0.236174
v -1.052000 1.809088 0.236174
v -1.052000 1.809088 0.236174
v -1.068000 1.809088 0.236174
v -1.068000 1.809088 0.236174
v -1.068000 1.809088 0.236174
v -1.052000 1.809088 -0.236174
v -1.052000 1.809088 -0.236174
v -1.052000 1.809088 -0.236174
v -1.068000 1.809088 -0.236174
v -1.068000 1.809088 -0.236174
v -1.068000 1.809088 -0.236174
v -1.052000 1.615854 -0.429408
v -1.052000 1.615854 -0.429408
v -1.052000 1.615854 -0.429408
v -1.068000 1.615854 -0.429408
v -1.068000 1.615854 -0.429408
v -1.068000 1.615854 -0.429408
v -1.052000 0.864146 -0.429408
v -1.052000 0.864146 -0.429408
v -1.052000 0.864146 -0.429408
v -1.068000 0.864146 -0.429408
v -1.068000 0.864146 -0.429408
v -1.068000 0.864146 -0.429408
vn 1.000000 -0.000000 0.000000
vn -1.000000 -0.000000 0.000000
vn -0.000000 -1.000000 0.000000
vn -0.000000 1.000000 0.000000
vn -0.000000 -0.707100 0.707100
vn -0.000000 0.707100 -0.707100
vn -0.000000 -0.000000 1.000000
vn -0.000000 -0.000000 -1.000000
vn -0.000000 0.707100 0.707100
vn -0.000000 -0.707100 -0.707100
vt 0.625888 0.408154
vt 0.687855 0.433871
vt 0.687855 0.566129
vt 0.625888 0.591846
vt 0.205440 0.408154
vt 0.205440 0.591846
vt 0.200960 0.591846
vt 0.200960 0.408154
vt 0.205440 0.433871
vt 0.200960 0.433871
vt 0.200960 0.566129
vt 0.205440 0.566129
vt 0.741961 0.620234
vt 0.701034 0.666992
vt 0.205440 0.625888
vt 0.205440 0.701034
vt 0.200960 0.701034
vt 0.200960 0.625888
vt 0.200960 0.620234
vt 0.205440 0.620234
vt 0.952439 0.620234
vt 0.993366 0.666992
vt 0.205440 0.993366
vt 0.200960 0.993366
vt 0.205440 0.741961
vt 0.200960 0.741961
vt 0.200960 0.952439
vt 0.205440 0.952439
vt 1.006545 0.566129
vt 1.068512 0.591846
vt 0.205440 1.068512
vt 0.200960 1.068512
vt 1.006545 0.433871
vt 1.068512 0.408154
vt 0.952439 0.379766
vt 0.993366 0.333008
vt 0.200960 0.379766
vt 0.205440 0.379766
vt 0.741961 0.379766
vt 0.701034 0.333008
s 0
g StampFrame1_-1_RD_Stamp
usemtl RD_Stamp
f 5383/4123/1268 5377/4122/1268 5329/4121/1268
f 5335/4124/1268 5383/4123/1268 5329/4121/1268
f 5386/4123/1269 5338/4124/1269 5332/4121/1269
f 5380/4122/1269 5386/4123/1269 5332/4121/1269
f 5337/4127/1270 5334/4126/1270 5328/4125/1270
f 5331/4128/1270 5337/4127/1270 5328/4125/1270
f 5385/4131/1271 5379/4130/1271 5376/4129/1271
f 5382/4132/1271 5385/4131/1271 5376/4129/1271
f 5389/4133/1268 5383/4123/1268 5335/4124/1268
f 5341/4134/1268 5389/4133/1268 5335/4124/1268
f 5392/4133/1269 5344/4134/1269 5338/4124/1269
f 5386/4123/1269 5392/4133/1269 5338/4124/1269
f 5343/4137/1272 5340/4136/1272 5333/4135/1272
f 5336/4138/1272 5343/4137/1272 5333/4135/1272
f 5391/4139/1273 5384/4131/1273 5381/4132/1273
f 5388/4140/1273 5391/4139/1273 5381/4132/1273
f 5395/4141/1268 5389/4133/1268 5341/4134/1268
f 5347/4142/1268 5395/4141/1268 5341/4134/1268
f 5398/4141/1269 5350/4142/1269 5344/4134/1269
f 5392/4133/1269 5398/4141/1269 5344/4134/1269
f 5348/4144/1274 5345/4143/1274 5339/4136/1274
f 5342/4137/1274 5348/4144/1274 5339/4136/1274
f 5396/4147/1275 5390/4146/1275 5387/4145/1275
f 5393/4148/1275 5396/4147/1275 5387/4145/1275
f 5401/4149/1268 5395/4141/1268 5347/4142/1268
f 5353/4150/1268 5401/4149/1268 5347/4142/1268
f 5404/4149/1269 5356/4150/1269 5350/4142/1269
f 5398/4141/1269 5404/4149/1269 5350/4142/1269
f 5354/4152/1276 5351/4151/1276 5346/4143/1276
f 5349/4144/1276 5354/4152/1276 5346/4143/1276
f 5402/4131/1277 5397/4139/1277 5394/4140/1277
f 5399/4132/1277 5402/4131/1277 5394/4140/1277
f 5407/4153/1268 5401/4149/1268 5353/4150/1268
f 5359/4154/1268 5407/4153/1268 5353/4150/1268
f 5410/4153/1269 5362/4154/1269 5356/4150/1269
f 5404/4149/1269 5410/4153/1269 5356/4150/1269
f 5361/4128/1271 5358/4125/1271 5352/4126/1271
f 5355/4127/1271 5361/4128/1271 5352/4126/1271
f 5409/4130/1270 5403/4131/1270 5400/4132/1270
f 5406/4129/1270 5409/4130/1270 5400/4132/1270
f 5413/4155/1268 5407/4153/1268 5359/4154/1268
f 5365/4156/1268 5413/4155/1268 5359/4154/1268
f 5416/4155/1269 5368/4156/1269 5362/4154/1269
f 5410/4153/1269 5416/4155/1269 5362/4154/1269
f 5367/4144/1273 5364/4143/1273 5357/4151/1273
f 5360/4152/1273 5367/4144/1273 5357/4151/1273
f 5415/4157/1272 5408/4130/1272 5405/4129/1272
f 5412/4158/1272 5415/4157/1272 5405/4129/1272
f 5419/4159/1268 5413/4155/1268 5365/4156/1268
f 5371/4160/1268 5419/4159/1268 5365/4156/1268
f 5422/4159/1269 5374/4160/1269 5368/4156/1269
f 5416/4155/1269 5422/4159/1269 5368/4156/1269
f 5372/4137/1275 5369/4136/1275 5363/4143/1275
f 5366/4144/1275 5372/4137/1275 5363/4143/1275
f 5420/4146/1274 5414/4147/1274 5411/4148/1274
f 5417/4145/1274 5420/4146/1274 5411/4148/1274
f 5377/4122/1268 5419/4159/1268 5371/4160/1268
f 5329/4121/1268 5377/4122/1268 5371/4160/1268
f 5380/4122/1269 5332/4121/1269 5374/4160/1269
f 5422/4159/1269 5380/4122/1269 5374/4160/1269
f 5330/4138/1277 5327/4135/1277 5370/4136/1277
f 5373/4137/1277 5330/4138/1277 5370/4136/1277
f 5378/4130/1276 5421/4157/1276 5418/4158/1276
f 5375/4129/1276 5378/4130/1276 5418/4158/1276
g StampFrame1_1_Mesh
v -0.848000 0.449600 -0.328020
v -0.848000 0.449600 -0.328020
v -0.848000 0.449600 -0.328020
v -0.832000 0.449600 -0.328020
v -0.832000 0.449600 -0.328020
v -0.832000 0.449600 -0.328020
v -0.848000 0.449600 0.328020
v -0.848000 0.449600 0.328020
v -0.848000 0.449600 0.328020
v -0.832000 0.449600 0.328020
v -0.832000 0.449600 0.328020
v -0.832000 0.449600 0.328020
v -0.848000 0.717980 0.596400
v -0.848000 0.717980 0.596400
v -0.848000 0.717980 0.596400
v -0.832000 0.717980 0.596400
v -0.832000 0.717980 0.596400
v -0.832000 0.717980 0.596400
v -0.848000 1.762020 0.596400
v -0.848000 1.762020 0.596400
v -0.848000 1.762020 0.596400
v -0.832000 1.762020 0.596400
v -0.832000 1.762020 0.596400
v -0.832000 1.762020 0.596400
v -0.848000 2.030400 0.328020
v -0.848000 2.030400 0.328020
v -0.848000 2.030400 0.328020
v -0.832000 2.030400 0.328020
v -0.832000 2.030400 0.328020
v -0.832000 2.030400 0.328020
v -0.848000 2.030400 -0.328020
v -0.848000 2.030400 -0.328020
v -0.848000 2.030400 -0.328020
v -0.832000 2.030400 -0.328020
v -0.832000 2.030400 -0.328020
v -0.832000 2.030400 -0.328020
v -0.848000 1.762020 -0.596400
v -0.848000 1.762020 -0.596400
v -0.848000 1.762020 -0.596400
v -0.832000 1.762020 -0.596400
v -0.832000 1.762020 -0.596400
v -0.832000 1.762020 -0.596400
v -0.848000 0.717980 -0.596400
v -0.848000 0.717980 -0.596400
v -0.848000 0.717980 -0.596400
v -0.832000 0.717980 -0.596400
v -0.832000 0.717980 -0.596400
v -0.832000 0.717980 -0.596400
v -0.848000 0.670912 -0.236174
v -0.848000 0.670912 -0.236174
v -0.848000 0.670912 -0.236174
v -0.832000 0.670912 -0.236174
v -0.832000 0.670912 -0.236174
v -0.832000 0.670912 -0.236174
v -0.848000 0.670912 0.236174
v -0.848000 0.670912 0.236174
v -0.848000 0.670912 0.236174
v -0.832000 0.670912 0.236174
v -0.832000 0.670912 0.236174
v -0.832000 0.670912 0.236174
v -0.848000 0.864146 0.429408
v -0.848000 0.864146 0.429408
v -0.848000 0.864146 0.429408
v -0.832000 0.864146 0.429408
v -0.832000 0.864146 0.429408
v -0.832000 0.864146 0.429408
v -0.848000 1.615854 0.429408
v -0.848000 1.615854 0.429408
v -0.848000 1.615854 0.429408
v -0.832000 1.615854 0.429408
v -0.832000 1.615854 0.429408
v -0.832000 1.615854 0.429408
v -0.848000 1.809088 0.236174
v -0.848000 1.809088 0.236174
v -0.848000 1.809088 0.236174
v -0.832000 1.809088 0.236174
v -0.832000 1.809088 0.236174
v -0.832000 1.809088 0.236174
v -0.848000 1.809088 -0.236174
v -0.848000 1.809088 -0.236174
v -0.848000 1.809088 -0.236174
v -0.832000 1.809088 -0.236174
v -0.832000 1.809088 -0.236174
v -0.832000 1.809088 -0.236174
v -0.848000 1.615854 -0.429408
v -0.848000 1.615854 -0.429408
v -0.848000 1.615854 -0.429408
v -0.832000 1.615854 -0.429408
v -0.832000 1.615854 -0.429408
v -0.832000 1.615854 -0.429408
v -0.848000 0.864146 -0.429408
v -0.848000 0.864146 -0.429408
v -0.848000 0.864146 -0.429408
v -0.832000 0.864146 -0.429408
v -0.832000 0.864146 -0.429408
v -0.832000 0.864146 -0.429408
vn -1.000000 -0.000000 0.000000
vn 1.000000 -0.000000 0.000000
vn -0.000000 -1.000000 0.000000
vn -0.000000 1.000000 0.000000
vn -0.000000 -0.707100 0.707100
vn -0.000000 0.707100 -0.707100
vn -0.000000 -0.000000 1.000000
vn -0.000000 -0.000000 -1.000000
vn -0.000000 0.707100 0.707100
vn -0.000000 -0.707100 -0.707100
vt 0.625888 0.408154
vt 0.625888 0.591846
vt 0.687855 0.566129
vt 0.687855 0.433871
vt 0.262560 0.408154
vt 0.267040 0.408154
vt 0.267040 0.591846
vt 0.262560 0.591846
vt 0.262560 0.433871
vt 0.262560 0.566129
vt 0.267040 0.566129
vt 0.267040 0.433871
vt 0.701034 0.666992
vt 0.741961 0.620234
vt 0.262560 0.625888
vt 0.267040 0.625888
vt 0.267040 0.701034
vt 0.262560 0.701034
vt 0.262560 0.620234
vt 0.267040 0.620234
vt 0.993366 0.666992
vt 0.952439 0.620234
vt 0.267040 0.993366
vt 0.262560 0.993366
vt 0.262560 0.741961
vt 0.262560 0.952439
vt 0.267040 0.952439
vt 0.267040 0.741961
vt 1.068512 0.591846
vt 1.006545 0.566129
vt 0.267040 1.068512
vt 0.262560 1.068512
vt 1.068512 0.408154
vt 1.006545 0.433871
vt 0.993366 0.333008
vt 0.952439 0.379766
vt 0.262560 0.379766
vt 0.267040 0.379766
vt 0.701034 0.333008
vt 0.741961 0.379766
s 0
g StampFrame1_1_RD_Stamp
usemtl RD_Stamp
f 5479/4163/1278 5431/4162/1278 5425/4161/1278
f 5473/4164/1278 5479/4163/1278 5425/4161/1278
f 5482/4163/1279 5476/4164/1279 5428/4161/1279
f 5434/4162/1279 5482/4163/1279 5428/4161/1279
f 5433/4167/1280 5427/4166/1280 5424/4165/1280
f 5430/4168/1280 5433/4167/1280 5424/4165/1280
f 5481/4171/1281 5478/4170/1281 5472/4169/1281
f 5475/4172/1281 5481/4171/1281 5472/4169/1281
f 5485/4174/1278 5437/4173/1278 5431/4162/1278
f 5479/4163/1278 5485/4174/1278 5431/4162/1278
f 5488/4174/1279 5482/4163/1279 5434/4162/1279
f 5440/4173/1279 5488/4174/1279 5434/4162/1279
f 5439/4177/1282 5432/4176/1282 5429/4175/1282
f 5436/4178/1282 5439/4177/1282 5429/4175/1282
f 5487/4180/1283 5484/4179/1283 5477/4170/1283
f 5480/4171/1283 5487/4180/1283 5477/4170/1283
f 5491/4182/1278 5443/4181/1278 5437/4173/1278
f 5485/4174/1278 5491/4182/1278 5437/4173/1278
f 5494/4182/1279 5488/4174/1279 5440/4173/1279
f 5446/4181/1279 5494/4182/1279 5440/4173/1279
f 5444/4183/1284 5438/4177/1284 5435/4178/1284
f 5441/4184/1284 5444/4183/1284 5435/4178/1284
f 5492/4187/1285 5489/4186/1285 5483/4185/1285
f 5486/4188/1285 5492/4187/1285 5483/4185/1285
f 5497/4190/1278 5449/4189/1278 5443/4181/1278
f 5491/4182/1278 5497/4190/1278 5443/4181/1278
f 5500/4190/1279 5494/4182/1279 5446/4181/1279
f 5452/4189/1279 5500/4190/1279 5446/4181/1279
f 5450/4191/1286 5445/4183/1286 5442/4184/1286
f 5447/4192/1286 5450/4191/1286 5442/4184/1286
f 5498/4171/1287 5495/4170/1287 5490/4179/1287
f 5493/4180/1287 5498/4171/1287 5490/4179/1287
f 5503/4194/1278 5455/4193/1278 5449/4189/1278
f 5497/4190/1278 5503/4194/1278 5449/4189/1278
f 5506/4194/1279 5500/4190/1279 5452/4189/1279
f 5458/4193/1279 5506/4194/1279 5452/4189/1279
f 5457/4166/1281 5451/4167/1281 5448/4168/1281
f 5454/4165/1281 5457/4166/1281 5448/4168/1281
f 5505/4172/1280 5502/4169/1280 5496/4170/1280
f 5499/4171/1280 5505/4172/1280 5496/4170/1280
f 5509/4196/1278 5461/4195/1278 5455/4193/1278
f 5503/4194/1278 5509/4196/1278 5455/4193/1278
f 5512/4196/1279 5506/4194/1279 5458/4193/1279
f 5464/4195/1279 5512/4196/1279 5458/4193/1279
f 5463/4183/1283 5456/4191/1283 5453/4192/1283
f 5460/4184/1283 5463/4183/1283 5453/4192/1283
f 5511/4198/1282 5508/4197/1282 5501/4169/1282
f 5504/4172/1282 5511/4198/1282 5501/4169/1282
f 5515/4200/1278 5467/4199/1278 5461/4195/1278
f 5509/4196/1278 5515/4200/1278 5461/4195/1278
f 5518/4200/1279 5512/4196/1279 5464/4195/1279
f 5470/4199/1279 5518/4200/1279 5464/4195/1279
f 5468/4177/1285 5462/4183/1285 5459/4184/1285
f 5465/4178/1285 5468/4177/1285 5459/4184/1285
f 5516/4188/1284 5513/4185/1284 5507/4186/1284
f 5510/4187/1284 5516/4188/1284 5507/4186/1284
f 5473/4164/1278 5425/4161/1278 5467/4199/1278
f 5515/4200/1278 5473/4164/1278 5467/4199/1278
f 5476/4164/1279 5518/4200/1279 5470/4199/1279
f 5428/4161/1279 5476/4164/1279 5470/4199/1279
f 5426/4176/1287 5469/4177/1287 5466/4178/1287
f 5423/4175/1287 5426/4176/1287 5466/4178/1287
f 5474/4172/1286 5471/4169/1286 5514/4197/1286
f 5517/4198/1286 5474/4172/1286 5514/4197/1286
g StampFrame2_-1_Mesh
v -0.672000 0.449600 -0.328020
v -0.672000 0.449600 -0.328020
v -0.672000 0.449600 -0.328020
v -0.688000 0.449600 -0.328020
v -0.688000 0.449600 -0.328020
v -0.688000 0.449600 -0.328020
v -0.672000 0.449600 0.328020
v -0.672000 0.449600 0.328020
v -0.672000 0.449600 0.328020
v -0.688000 0.449600 0.328020
v -0.688000 0.449600 0.328020
v -0.688000 0.449600 0.328020
v -0.672000 0.717980 0.596400
v -0.672000 0.717980 0.596400
v -0.672000 0.717980 0.596400
v -0.688000 0.717980 0.596400
v -0.688000 0.717980 0.596400
v -0.688000 0.717980 0.596400
v -0.672000 1.762020 0.596400
v -0.672000 1.762020 0.596400
v -0.672000 1.762020 0.596400
v -0.688000 1.762020 0.596400
v -0.688000 1.762020 0.596400
v -0.688000 1.762020 0.596400
v -0.672000 2.030400 0.328020
v -0.672000 2.030400 0.328020
v -0.672000 2.030400 0.328020
v -0.688000 2.030400 0.328020
v -0.688000 2.030400 0.328020
v -0.688000 2.030400 0.328020
v -0.672000 2.030400 -0.328020
v -0.672000 2.030400 -0.328020
v -0.672000 2.030400 -0.328020
v -0.688000 2.030400 -0.328020
v -0.688000 2.030400 -0.328020
v -0.688000 2.030400 -0.328020
v -0.672000 1.762020 -0.596400
v -0.672000 1.762020 -0.596400
v -0.672000 1.762020 -0.596400
v -0.688000 1.762020 -0.596400
v -0.688000 1.762020 -0.596400
v -0.688000 1.762020 -0.596400
v -0.672000 0.717980 -0.596400
v -0.672000 0.717980 -0.596400
v -0.672000 0.717980 -0.596400
v -0.688000 0.717980 -0.596400
v -0.688000 0.717980 -0.596400
v -0.688000 0.717980 -0.596400
v -0.672000 0.670912 -0.236174
v -0.672000 0.670912 -0.236174
v -0.672000 0.670912 -0.236174
v -0.688000 0.670912 -0.236174
v -0.688000 0.670912 -0.236174
v -0.688000 0.670912 -0.236174
v -0.672000 0.670912 0.236174
v -0.672000 0.670912 0.236174
v -0.672000 0.670912 0.236174
v -0.688000 0.670912 0.236174
v -0.688000 0.670912 0.236174
v -0.688000 0.670912 0.236174
v -0.672000 0.864146 0.429408
v -0.672000 0.864146 0.429408
v -0.672000 0.864146 0.429408
v -0.688000 0.864146 0.429408
v -0.688000 0.864146 0.429408
v -0.688000 0.864146 0.429408
v -0.672000 1.615854 0.429408
v -0.672000 1.615854 0.429408
v -0.672000 1.615854 0.429408
v -0.688000 1.615854 0.429408
v -0.688000 1.615854 0.429408
v -0.688000 1.615854 0.429408
v -0.672000 1.809088 0.236174
v -0.672000 1.809088 0.236174
v -0.672000 1.809088 0.236174
v -0.688000 1.809088 0.236174
v -0.688000 1.809088 0.236174
v -0.688000 1.809088 0.236174
v -0.672000 1.809088 -0.236174
v -0.672000 1.809088 -0.236174
v -0.672000 1.809088 -0.236174
v -0.688000 1.809088 -0.236174
v -0.688000 1.809088 -0.236174
v -0.688000 1.809088 -0.236174
v -0.672000 1.615854 -0.429408
v -0.672000 1.615854 -0.429408
v -0.672000 1.615854 -0.429408
v -0.688000 1.615854 -0.429408
v -0.688000 1.615854 -0.429408
v -0.688000 1.615854 -0.429408
v -0.672000 0.864146 -0.429408
v -0.672000 0.864146 -0.429408
v -0.672000 0.864146 -0.429408
v -0.688000 0.864146 -0.429408
v -0.688000 0.864146 -0.429408
v -0.688000 0.864146 -0.429408
vn 1.000000 -0.000000 0.000000
vn -1.000000 -0.000000 0.000000
vn -0.000000 -1.000000 0.000000
vn -0.000000 1.000000 0.000000
vn -0.000000 -0.707100 0.707100
vn -0.000000 0.707100 -0.707100
vn -0.000000 -0.000000 1.000000
vn -0.000000 -0.000000 -1.000000
vn -0.000000 0.707100 0.707100
vn -0.000000 -0.707100 -0.707100
vt 0.625888 0.408154
vt 0.687855 0.433871
vt 0.687855 0.566129
vt 0.625888 0.591846
vt 0.311840 0.408154
vt 0.311840 0.591846
vt 0.307360 0.591846
vt 0.307360 0.408154
vt 0.311840 0.433871
vt 0.307360 0.433871
vt 0.307360 0.566129
vt 0.311840 0.566129
vt 0.741961 0.620234
vt 0.701034 0.666992
vt 0.311840 0.625888
vt 0.311840 0.701034
vt 0.307360 0.701034
vt 0.307360 0.625888
vt 0.307360 0.620234
vt 0.311840 0.620234
vt 0.952439 0.620234
vt 0.993366 0.666992
vt 0.311840 0.993366
vt 0.307360 0.993366
vt 0.311840 0.741961
vt 0.307360 0.741961
vt 0.307360 0.952439
vt 0.311840 0.952439
vt 1.006545 0.566129
vt 1.068512 0.591846
vt 0.311840 1.068512
vt 0.307360 1.068512
vt 1.006545 0.433871
vt 1.068512 0.408154
vt 0.952439 0.379766
vt 0.993366 0.333008
vt 0.307360 0.379766
vt 0.311840 0.379766
vt 0.741961 0.379766
vt 0.701034 0.333008
s 0
g StampFrame2_-1_RD_Stamp
usemtl RD_Stamp
f 5575/4203/1288 5569/4202/1288 5521/4201/1288
f 5527/4204/1288 5575/4203/1288 5521/4201/1288
f 5578/4203/1289 5530/4204/1289 5524/4201/1289
f 5572/4202/1289 5578/4203/1289 5524/4201/1289
f 5529/4207/1290 5526/4206/1290 5520/4205/1290
f 5523/4208/1290 5529/4207/1290 5520/4205/1290
f 5577/4211/1291 5571/4210/1291 5568/4209/1291
f 5574/4212/1291 5577/4211/1291 5568/4209/1291
f 5581/4213/1288 5575/4203/1288 5527/4204/1288
f 5533/4214/1288 5581/4213/1288 5527/4204/1288
f 5584/4213/1289 5536/4214/1289 5530/4204/1289
f 5578/4203/1289 5584/4213/1289 5530/4204/1289
f 5535/4217/1292 5532/4216/1292 5525/4215/1292
f 5528/4218/1292 5535/4217/1292 5525/4215/1292
f 5583/4219/1293 5576/4211/1293 5573/4212/1293
f 5580/4220/1293 5583/4219/1293 5573/4212/1293
f 5587/4221/1288 5581/4213/1288 5533/4214/1288
f 5539/4222/1288 5587/4221/1288 5533/4214/1288
f 5590/4221/1289 5542/4222/1289 5536/4214/1289
f 5584/4213/1289 5590/4221/1289 5536/4214/1289
f 5540/4224/1294 5537/4223/1294 5531/4216/1294
f 5534/4217/1294 5540/4224/1294 5531/4216/1294
f 5588/4227/1295 5582/4226/1295 5579/4225/1295
f 5585/4228/1295 5588/4227/1295 5579/4225/1295
f 5593/4229/1288 5587/4221/1288 5539/4222/1288
f 5545/4230/1288 5593/4229/1288 5539/4222/1288
f 5596/4229/1289 5548/4230/1289 5542/4222/1289
f 5590/4221/1289 5596/4229/1289 5542/4222/1289
f 5546/4232/1296 5543/4231/1296 5538/4223/1296
f 5541/4224/1296 5546/4232/1296 5538/4223/1296
f 5594/4211/1297 5589/4219/1297 5586/4220/1297
f 5591/4212/1297 5594/4211/1297 5586/4220/1297
f 5599/4233/1288 5593/4229/1288 5545/4230/1288
f 5551/4234/1288 5599/4233/1288 5545/4230/1288
f 5602/4233/1289 5554/4234/1289 5548/4230/1289
f 5596/4229/1289 5602/4233/1289 5548/4230/1289
f 5553/4208/1291 5550/4205/1291 5544/4206/1291
f 5547/4207/1291 5553/4208/1291 5544/4206/1291
f 5601/4210/1290 5595/4211/1290 5592/4212/1290
f 5598/4209/1290 5601/4210/1290 5592/4212/1290
f 5605/4235/1288 5599/4233/1288 5551/4234/1288
f 5557/4236/1288 5605/4235/1288 5551/4234/1288
f 5608/4235/1289 5560/4236/1289 5554/4234/1289
f 5602/4233/1289 5608/4235/1289 5554/4234/1289
f 5559/4224/1293 5556/4223/1293 5549/4231/1293
f 5552/4232/1293 5559/4224/1293 5549/4231/1293
f 5607/4237/1292 5600/4210/1292 5597/4209/1292
f 5604/4238/1292 5607/4237/1292 5597/4209/1292
f 5611/4239/1288 5605/4235/1288 5557/4236/1288
f 5563/4240/1288 5611/4239/1288 5557/4236/1288
f 5614/4239/1289 5566/4240/1289 5560/4236/1289
f 5608/4235/1289 5614/4239/1289 5560/4236/1289
f 5564/4217/1295 5561/4216/1295 5555/4223/1295
f 5558/4224/1295 5564/4217/1295 5555/4223/1295
f 5612/4226/1294 5606/4227/1294 5603/4228/1294
f 5609/4225/1294 5612/4226/1294 5603/4228/1294
f 5569/4202/1288 5611/4239/1288 5563/4240/1288
f 5521/4201/1288 5569/4202/1288 5563/4240/1288
f 5572/4202/1289 5524/4201/1289 5566/4240/1289
f 5614/4239/1289 5572/4202/1289 5566/4240/1289
f 5522/4218/1297 5519/4215/1297 5562/4216/1297
f 5565/4217/1297 5522/4218/1297 5562/4216/1297
f 5570/4210/1296 5613/4237/1296 5610/4238/1296
f 5567/4209/1296 5570/4210/1296 5610/4238/1296
g StampFrame2_1_Mesh
v -0.468000 0.449600 -0.328020
v -0.468000 0.449600 -0.328020
v -0.468000 0.449600 -0.328020
v -0.452000 0.449600 -0.328020
v -0.452000 0.449600 -0.328020
v -0.452000 0.449600 -0.328020
v -0.468000 0.449600 0.328020
v -0.468000 0.449600 0.328020
v -0.468000 0.449600 0.328020
v -0.452000 0.449600 0.328020
v -0.452000 0.449600 0.328020
v -0.452000 0.449600 0.328020
v -0.468000 0.717980 0.596400
v -0.468000 0.717980 0.596400
v -0.468000 0.717980 0.596400
v -0.452000 0.717980 0.596400
v -0.452000 0.717980 0.596400
v -0.452000 0.717980 0.596400
v -0.468000 1.762020 0.596400
v -0.468000 1.762020 0.596400
v -0.468000 1.762020 0.596400
v -0.452000 1.762020 0.596400
v -0.452000 1.762020 0.596400
v -0.452000 1.762020 0.596400
v -0.468000 2.030400 0.328020
v -0.468000 2.030400 0.328020
v -0.468000 2.030400 0.328020
v -0.452000 2.030400 0.328020
v -0.452000 2.030400 0.328020
v -0.452000 2.030400 0.328020
v -0.468000 2.030400 -0.328020
v -0.468000 2.030400 -0.328020
v -0.468000 2.030400 -0.328020
v -0.452000 2.030400 -0.328020
v -0.452000 2.030400 -0.328020
v -0.452000 2.030400 -0.328020
v -0.468000 1.762020 -0.596400
v -0.468000 1.762020 -0.596400
v -0.468000 1.762020 -0.596400
v -0.452000 1.762020 -0.596400
v -0.452000 1.762020 -0.596400
v -0.452000 1.762020 -0.596400
v -0.468000 0.717980 -0.596400
v -0.468000 0.717980 -0.596400
v -0.468000 0.717980 -0.596400
v -0.452000 0.717980 -0.596400
v -0.452000 0.717980 -0.596400
v -0.452000 0.717980 -0.596400
v -0.468000 0.670912 -0.236174
v -0.468000 0.670912 -0.236174
v -0.468000 0.670912 -0.236174
v -0.452000 0.670912 -0.236174
v -0.452000 0.670912 -0.236174
v -0.452000 0.670912 -0.236174
v -0.468000 0.670912 0.236174
v -0.468000 0.670912 0.236174
v -0.468000 0.670912 0.236174
v -0.452000 0.670912 0.236174
v -0.452000 0.670912 0.236174
v -0.452000 0.670912 0.236174
v -0.468000 0.864146 0.429408
v -0.468000 0.864146 0.429408
v -0.468000 0.864146 0.429408
v -0.452000 0.864146 0.429408
v -0.452000 0.864146 0.429408
v -0.452000 0.864146 0.429408
v -0.468000 1.615854 0.429408
v -0.468000 1.615854 0.429408
v -0.468000 1.615854 0.429408
v -0.452000 1.615854 0.429408
v -0.452000 1.615854 0.429408
v -0.452000 1.615854 0.429408
v -0.468000 1.809088 0.236174
v -0.468000 1.809088 0.236174
v -0.468000 1.809088 0.236174
v -0.452000 1.809088 0.236174
v -0.452000 1.809088 0.236174
v -0.452000 1.809088 0.236174
v -0.468000 1.809088 -0.236174
v -0.468000 1.809088 -0.236174
v -0.468000 1.809088 -0.236174
v -0.452000 1.809088 -0.236174
v -0.452000 1.809088 -0.236174
v -0.452000 1.809088 -0.236174
v -0.468000 1.615854 -0.429408
v -0.468000 1.615854 -0.429408
v -0.468000 1.615854 -0.429408
v -0.452000 1.615854 -0.429408
v -0.452000 1.615854 -0.429408
v -0.452000 1.615854 -0.429408
v -0.468000 0.864146 -0.429408
v -0.468000 0.864146 -0.429408
v -0.468000 0.864146 -0.429408
v -0.452000 0.864146 -0.429408
v -0.452000 0.864146 -0.429408
v -0.452000 0.864146 -0.429408
vn -1.000000 -0.000000 0.000000
vn 1.000000 -0.000000 0.000000
vn -0.000000 -1.000000 0.000000
vn -0.000000 1.000000 0.000000
vn -0.000000 -0.707100 0.707100
vn -0.000000 0.707100 -0.707100
vn -0.000000 -0.000000 1.000000
vn -0.000000 -0.000000 -1.000000
vn -0.000000 0.707100 0.707100
vn -0.000000 -0.707100 -0.707100
vt 0.625888 0.408154
vt 0.625888 0.591846
vt 0.687855 0.566129
vt 0.687855 0.433871
vt 0.368960 0.408154
vt 0.373440 0.408154
vt 0.373440 0.591846
vt 0.368960 0.591846
vt 0.368960 0.433871
vt 0.368960 0.566129
vt 0.373440 0.566129
vt 0.373440 0.433871
vt 0.701034 0.666992
vt 0.741961 0.620234
vt 0.368960 0.625888
vt 0.373440 0.625888
vt 0.373440 0.701034
vt 0.368960 0.701034
vt 0.368960 0.620234
vt 0.373440 0.620234
vt 0.993366 0.666992
vt 0.952439 0.620234
vt 0.373440 0.993366
vt 0.368960 0.993366
vt 0.368960 0.741961
vt 0.368960 0.952439
vt 0.373440 0.952439
vt 0.373440 0.741961
vt 1.068512 0.591846
vt 1.006545 0.566129
vt 0.373440 1.068512
vt 0.368960 1.068512
vt 1.068512 0.408154
vt 1.006545 0.433871
vt 0.993366 0.333008
vt 0.952439 0.379766
vt 0.368960 0.379766
vt 0.373440 0.379766
vt 0.701034 0.333008
vt 0.741961 0.379766
s 0
g StampFrame2_1_RD_Stamp
usemtl RD_Stamp
f 5671/4243/1298 5623/4242/1298 5617/4241/1298
f 5665/4244/1298 5671/4243/1298 5617/4241/1298
f 5674/4243/1299 5668/4244/1299 5620/4241/1299
f 5626/4242/1299 5674/4243/1299 5620/4241/1299
f 5625/4247/1300 5619/4246/1300 5616/4245/1300
f 5622/4248/1300 5625/4247/1300 5616/4245/1300
f 5673/4251/1301 5670/4250/1301 5664/4249/1301
f 5667/4252/1301 5673/4251/1301 5664/4249/1301
f 5677/4254/1298 5629/4253/1298 5623/4242/1298
f 5671/4243/1298 5677/4254/1298 5623/4242/1298
f 5680/4254/1299 5674/4243/1299 5626/4242/1299
f 5632/4253/1299 5680/4254/1299 5626/4242/1299
f 5631/4257/1302 5624/4256/1302 5621/4255/1302
f 5628/4258/1302 5631/4257/1302 5621/4255/1302
f 5679/4260/1303 5676/4259/1303 5669/4250/1303
f 5672/4251/1303 5679/4260/1303 5669/4250/1303
f 5683/4262/1298 5635/4261/1298 5629/4253/1298
f 5677/4254/1298 5683/4262/1298 5629/4253/1298
f 5686/4262/1299 5680/4254/1299 5632/4253/1299
f 5638/4261/1299 5686/4262/1299 5632/4253/1299
f 5636/4263/1304 5630/4257/1304 5627/4258/1304
f 5633/4264/1304 5636/4263/1304 5627/4258/1304
f 5684/4267/1305 5681/4266/1305 5675/4265/1305
f 5678/4268/1305 5684/4267/1305 5675/4265/1305
f 5689/4270/1298 5641/4269/1298 5635/4261/1298
f 5683/4262/1298 5689/4270/1298 5635/4261/1298
f 5692/4270/1299 5686/4262/1299 5638/4261/1299
f 5644/4269/1299 5692/4270/1299 5638/4261/1299
f 5642/4271/1306 5637/4263/1306 5634/4264/1306
f 5639/4272/1306 5642/4271/1306 5634/4264/1306
f 5690/4251/1307 5687/4250/1307 5682/4259/1307
f 5685/4260/1307 5690/4251/1307 5682/4259/1307
f 5695/4274/1298 5647/4273/1298 5641/4269/1298
f 5689/4270/1298 5695/4274/1298 5641/4269/1298
f 5698/4274/1299 5692/4270/1299 5644/4269/1299
f 5650/4273/1299 5698/4274/1299 5644/4269/1299
f 5649/4246/1301 5643/4247/1301 5640/4248/1301
f 5646/4245/1301 5649/4246/1301 5640/4248/1301
f 5697/4252/1300 5694/4249/1300 5688/4250/1300
f 5691/4251/1300 5697/4252/1300 5688/4250/1300
f 5701/4276/1298 5653/4275/1298 5647/4273/1298
f 5695/4274/1298 5701/4276/1298 5647/4273/1298
f 5704/4276/1299 5698/4274/1299 5650/4273/1299
f 5656/4275/1299 5704/4276/1299 5650/4273/1299
f 5655/4263/1303 5648/4271/1303 5645/4272/1303
f 5652/4264/1303 5655/4263/1303 5645/4272/1303
f 5703/4278/1302 5700/4277/1302 5693/4249/1302
f 5696/4252/1302 5703/4278/1302 5693/4249/1302
f 5707/4280/1298 5659/4279/1298 5653/4275/1298
f 5701/4276/1298 5707/4280/1298 5653/4275/1298
f 5710/4280/1299 5704/4276/1299 5656/4275/1299
f 5662/4279/1299 5710/4280/1299 5656/4275/1299
f 5660/4257/1305 5654/4263/1305 5651/4264/1305
f 5657/4258/1305 5660/4257/1305 5651/4264/1305
f 5708/4268/1304 5705/4265/1304 5699/4266/1304
f 5702/4267/1304 5708/4268/1304 5699/4266/1304
f 5665/4244/1298 5617/4241/1298 5659/4279/1298
f 5707/4280/1298 5665/4244/1298 5659/4279/1298
f 5668/4244/1299 5710/4280/1299 5662/4279/1299
f 5620/4241/1299 5668/4244/1299 5662/4279/1299
f 5618/4256/1307 5661/4257/1307 5658/4258/1307
f 5615/4255/1307 5618/4256/1307 5658/4258/1307
f 5666/4252/1306 5663/4249/1306 5706/4277/1306
f 5709/4278/1306 5666/4252/1306 5706/4277/1306
g StampFrame3_-1_Mesh
v -0.292000 0.449600 -0.328020
v -0.292000 0.449600 -0.328020
v -0.292000 0.449600 -0.328020
v -0.308000 0.449600 -0.328020
v -0.308000 0.449600 -0.328020
v -0.308000 0.449600 -0.328020
v -0.292000 0.449600 0.328020
v -0.292000 0.449600 0.328020
v -0.292000 0.449600 0.328020
v -0.308000 0.449600 0.328020
v -0.308000 0.449600 0.328020
v -0.308000 0.449600 0.328020
v -0.292000 0.717980 0.596400
v -0.292000 0.717980 0.596400
v -0.292000 0.717980 0.596400
v -0.308000 0.717980 0.596400
v -0.308000 0.717980 0.596400
v -0.308000 0.717980 0.596400
v -0.292000 1.762020 0.596400
v -0.292000 1.762020 0.596400
v -0.292000 1.762020 0.596400
v -0.308000 1.762020 0.596400
v -0.308000 1.762020 0.596400
v -0.308000 1.762020 0.596400
v -0.292000 2.030400 0.328020
v -0.292000 2.030400 0.328020
v -0.292000 2.030400 0.328020
v -0.308000 2.030400 0.328020
v -0.308000 2.030400 0.328020
v -0.308000 2.030400 0.328020
v -0.292000 2.030400 -0.328020
v -0.292000 2.030400 -0.328020
v -0.292000 2.030400 -0.328020
v -0.308000 2.030400 -0.328020
v -0.308000 2.030400 -0.328020
v -0.308000 2.030400 -0.328020
v -0.292000 1.762020 -0.596400
v -0.292000 1.762020 -0.596400
v -0.292000 1.762020 -0.596400
v -0.308000 1.762020 -0.596400
v -0.308000 1.762020 -0.596400
v -0.308000 1.762020 -0.596400
v -0.292000 0.717980 -0.596400
v -0.292000 0.717980 -0.596400
v -0.292000 0.717980 -0.596400
v -0.308000 0.717980 -0.596400
v -0.308000 0.717980 -0.596400
v -0.308000 0.717980 -0.596400
v -0.292000 0.670912 -0.236174
v -0.292000 0.670912 -0.236174
v -0.292000 0.670912 -0.236174
v -0.308000 0.670912 -0.236174
v -0.308000 0.670912 -0.236174
v -0.308000 0.670912 -0.236174
v -0.292000 0.670912 0.236174
v -0.292000 0.670912 0.236174
v -0.292000 0.670912 0.236174
v -0.308000 0.670912 0.236174
v -0.308000 0.670912 0.236174
v -0.308000 0.670912 0.236174
v -0.292000 0.864146 0.429408
v -0.292000 0.864146 0.429408
v -0.292000 0.864146 0.429408
v -0.308000 0.864146 0.429408
v -0.308000 0.864146 0.429408
v -0.308000 0.864146 0.429408
v -0.292000 1.615854 0.429408
v -0.292000 1.615854 0.429408
v -0.292000 1.615854 0.429408
v -0.308000 1.615854 0.429408
v -0.308000 1.615854 0.429408
v -0.308000 1.615854 0.429408
v -0.292000 1.809088 0.236174
v -0.292000 1.809088 0.236174
v -0.292000 1.809088 0.236174
v -0.308000 1.809088 0.236174
v -0.308000 1.809088 0.236174
v -0.308000 1.809088 0.236174
v -0.292000 1.809088 -0.236174
v -0.292000 1.809088 -0.236174
v -0.292000 1.809088 -0.236174
v -0.308000 1.809088 -0.236174
v -0.308000 1.809088 -0.236174
v -0.308000 1.809088 -0.236174
v -0.292000 1.615854 -0.429408
v -0.292000 1.615854 -0.429408
v -0.292000 1.615854 -0.429408
v -0.308000 1.615854 -0.429408
v -0.308000 1.615854 -0.429408
v -0.308000 1.615854 -0.429408
v -0.292000 0.864146 -0.429408
v -0.292000 0.864146 -0.429408
v -0.292000 0.864146 -0.429408
v -0.308000 0.864146 -0.429408
v -0.308000 0.864146 -0.429408
v -0.308000 0.864146 -0.429408
vn 1.000000 -0.000000 0.000000
vn -1.000000 -0.000000 0.000000
vn -0.000000 -1.000000 0.000000
vn -0.000000 1.000000 0.000000
vn -0.000000 -0.707100 0.707100
vn -0.000000 0.707100 -0.707100
vn -0.000000 -0.000000 1.000000
vn -0.000000 -0.000000 -1.000000
vn -0.000000 0.707100 0.707100
vn -0.000000 -0.707100 -0.707100
vt 0.625888 0.408154
vt 0.687855 0.433871
vt 0.687855 0.566129
vt 0.625888 0.591846
vt 0.418240 0.408154
vt 0.418240 0.591846
vt 0.413760 0.591846
vt 0.413760 0.408154
vt 0.418240 0.433871
vt 0.413760 0.433871
vt 0.413760 0.566129
vt 0.418240 0.566129
vt 0.741961 0.620234
vt 0.701034 0.666992
vt 0.418240 0.625888
vt 0.418240 0.701034
vt 0.413760 0.701034
vt 0.413760 0.625888
vt 0.413760 0.620234
vt 0.418240 0.620234
vt 0.952439 0.620234
vt 0.993366 0.666992
vt 0.418240 0.993366
vt 0.413760 0.993366
vt 0.418240 0.741961
vt 0.413760 0.741961
vt 0.413760 0.952439
vt 0.418240 0.952439
vt 1.006545 0.566129
vt 1.068512 0.591846
vt 0.418240 1.068512
vt 0.413760 1.068512
vt 1.006545 0.433871
vt 1.068512 0.408154
vt 0.952439 0.379766
vt 0.993366 0.333008
vt 0.413760 0.379766
vt 0.418240 0.379766
vt 0.741961 0.379766
vt 0.701034 0.333008
s 0
g StampFrame3_-1_RD_Stamp
usemtl RD_Stamp
f 5767/4283/1308 5761/4282/1308 5713/4281/1308
f 5719/4284/1308 5767/4283/1308 5713/4281/1308
f 5770/4283/1309 5722/4284/1309 5716/4281/1309
f 5764/4282/1309 5770/4283/1309 5716/4281/1309
f 5721/4287/1310 5718/4286/1310 5712/4285/1310
f 5715/4288/1310 5721/4287/1310 5712/4285/1310
f 5769/4291/1311 5763/4290/1311 5760/4289/1311
f 5766/4292/1311 5769/4291/1311 5760/4289/1311
f 5773/4293/1308 5767/4283/1308 5719/4284/1308
f 5725/4294/1308 5773/4293/1308 5719/4284/1308
f 5776/4293/1309 5728/4294/1309 5722/4284/1309
f 5770/4283/1309 5776/4293/1309 5722/4284/1309
f 5727/4297/1312 5724/4296/1312 5717/4295/1312
f 5720/4298/1312 5727/4297/1312 5717/4295/1312
f 5775/4299/1313 5768/4291/1313 5765/4292/1313
f 5772/4300/1313 5775/4299/1313 5765/4292/1313
f 5779/4301/1308 5773/4293/1308 5725/4294/1308
f 5731/4302/1308 5779/4301/1308 5725/4294/1308
f 5782/4301/1309 5734/4302/1309 5728/4294/1309
f 5776/4293/1309 5782/4301/1309 5728/4294/1309
f 5732/4304/1314 5729/4303/1314 5723/4296/1314
f 5726/4297/1314 5732/4304/1314 5723/4296/1314
f 5780/4307/1315 5774/4306/1315 5771/4305/1315
f 5777/4308/1315 5780/4307/1315 5771/4305/1315
f 5785/4309/1308 5779/4301/1308 5731/4302/1308
f 5737/4310/1308 5785/4309/1308 5731/4302/1308
f 5788/4309/1309 5740/4310/1309 5734/4302/1309
f 5782/4301/1309 5788/4309/1309 5734/4302/1309
f 5738/4312/1316 5735/4311/1316 5730/4303/1316
f 5733/4304/1316 5738/4312/1316 5730/4303/1316
f 5786/4291/1317 5781/4299/1317 5778/4300/1317
f 5783/4292/1317 5786/4291/1317 5778/4300/1317
f 5791/4313/1308 5785/4309/1308 5737/4310/1308
f 5743/4314/1308 5791/4313/1308 5737/4310/1308
f 5794/4313/1309 5746/4314/1309 5740/4310/1309
f 5788/4309/1309 5794/4313/1309 5740/4310/1309
f 5745/4288/1311 5742/4285/1311 5736/4286/1311
f 5739/4287/1311 5745/4288/1311 5736/4286/1311
f 5793/4290/1310 5787/4291/1310 5784/4292/1310
f 5790/4289/1310 5793/4290/1310 5784/4292/1310
f 5797/4315/1308 5791/4313/1308 5743/4314/1308
f 5749/4316/1308 5797/4315/1308 5743/4314/1308
f 5800/4315/1309 5752/4316/1309 5746/4314/1309
f 5794/4313/1309 5800/4315/1309 5746/4314/1309
f 5751/4304/1313 5748/4303/1313 5741/4311/1313
f 5744/4312/1313 5751/4304/1313 5741/4311/1313
f 5799/4317/1312 5792/4290/1312 5789/4289/1312
f 5796/4318/1312 5799/4317/1312 5789/4289/1312
f 5803/4319/1308 5797/4315/1308 5749/4316/1308
f 5755/4320/1308 5803/4319/1308 5749/4316/1308
f 5806/4319/1309 5758/4320/1309 5752/4316/1309
f 5800/4315/1309 5806/4319/1309 5752/4316/1309
f 5756/4297/1315 5753/4296/1315 5747/4303/1315
f 5750/4304/1315 5756/4297/1315 5747/4303/1315
f 5804/4306/1314 5798/4307/1314 5795/4308/1314
f 5801/4305/1314 5804/4306/1314 5795/4308/1314
f 5761/4282/1308 5803/4319/1308 5755/4320/1308
f 5713/4281/1308 5761/4282/1308 5755/4320/1308
f 5764/4282/1309 5716/4281/1309 5758/4320/1309
f 5806/4319/1309 5764/4282/1309 5758/4320/1309
f 5714/4298/1317 5711/4295/1317 5754/4296/1317
f 5757/4297/1317 5714/4298/1317 5754/4296/1317
f 5762/4290/1316 5805/4317/1316 5802/4318/1316
f 5759/4289/1316 5762/4290/1316 5802/4318/1316
g StampFrame3_1_Mesh
v -0.088000 0.449600 -0.328020
v -0.088000 0.449600 -0.328020
v -0.088000 0.449600 -0.328020
v -0.072000 0.449600 -0.328020
v -0.072000 0.449600 -0.328020
v -0.072000 0.449600 -0.328020
v -0.088000 0.449600 0.328020
v -0.088000 0.449600 0.328020
v -0.088000 0.449600 0.328020
v -0.072000 0.449600 0.328020
v -0.072000 0.449600 0.328020
v -0.072000 0.449600 0.328020
v -0.088000 0.717980 0.596400
v -0.088000 0.717980 0.596400
v -0.088000 0.717980 0.596400
v -0.072000 0.717980 0.596400
v -0.072000 0.717980 0.596400
v -0.072000 0.717980 0.596400
v -0.088000 1.762020 0.596400
v -0.088000 1.762020 0.596400
v -0.088000 1.762020 0.596400
v -0.072000 1.762020 0.596400
v -0.072000 1.762020 0.596400
v -0.072000 1.762020 0.596400
v -0.088000 2.030400 0.328020
v -0.088000 2.030400 0.328020
v -0.088000 2.030400 0.328020
v -0.072000 2.030400 0.328020
v -0.072000 2.030400 0.328020
v -0.072000 2.030400 0.328020
v -0.088000 2.030400 -0.328020
v -0.088000 2.030400 -0.328020
v -0.088000 2.030400 -0.328020
v -0.072000 2.030400 -0.328020
v -0.072000 2.030400 -0.328020
v -0.072000 2.030400 -0.328020
v -0.088000 1.762020 -0.596400
v -0.088000 1.762020 -0.596400
v -0.088000 1.762020 -0.596400
v -0.072000 1.762020 -0.596400
v -0.072000 1.762020 -0.596400
v -0.072000 1.762020 -0.596400
v -0.088000 0.717980 -0.596400
v -0.088000 0.717980 -0.596400
v -0.088000 0.717980 -0.596400
v -0.072000 0.717980 -0.596400
v -0.072000 0.717980 -0.596400
v -0.072000 0.717980 -0.596400
v -0.088000 0.670912 -0.236174
v -0.088000 0.670912 -0.236174
v -0.088000 0.670912 -0.236174
v -0.072000 0.670912 -0.236174
v -0.072000 0.670912 -0.236174
v -0.072000 0.670912 -0.236174
v -0.088000 0.670912 0.236174
v -0.088000 0.670912 0.236174
v -0.088000 0.670912 0.236174
v -0.072000 0.670912 0.236174
v -0.072000 0.670912 0.236174
v -0.072000 0.670912 0.236174
v -0.088000 0.864146 0.429408
v -0.088000 0.864146 0.429408
v -0.088000 0.864146 0.429408
v -0.072000 0.864146 0.429408
v -0.072000 0.864146 0.429408
v -0.072000 0.864146 0.429408
v -0.088000 1.615854 0.429408
v -0.088000 1.615854 0.429408
v -0.088000 1.615854 0.429408
v -0.072000 1.615854 0.429408
v -0.072000 1.615854 0.429408
v -0.072000 1.615854 0.429408
v -0.088000 1.809088 0.236174
v -0.088000 1.809088 0.236174
v -0.088000 1.809088 0.236174
v -0.072000 1.809088 0.236174
v -0.072000 1.809088 0.236174
v -0.072000 1.809088 0.236174
v -0.088000 1.809088 -0.236174
v -0.088000 1.809088 -0.236174
v -0.088000 1.809088 -0.236174
v -0.072000 1.809088 -0.236174
v -0.072000 1.809088 -0.236174
v -0.072000 1.809088 -0.236174
v -0.088000 1.615854 -0.429408
v -0.088000 1.615854 -0.429408
v -0.088000 1.615854 -0.429408
v -0.072000 1.615854 -0.429408
v -0.072000 1.615854 -0.429408
v -0.072000 1.615854 -0.429408
v -0.088000 0.864146 -0.429408
v -0.088000 0.864146 -0.429408
v -0.088000 0.864146 -0.429408
v -0.072000 0.864146 -0.429408
v -0.072000 0.864146 -0.429408
v -0.072000 0.864146 -0.429408
vn -1.000000 -0.000000 0.000000
vn 1.000000 -0.000000 0.000000
vn -0.000000 -1.000000 0.000000
vn -0.000000 1.000000 0.000000
vn -0.000000 -0.707100 0.707100
vn -0.000000 0.707100 -0.707100
vn -0.000000 -0.000000 1.000000
vn -0.000000 -0.000000 -1.000000
vn -0.000000 0.707100 0.707100
vn -0.000000 -0.707100 -0.707100
vt 0.625888 0.408154
vt 0.625888 0.591846
vt 0.687855 0.566129
vt 0.687855 0.433871
vt 0.475360 0.408154
vt 0.479840 0.408154
vt 0.479840 0.591846
vt 0.475360 0.591846
vt 0.475360 0.433871
vt 0.475360 0.566129
vt 0.479840 0.566129
vt 0.479840 0.433871
vt 0.701034 0.666992
vt 0.741961 0.620234
vt 0.475360 0.625888
vt 0.479840 0.625888
vt 0.479840 0.701034
vt 0.475360 0.701034
vt 0.475360 0.620234
vt 0.479840 0.620234
vt 0.993366 0.666992
vt 0.952439 0.620234
vt 0.479840 0.993366
vt 0.475360 0.993366
vt 0.475360 0.741961
vt 0.475360 0.952439
vt 0.479840 0.952439
vt 0.479840 0.741961
vt 1.068512 0.591846
vt 1.006545 0.566129
vt 0.479840 1.068512
vt 0.475360 1.068512
vt 1.068512 0.408154
vt 1.006545 0.433871
vt 0.993366 0.333008
vt 0.952439 0.379766
vt 0.475360 0.379766
vt 0.479840 0.379766
vt 0.701034 0.333008
vt 0.741961 0.379766
s 0
g StampFrame3_1_RD_Stamp
usemtl RD_Stamp
f 5863/4323/1318 5815/4322/1318 5809/4321/1318
f 5857/4324/1318 5863/4323/1318 5809/4321/1318
f 5866/4323/1319 5860/4324/1319 5812/4321/1319
f 5818/4322/1319 5866/4323/1319 5812/4321/1319
f 5817/4327/1320 5811/4326/1320 5808/4325/1320
f 5814/4328/1320 5817/4327/1320 5808/4325/1320
f 5865/4331/1321 5862/4330/1321 5856/4329/1321
f 5859/4332/1321 5865/4331/1321 5856/4329/1321
f 5869/4334/1318 5821/4333/1318 5815/4322/1318
f 5863/4323/1318 5869/4334/1318 5815/4322/1318
f 5872/4334/1319 5866/4323/1319 5818/4322/1319
f 5824/4333/1319 5872/4334/1319 5818/4322/1319
f 5823/4337/1322 5816/4336/1322 5813/4335/1322
f 5820/4338/1322 5823/4337/1322 5813/4335/1322
f 5871/4340/1323 5868/4339/1323 5861/4330/1323
f 5864/4331/1323 5871/4340/1323 5861/4330/1323
f 5875/4342/1318 5827/4341/1318 5821/4333/1318
f 5869/4334/1318 5875/4342/1318 5821/4333/1318
f 5878/4342/1319 5872/4334/1319 5824/4333/1319
f 5830/4341/1319 5878/4342/1319 5824/4333/1319
f 5828/4343/1324 5822/4337/1324 5819/4338/1324
f 5825/4344/1324 5828/4343/1324 5819/4338/1324
f 5876/4347/1325 5873/4346/1325 5867/4345/1325
f 5870/4348/1325 5876/4347/1325 5867/4345/1325
f 5881/4350/1318 5833/4349/1318 5827/4341/1318
f 5875/4342/1318 5881/4350/1318 5827/4341/1318
f 5884/4350/1319 5878/4342/1319 5830/4341/1319
f 5836/4349/1319 5884/4350/1319 5830/4341/1319
f 5834/4351/1326 5829/4343/1326 5826/4344/1326
f 5831/4352/1326 5834/4351/1326 5826/4344/1326
f 5882/4331/1327 5879/4330/1327 5874/4339/1327
f 5877/4340/1327 5882/4331/1327 5874/4339/1327
f 5887/4354/1318 5839/4353/1318 5833/4349/1318
f 5881/4350/1318 5887/4354/1318 5833/4349/1318
f 5890/4354/1319 5884/4350/1319 5836/4349/1319
f 5842/4353/1319 5890/4354/1319 5836/4349/1319
f 5841/4326/1321 5835/4327/1321 5832/4328/1321
f 5838/4325/1321 5841/4326/1321 5832/4328/1321
f 5889/4332/1320 5886/4329/1320 5880/4330/1320
f 5883/4331/1320 5889/4332/1320 5880/4330/1320
f 5893/4356/1318 5845/4355/1318 5839/4353/1318
f 5887/4354/1318 5893/4356/1318 5839/4353/1318
f 5896/4356/1319 5890/4354/1319 5842/4353/1319
f 5848/4355/1319 5896/4356/1319 5842/4353/1319
f 5847/4343/1323 5840/4351/1323 5837/4352/1323
f 5844/4344/1323 5847/4343/1323 5837/4352/1323
f 5895/4358/1322 5892/4357/1322 5885/4329/1322
f 5888/4332/1322 5895/4358/1322 5885/4329/1322
f 5899/4360/1318 5851/4359/1318 5845/4355/1318
f 5893/4356/1318 5899/4360/1318 5845/4355/1318
f 5902/4360/1319 5896/4356/1319 5848/4355/1319
f 5854/4359/1319 5902/4360/1319 5848/4355/1319
f 5852/4337/1325 5846/4343/1325 5843/4344/1325
f 5849/4338/1325 5852/4337/1325 5843/4344/1325
f 5900/4348/1324 5897/4345/1324 5891/4346/1324
f 5894/4347/1324 5900/4348/1324 5891/4346/1324
f 5857/4324/1318 5809/4321/1318 5851/4359/1318
f 5899/4360/1318 5857/4324/1318 5851/4359/1318
f 5860/4324/1319 5902/4360/1319 5854/4359/1319
f 5812/4321/1319 5860/4324/1319 5854/4359/1319
f 5810/4336/1327 5853/4337/1327 5850/4338/1327
f 5807/4335/1327 5810/4336/1327 5850/4338/1327
f 5858/4332/1326 5855/4329/1326 5898/4357/1326
f 5901/4358/1326 5858/4332/1326 5898/4357/1326
g StampFrame4_-1_Mesh
v 0.088000 0.449600 -0.328020
v 0.088000 0.449600 -0.328020
v 0.088000 0.449600 -0.328020
v 0.072000 0.449600 -0.328020
v 0.072000 0.449600 -0.328020
v 0.072000 0.449600 -0.328020
v 0.088000 0.449600 0.328020
v 0.088000 0.449600 0.328020
v 0.088000 0.449600 0.328020
v 0.072000 0.449600 0.328020
v 0.072000 0.449600 0.328020
v 0.072000 0.449600 0.328020
v 0.088000 0.717980 0.596400
v 0.088000 0.717980 0.596400
v 0.088000 0.717980 0.596400
v 0.072000 0.717980 0.596400
v 0.072000 0.717980 0.596400
v 0.072000 0.717980 0.596400
v 0.088000 1.762020 0.596400
v 0.088000 1.762020 0.596400
v 0.088000 1.762020 0.596400
v 0.072000 1.762020 0.596400
v 0.072000 1.762020 0.596400
v 0.072000 1.762020 0.596400
v 0.088000 2.030400 0.328020
v 0.088000 2.030400 0.328020
v 0.088000 2.030400 0.328020
v 0.072000 2.030400 0.328020
v 0.072000 2.030400 0.328020
v 0.072000 2.030400 0.328020
v 0.088000 2.030400 -0.328020
v 0.088000 2.030400 -0.328020
v 0.088000 2.030400 -0.328020
v 0.072000 2.030400 -0.328020
v 0.072000 2.030400 -0.328020
v 0.072000 2.030400 -0.328020
v 0.088000 1.762020 -0.596400
v 0.088000 1.762020 -0.596400
v 0.088000 1.762020 -0.596400
v 0.072000 1.762020 -0.596400
v 0.072000 1.762020 -0.596400
v 0.072000 1.762020 -0.596400
v 0.088000 0.717980 -0.596400
v 0.088000 0.717980 -0.596400
v 0.088000 0.717980 -0.596400
v 0.072000 0.717980 -0.596400
v 0.072000 0.717980 -0.596400
v 0.072000 0.717980 -0.596400
v 0.088000 0.670912 -0.236174
v 0.088000 0.670912 -0.236174
v 0.088000 0.670912 -0.236174
v 0.072000 0.670912 -0.236174
v 0.072000 0.670912 -0.236174
v 0.072000 0.670912 -0.236174
v 0.088000 0.670912 0.236174
v 0.088000 0.670912 0.236174
v 0.088000 0.670912 0.236174
v 0.072000 0.670912 0.236174
v 0.072000 0.670912 0.236174
v 0.072000 0.670912 0.236174
v 0.088000 0.864146 0.429408
v 0.088000 0.864146 0.429408
v 0.088000 0.864146 0.429408
v 0.072000 0.864146 0.429408
v 0.072000 0.864146 0.429408
v 0.072000 0.864146 0.429408
v 0.088000 1.615854 0.429408
v 0.088000 1.615854 0.429408
v 0.088000 1.615854 0.429408
v 0.072000 1.615854 0.429408
v 0.072000 1.615854 0.429408
v 0.072000 1.615854 0.429408
v 0.088000 1.809088 0.236174
v 0.088000 1.809088 0.236174
v 0.088000 1.809088 0.236174
v 0.072000 1.809088 0.236174
v 0.072000 1.809088 0.236174
v 0.072000 1.809088 0.236174
v 0.088000 1.809088 -0.236174
v 0.088000 1.809088 -0.236174
v 0.088000 1.809088 -0.236174
v 0.072000 1.809088 -0.236174
v 0.072000 1.809088 -0.236174
v 0.072000 1.809088 -0.236174
v 0.088000 1.615854 -0.429408
v 0.088000 1.615854 -0.429408
v 0.088000 1.615854 -0.429408
v 0.072000 1.615854 -0.429408
v 0.072000 1.615854 -0.429408
v 0.072000 1.615854 -0.429408
v 0.088000 0.864146 -0.429408
v 0.088000 0.864146 -0.429408
v 0.088000 0.864146 -0.429408
v 0.072000 0.864146 -0.429408
v 0.072000 0.864146 -0.429408
v 0.072000 0.864146 -0.429408
vn 1.000000 -0.000000 0.000000
vn -1.000000 -0.000000 0.000000
vn -0.000000 -1.000000 0.000000
vn -0.000000 1.000000 0.000000
vn -0.000000 -0.707100 0.707100
vn -0.000000 0.707100 -0.707100
vn -0.000000 -0.000000 1.000000
vn -0.000000 -0.000000 -1.000000
vn -0.000000 0.707100 0.707100
vn -0.000000 -0.707100 -0.707100
vt 0.625888 0.408154
vt 0.687855 0.433871
vt 0.687855 0.566129
vt 0.625888 0.591846
vt 0.524640 0.408154
vt 0.524640 0.591846
vt 0.520160 0.591846
vt 0.520160 0.408154
vt 0.524640 0.433871
vt 0.520160 0.433871
vt 0.520160 0.566129
vt 0.524640 0.566129
vt 0.741961 0.620234
vt 0.701034 0.666992
vt 0.524640 0.625888
vt 0.524640 0.701034
vt 0.520160 0.701034
vt 0.520160 0.625888
vt 0.520160 0.620234
vt 0.524640 0.620234
vt 0.952439 0.620234
vt 0.993366 0.666992
vt 0.524640 0.993366
vt 0.520160 0.993366
vt 0.524640 0.741961
vt 0.520160 0.741961
vt 0.520160 0.952439
vt 0.524640 0.952439
vt 1.006545 0.566129
vt 1.068512 0.591846
vt 0.524640 1.068512
vt 0.520160 1.068512
vt 1.006545 0.433871
vt 1.068512 0.408154
vt 0.952439 0.379766
vt 0.993366 0.333008
vt 0.520160 0.379766
vt 0.524640 0.379766
vt 0.741961 0.379766
vt 0.701034 0.333008
s 0
g StampFrame4_-1_RD_Stamp
usemtl RD_Stamp
f 5959/4363/1328 5953/4362/1328 5905/4361/1328
f 5911/4364/1328 5959/4363/1328 5905/4361/1328
f 5962/4363/1329 5914/4364/1329 5908/4361/1329
f 5956/4362/1329 5962/4363/1329 5908/4361/1329
f 5913/4367/1330 5910/4366/1330 5904/4365/1330
f 5907/4368/1330 5913/4367/1330 5904/4365/1330
f 5961/4371/1331 5955/4370/1331 5952/4369/1331
f 5958/4372/1331 5961/4371/1331 5952/4369/1331
f 5965/4373/1328 5959/4363/1328 5911/4364/1328
f 5917/4374/1328 5965/4373/1328 5911/4364/1328
f 5968/4373/1329 5920/4374/1329 5914/4364/1329
f 5962/4363/1329 5968/4373/1329 5914/4364/1329
f 5919/4377/1332 5916/4376/1332 5909/4375/1332
f 5912/4378/1332 5919/4377/1332 5909/4375/1332
f 5967/4379/1333 5960/4371/1333 5957/4372/1333
f 5964/4380/1333 5967/4379/1333 5957/4372/1333
f 5971/4381/1328 5965/4373/1328 5917/4374/1328
f 5923/4382/1328 5971/4381/1328 5917/4374/1328
f 5974/4381/1329 5926/4382/1329 5920/4374/1329
f 5968/4373/1329 5974/4381/1329 5920/4374/1329
f 5924/4384/1334 5921/4383/1334 5915/4376/1334
f 5918/4377/1334 5924/4384/1334 5915/4376/1334
f 5972/4387/1335 5966/4386/1335 5963/4385/1335
f 5969/4388/1335 5972/4387/1335 5963/4385/1335
f 5977/4389/1328 5971/4381/1328 5923/4382/1328
f 5929/4390/1328 5977/4389/1328 5923/4382/1328
f 5980/4389/1329 5932/4390/1329 5926/4382/1329
f 5974/4381/1329 5980/4389/1329 5926/4382/1329
f 5930/4392/1336 5927/4391/1336 5922/4383/1336
f 5925/4384/1336 5930/4392/1336 5922/4383/1336
f 5978/4371/1337 5973/4379/1337 5970/4380/1337
f 5975/4372/1337 5978/4371/1337 5970/4380/1337
f 5983/4393/1328 5977/4389/1328 5929/4390/1328
f 5935/4394/1328 5983/4393/1328 5929/4390/1328
f 5986/4393/1329 5938/4394/1329 5932/4390/1329
f 5980/4389/1329 5986/4393/1329 5932/4390/1329
f 5937/4368/1331 5934/4365/1331 5928/4366/1331
f 5931/4367/1331 5937/4368/1331 5928/4366/1331
f 5985/4370/1330 5979/4371/1330 5976/4372/1330
f 5982/4369/1330 5985/4370/1330 5976/4372/1330
f 5989/4395/1328 5983/4393/1328 5935/4394/1328
f 5941/4396/1328 5989/4395/1328 5935/4394/1328
f 5992/4395/1329 5944/4396/1329 5938/4394/1329
f 5986/4393/1329 5992/4395/1329 5938/4394/1329
f 5943/4384/1333 5940/4383/1333 5933/4391/1333
f 5936/4392/1333 5943/4384/1333 5933/4391/1333
f 5991/4397/1332 5984/4370/1332 5981/4369/1332
f 5988/4398/1332 5991/4397/1332 5981/4369/1332
f 5995/4399/1328 5989/4395/1328 5941/4396/1328
f 5947/4400/1328 5995/4399/1328 5941/4396/1328
f 5998/4399/1329 5950/4400/1329 5944/4396/1329
f 5992/4395/1329 5998/4399/1329 5944/4396/1329
f 5948/4377/1335 5945/4376/1335 5939/4383/1335
f 5942/4384/1335 5948/4377/1335 5939/4383/1335
f 5996/4386/1334 5990/4387/1334 5987/4388/1334
f 5993/4385/1334 5996/4386/1334 5987/4388/1334
f 5953/4362/1328 5995/4399/1328 5947/4400/1328
f 5905/4361/1328 5953/4362/1328 5947/4400/1328
f 5956/4362/1329 5908/4361/1329 5950/4400/1329
f 5998/4399/1329 5956/4362/1329 5950/4400/1329
f 5906/4378/1337 5903/4375/1337 5946/4376/1337
f 5949/4377/1337 5906/4378/1337 5946/4376/1337
f 5954/4370/1336 5997/4397/1336 5994/4398/1336
f 5951/4369/1336 5954/4370/1336 5994/4398/1336
g StampFrame4_1_Mesh
v 0.292000 0.449600 -0.328020
v 0.292000 0.449600 -0.328020
v 0.292000 0.449600 -0.328020
v 0.308000 0.449600 -0.328020
v 0.308000 0.449600 -0.328020
v 0.308000 0.449600 -0.328020
v 0.292000 0.449600 0.328020
v 0.292000 0.449600 0.328020
v 0.292000 0.449600 0.328020
v 0.308000 0.449600 0.328020
v 0.308000 0.449600 0.328020
v 0.308000 0.449600 0.328020
v 0.292000 0.717980 0.596400
v 0.292000 0.717980 0.596400
v 0.292000 0.717980 0.596400
v 0.308000 0.717980 0.596400
v 0.308000 0.717980 0.596400
v 0.308000 0.717980 0.596400
v 0.292000 1.762020 0.596400
v 0.292000 1.762020 0.596400
v 0.292000 1.762020 0.596400
v 0.308000 1.762020 0.596400
v 0.308000 1.762020 0.596400
v 0.308000 1.762020 0.596400
v 0.292000 2.030400 0.328020
v 0.292000 2.030400 0.328020
v 0.292000 2.030400 0.328020
v 0.308000 2.030400 0.328020
v 0.308000 2.030400 0.328020
v 0.308000 2.030400 0.328020
v 0.292000 2.030400 -0.328020
v 0.292000 2.030400 -0.328020
v 0.292000 2.030400 -0.328020
v 0.308000 2.030400 -0.328020
v 0.308000 2.030400 -0.328020
v 0.308000 2.030400 -0.328020
v 0.292000 1.762020 -0.596400
v 0.292000 1.762020 -0.596400
v 0.292000 1.762020 -0.596400
v 0.308000 1.762020 -0.596400
v 0.308000 1.762020 -0.596400
v 0.308000 1.762020 -0.596400
v 0.292000 0.717980 -0.596400
v 0.292000 0.717980 -0.596400
v 0.292000 0.717980 -0.596400
v 0.308000 0.717980 -0.596400
v 0.308000 0.717980 -0.596400
v 0.308000 0.717980 -0.596400
v 0.292000 0.670912 -0.236174
v 0.292000 0.670912 -0.236174
v 0.292000 0.670912 -0.236174
v 0.308000 0.670912 -0.236174
v 0.308000 0.670912 -0.236174
v 0.308000 0.670912 -0.236174
v 0.292000 0.670912 0.236174
v 0.292000 0.670912 0.236174
v 0.292000 0.670912 0.236174
v 0.308000 0.670912 0.236174
v 0.308000 0.670912 0.236174
v 0.308000 0.670912 0.236174
v 0.292000 0.864146 0.429408
v 0.292000 0.864146 0.429408
v 0.292000 0.864146 0.429408
v 0.308000 0.864146 0.429408
v 0.308000 0.864146 0.429408
v 0.308000 0.864146 0.429408
v 0.292000 1.615854 0.429408
v 0.292000 1.615854 0.429408
v 0.292000 1.615854 0.429408
v 0.308000 1.615854 0.429408
v 0.308000 1.615854 0.429408
v 0.308000 1.615854 0.429408
v 0.292000 1.809088 0.236174
v 0.292000 1.809088 0.236174
v 0.292000 1.809088 0.236174
v 0.308000 1.809088 0.236174
v 0.308000 1.809088 0.236174
v 0.308000 1.809088 0.236174
v 0.292000 1.809088 -0.236174
v 0.292000 1.809088 -0.236174
v 0.292000 1.809088 -0.236174
v 0.308000 1.809088 -0.236174
v 0.308000 1.809088 -0.236174
v 0.308000 1.809088 -0.236174
v 0.292000 1.615854 -0.429408
v 0.292000 1.615854 -0.429408
v 0.292000 1.615854 -0.429408
v 0.308000 1.615854 -0.429408
v 0.308000 1.615854 -0.429408
v 0.308000 1.615854 -0.429408
v 0.292000 0.864146 -0.429408
v 0.292000 0.864146 -0.429408
v 0.292000 0.864146 -0.429408
v 0.308000 0.864146 -0.429408
v 0.308000 0.864146 -0.429408
v 0.308000 0.864146 -0.429408
vn -1.000000 -0.000000 0.000000
vn 1.000000 -0.000000 0.000000
vn -0.000000 -1.000000 0.000000
vn -0.000000 1.000000 0.000000
vn -0.000000 -0.707100 0.707100
vn -0.000000 0.707100 -0.707100
vn -0.000000 -0.000000 1.000000
vn -0.000000 -0.000000 -1.000000
vn -0.000000 0.707100 0.707100
vn -0.000000 -0.707100 -0.707100
vt 0.625888 0.408154
vt 0.625888 0.591846
vt 0.687855 0.566129
vt 0.687855 0.433871
vt 0.581760 0.408154
vt 0.586240 0.408154
vt 0.586240 0.591846
vt 0.581760 0.591846
vt 0.581760 0.433871
vt 0.581760 0.566129
vt 0.586240 0.566129
vt 0.586240 0.433871
vt 0.701034 0.666992
vt 0.741961 0.620234
vt 0.581760 0.625888
vt 0.586240 0.625888
vt 0.586240 0.701034
vt 0.581760 0.701034
vt 0.581760 0.620234
vt 0.586240 0.620234
vt 0.993366 0.666992
vt 0.952439 0.620234
vt 0.586240 0.993366
vt 0.581760 0.993366
vt 0.581760 0.741961
vt 0.581760 0.952439
vt 0.586240 0.952439
vt 0.586240 0.741961
vt 1.068512 0.591846
vt 1.006545 0.566129
vt 0.586240 1.068512
vt 0.581760 1.068512
vt 1.068512 0.408154
vt 1.006545 0.433871
vt 0.993366 0.333008
vt 0.952439 0.379766
vt 0.581760 0.379766
vt 0.586240 0.379766
vt 0.701034 0.333008
vt 0.741961 0.379766
s 0
g StampFrame4_1_RD_Stamp
usemtl RD_Stamp
f 6055/4403/1338 6007/4402/1338 6001/4401/1338
f 6049/4404/1338 6055/4403/1338 6001/4401/1338
f 6058/4403/1339 6052/4404/1339 6004/4401/1339
f 6010/4402/1339 6058/4403/1339 6004/4401/1339
f 6009/4407/1340 6003/4406/1340 6000/4405/1340
f 6006/4408/1340 6009/4407/1340 6000/4405/1340
f 6057/4411/1341 6054/4410/1341 6048/4409/1341
f 6051/4412/1341 6057/4411/1341 6048/4409/1341
f 6061/4414/1338 6013/4413/1338 6007/4402/1338
f 6055/4403/1338 6061/4414/1338 6007/4402/1338
f 6064/4414/1339 6058/4403/1339 6010/4402/1339
f 6016/4413/1339 6064/4414/1339 6010/4402/1339
f 6015/4417/1342 6008/4416/1342 6005/4415/1342
f 6012/4418/1342 6015/4417/1342 6005/4415/1342
f 6063/4420/1343 6060/4419/1343 6053/4410/1343
f 6056/4411/1343 6063/4420/1343 6053/4410/1343
f 6067/4422/1338 6019/4421/1338 6013/4413/1338
f 6061/4414/1338 6067/4422/1338 6013/4413/1338
f 6070/4422/1339 6064/4414/1339 6016/4413/1339
f 6022/4421/1339 6070/4422/1339 6016/4413/1339
f 6020/4423/1344 6014/4417/1344 6011/4418/1344
f 6017/4424/1344 6020/4423/1344 6011/4418/1344
f 6068/4427/1345 6065/4426/1345 6059/4425/1345
f 6062/4428/1345 6068/4427/1345 6059/4425/1345
f 6073/4430/1338 6025/4429/1338 6019/4421/1338
f 6067/4422/1338 6073/4430/1338 6019/4421/1338
f 6076/4430/1339 6070/4422/1339 6022/4421/1339
f 6028/4429/1339 6076/4430/1339 6022/4421/1339
f 6026/4431/1346 6021/4423/1346 6018/4424/1346
f 6023/4432/1346 6026/4431/1346 6018/4424/1346
f 6074/4411/1347 6071/4410/1347 6066/4419/1347
f 6069/4420/1347 6074/4411/1347 6066/4419/1347
f 6079/4434/1338 6031/4433/1338 6025/4429/1338
f 6073/4430/1338 6079/4434/1338 6025/4429/1338
f 6082/4434/1339 6076/4430/1339 6028/4429/1339
f 6034/4433/1339 6082/4434/1339 6028/4429/1339
f 6033/4406/1341 6027/4407/1341 6024/4408/1341
f 6030/4405/1341 6033/4406/1341 6024/4408/1341
f 6081/4412/1340 6078/4409/1340 6072/4410/1340
f 6075/4411/1340 6081/4412/1340 6072/4410/1340
f 6085/4436/1338 6037/4435/1338 6031/4433/1338
f 6079/4434/1338 6085/4436/1338 6031/4433/1338
f 6088/4436/1339 6082/4434/1339 6034/4433/1339
f 6040/4435/1339 6088/4436/1339 6034/4433/1339
f 6039/4423/1343 6032/4431/1343 6029/4432/1343
f 6036/4424/1343 6039/4423/1343 6029/4432/1343
f 6087/4438/1342 6084/4437/1342 6077/4409/1342
f 6080/4412/1342 6087/4438/1342 6077/4409/1342
f 6091/4440/1338 6043/4439/1338 6037/4435/1338
f 6085/4436/1338 6091/4440/1338 6037/4435/1338
f 6094/4440/1339 6088/4436/1339 6040/4435/1339
f 6046/4439/1339 6094/4440/1339 6040/4435/1339
f 6044/4417/1345 6038/4423/1345 6035/4424/1345
f 6041/4418/1345 6044/4417/1345 6035/4424/1345
f 6092/4428/1344 6089/4425/1344 6083/4426/1344
f 6086/4427/1344 6092/4428/1344 6083/4426/1344
f 6049/4404/1338 6001/4401/1338 6043/4439/1338
f 6091/4440/1338 6049/4404/1338 6043/4439/1338
f 6052/4404/1339 6094/4440/1339 6046/4439/1339
f 6004/4401/1339 6052/4404/1339 6046/4439/1339
f 6002/4416/1347 6045/4417/1347 6042/4418/1347
f 5999/4415/1347 6002/4416/1347 6042/4418/1347
f 6050/4412/1346 6047/4409/1346 6090/4437/1346
f 6093/4438/1346 6050/4412/1346 6090/4437/1346
g StampFrame5_-1_Mesh
v 0.468000 0.449600 -0.328020
v 0.468000 0.449600 -0.328020
v 0.468000 0.449600 -0.328020
v 0.452000 0.449600 -0.328020
v 0.452000 0.449600 -0.328020
v 0.452000 0.449600 -0.328020
v 0.468000 0.449600 0.328020
v 0.468000 0.449600 0.328020
v 0.468000 0.449600 0.328020
v 0.452000 0.449600 0.328020
v 0.452000 0.449600 0.328020
v 0.452000 0.449600 0.328020
v 0.468000 0.717980 0.596400
v 0.468000 0.717980 0.596400
v 0.468000 0.717980 0.596400
v 0.452000 0.717980 0.596400
v 0.452000 0.717980 0.596400
v 0.452000 0.717980 0.596400
v 0.468000 1.762020 0.596400
v 0.468000 1.762020 0.596400
v 0.468000 1.762020 0.596400
v 0.452000 1.762020 0.596400
v 0.452000 1.762020 0.596400
v 0.452000 1.762020 0.596400
v 0.468000 2.030400 0.328020
v 0.468000 2.030400 0.328020
v 0.468000 2.030400 0.328020
v 0.452000 2.030400 0.328020
v 0.452000 2.030400 0.328020
v 0.452000 2.030400 0.328020
v 0.468000 2.030400 -0.328020
v 0.468000 2.030400 -0.328020
v 0.468000 2.030400 -0.328020
v 0.452000 2.030400 -0.328020
v 0.452000 2.030400 -0.328020
v 0.452000 2.030400 -0.328020
v 0.468000 1.762020 -0.596400
v 0.468000 1.762020 -0.596400
v 0.468000 1.762020 -0.596400
v 0.452000 1.762020 -0.596400
v 0.452000 1.762020 -0.596400
v 0.452000 1.762020 -0.596400
v 0.468000 0.717980 -0.596400
v 0.468000 0.717980 -0.596400
v 0.468000 0.717980 -0.596400
v 0.452000 0.717980 -0.596400
v 0.452000 0.717980 -0.596400
v 0.452000 0.717980 -0.596400
v 0.468000 0.670912 -0.236174
v 0.468000 0.670912 -0.236174
v 0.468000 0.670912 -0.236174
v 0.452000 0.670912 -0.236174
v 0.452000 0.670912 -0.236174
v 0.452000 0.670912 -0.236174
v 0.468000 0.670912 0.236174
v 0.468000 0.670912 0.236174
v 0.468000 0.670912 0.236174
v 0.452000 0.670912 0.236174
v 0.452000 0.670912 0.236174
v 0.452000 0.670912 0.236174
v 0.468000 0.864146 0.429408
v 0.468000 0.864146 0.429408
v 0.468000 0.864146 0.429408
v 0.452000 0.864146 0.429408
v 0.452000 0.864146 0.429408
v 0.452000 0.864146 0.429408
v 0.468000 1.615854 0.429408
v 0.468000 1.615854 0.429408
v 0.468000 1.615854 0.429408
v 0.452000 1.615854 0.429408
v 0.452000 1.615854 0.429408
v 0.452000 1.615854 0.429408
v 0.468000 1.809088 0.236174
v 0.468000 1.809088 0.236174
v 0.468000 1.809088 0.236174
v 0.452000 1.809088 0.236174
v 0.452000 1.809088 0.236174
v 0.452000 1.809088 0.236174
v 0.468000 1.809088 -0.236174
v 0.468000 1.809088 -0.236174
v 0.468000 1.809088 -0.236174
v 0.452000 1.809088 -0.236174
v 0.452000 1.809088 -0.236174
v 0.452000 1.809088 -0.236174
v 0.468000 1.615854 -0.429408
v 0.468000 1.615854 -0.429408
v 0.468000 1.615854 -0.429408
v 0.452000 1.615854 -0.429408
v 0.452000 1.615854 -0.429408
v 0.452000 1.615854 -0.429408
v 0.468000 0.864146 -0.429408
v 0.468000 0.864146 -0.429408
v 0.468000 0.864146 -0.429408
v 0.452000 0.864146 -0.429408
v 0.452000 0.864146 -0.429408
v 0.452000 0.864146 -0.429408
vn 1.000000 -0.000000 0.000000
vn -1.000000 -0.000000 0.000000
vn -0.000000 -1.000000 0.000000
vn -0.000000 1.000000 0.000000
vn -0.000000 -0.707100 0.707100
vn -0.000000 0.707100 -0.707100
vn -0.000000 -0.000000 1.000000
vn -0.000000 -0.000000 -1.000000
vn -0.000000 0.707100 0.707100
vn -0.000000 -0.707100 -0.707100
vt 0.625888 0.408154
vt 0.687855 0.433871
vt 0.687855 0.566129
vt 0.625888 0.591846
vt 0.631040 0.408154
vt 0.631040 0.591846
vt 0.626560 0.591846
vt 0.626560 0.408154
vt 0.631040 0.433871
vt 0.626560 0.433871
vt 0.626560 0.566129
vt 0.631040 0.566129
vt 0.741961 0.620234
vt 0.701034 0.666992
vt 0.631040 0.625888
vt 0.631040 0.701034
vt 0.626560 0.701034
vt 0.626560 0.625888
vt 0.626560 0.620234
vt 0.631040 0.620234
vt 0.952439 0.620234
vt 0.993366 0.666992
vt 0.631040 0.993366
vt 0.626560 0.993366
vt 0.631040 0.741961
vt 0.626560 0.741961
vt 0.626560 0.952439
vt 0.631040 0.952439
vt 1.006545 0.566129
vt 1.068512 0.591846
vt 0.631040 1.068512
vt 0.626560 1.068512
vt 1.006545 0.433871
vt 1.068512 0.408154
vt 0.952439 0.379766
vt 0.993366 0.333008
vt 0.626560 0.379766
vt 0.631040 0.379766
vt 0.741961 0.379766
vt 0.701034 0.333008
s 0
g StampFrame5_-1_RD_Stamp
usemtl RD_Stamp
f 6151/4443/1348 6145/4442/1348 6097/4441/1348
f 6103/4444/1348 6151/4443/1348 6097/4441/1348
f 6154/4443/1349 6106/4444/1349 6100/4441/1349
f 6148/4442/1349 6154/4443/1349 6100/4441/1349
f 6105/4447/1350 6102/4446/1350 6096/4445/1350
f 6099/4448/1350 6105/4447/1350 6096/4445/1350
f 6153/4451/1351 6147/4450/1351 6144/4449/1351
f 6150/4452/1351 6153/4451/1351 6144/4449/1351
f 6157/4453/1348 6151/4443/1348 6103/4444/1348
f 6109/4454/1348 6157/4453/1348 6103/4444/1348
f 6160/4453/1349 6112/4454/1349 6106/4444/1349
f 6154/4443/1349 6160/4453/1349 6106/4444/1349
f 6111/4457/1352 6108/4456/1352 6101/4455/1352
f 6104/4458/1352 6111/4457/1352 6101/4455/1352
f 6159/4459/1353 6152/4451/1353 6149/4452/1353
f 6156/4460/1353 6159/4459/1353 6149/4452/1353
f 6163/4461/1348 6157/4453/1348 6109/4454/1348
f 6115/4462/1348 6163/4461/1348 6109/4454/1348
f 6166/4461/1349 6118/4462/1349 6112/4454/1349
f 6160/4453/1349 6166/4461/1349 6112/4454/1349
f 6116/4464/1354 6113/4463/1354 6107/4456/1354
f 6110/4457/1354 6116/4464/1354 6107/4456/1354
f 6164/4467/1355 6158/4466/1355 6155/4465/1355
f 6161/4468/1355 6164/4467/1355 6155/4465/1355
f 6169/4469/1348 6163/4461/1348 6115/4462/1348
f 6121/4470/1348 6169/4469/1348 6115/4462/1348
f 6172/4469/1349 6124/4470/1349 6118/4462/1349
f 6166/4461/1349 6172/4469/1349 6118/4462/1349
f 6122/4472/1356 6119/4471/1356 6114/4463/1356
f 6117/4464/1356 6122/4472/1356 6114/4463/1356
f 6170/4451/1357 6165/4459/1357 6162/4460/1357
f 6167/4452/1357 6170/4451/1357 6162/4460/1357
f 6175/4473/1348 6169/4469/1348 6121/4470/1348
f 6127/4474/1348 6175/4473/1348 6121/4470/1348
f 6178/4473/1349 6130/4474/1349 6124/4470/1349
f 6172/4469/1349 6178/4473/1349 6124/4470/1349
f 6129/4448/1351 6126/4445/1351 6120/4446/1351
f 6123/4447/1351 6129/4448/1351 6120/4446/1351
f 6177/4450/1350 6171/4451/1350 6168/4452/1350
f 6174/4449/1350 6177/4450/1350 6168/4452/1350
f 6181/4475/1348 6175/4473/1348 6127/4474/1348
f 6133/4476/1348 6181/4475/1348 6127/4474/1348
f 6184/4475/1349 6136/4476/1349 6130/4474/1349
f 6178/4473/1349 6184/4475/1349 6130/4474/1349
f 6135/4464/1353 6132/4463/1353 6125/4471/1353
f 6128/4472/1353 6135/4464/1353 6125/4471/1353
f 6183/4477/1352 6176/4450/1352 6173/4449/1352
f 6180/4478/1352 6183/4477/1352 6173/4449/1352
f 6187/4479/1348 6181/4475/1348 6133/4476/1348
f 6139/4480/1348 6187/4479/1348 6133/4476/1348
f 6190/4479/1349 6142/4480/1349 6136/4476/1349
f 6184/4475/1349 6190/4479/1349 6136/4476/1349
f 6140/4457/1355 6137/4456/1355 6131/4463/1355
f 6134/4464/1355 6140/4457/1355 6131/4463/1355
f 6188/4466/1354 6182/4467/1354 6179/4468/1354
f 6185/4465/1354 6188/4466/1354 6179/4468/1354
f 6145/4442/1348 6187/4479/1348 6139/4480/1348
f 6097/4441/1348 6145/4442/1348 6139/4480/1348
f 6148/4442/1349 6100/4441/1349 6142/4480/1349
f 6190/4479/1349 6148/4442/1349 6142/4480/1349
f 6098/4458/1357 6095/4455/1357 6138/4456/1357
f 6141/4457/1357 6098/4458/1357 6138/4456/1357
f 6146/4450/1356 6189/4477/1356 6186/4478/1356
f 6143/4449/1356 6146/4450/1356 6186/4478/1356
g StampFrame5_1_Mesh
v 0.672000 0.449600 -0.328020
v 0.672000 0.449600 -0.328020
v 0.672000 0.449600 -0.328020
v 0.688000 0.449600 -0.328020
v 0.688000 0.449600 -0.328020
v 0.688000 0.449600 -0.328020
v 0.672000 0.449600 0.328020
v 0.672000 0.449600 0.328020
v 0.672000 0.449600 0.328020
v 0.688000 0.449600 0.328020
v 0.688000 0.449600 0.328020
v 0.688000 0.449600 0.328020
v 0.672000 0.717980 0.596400
v 0.672000 0.717980 0.596400
v 0.672000 0.717980 0.596400
v 0.688000 0.717980 0.596400
v 0.688000 0.717980 0.596400
v 0.688000 0.717980 0.596400
v 0.672000 1.762020 0.596400
v 0.672000 1.762020 0.596400
v 0.672000 1.762020 0.596400
v 0.688000 1.762020 0.596400
v 0.688000 1.762020 0.596400
v 0.688000 1.762020 0.596400
v 0.672000 2.030400 0.328020
v 0.672000 2.030400 0.328020
v 0.672000 2.030400 0.328020
v 0.688000 2.030400 0.328020
v 0.688000 2.030400 0.328020
v 0.688000 2.030400 0.328020
v 0.672000 2.030400 -0.328020
v 0.672000 2.030400 -0.328020
v 0.672000 2.030400 -0.328020
v 0.688000 2.030400 -0.328020
v 0.688000 2.030400 -0.328020
v 0.688000 2.030400 -0.328020
v 0.672000 1.762020 -0.596400
v 0.672000 1.762020 -0.596400
v 0.672000 1.762020 -0.596400
v 0.688000 1.762020 -0.596400
v 0.688000 1.762020 -0.596400
v 0.688000 1.762020 -0.596400
v 0.672000 0.717980 -0.596400
v 0.672000 0.717980 -0.596400
v 0.672000 0.717980 -0.596400
v 0.688000 0.717980 -0.596400
v 0.688000 0.717980 -0.596400
v 0.688000 0.717980 -0.596400
v 0.672000 0.670912 -0.236174
v 0.672000 0.670912 -0.236174
v 0.672000 0.670912 -0.236174
v 0.688000 0.670912 -0.236174
v 0.688000 0.670912 -0.236174
v 0.688000 0.670912 -0.236174
v 0.672000 0.670912 0.236174
v 0.672000 0.670912 0.236174
v 0.672000 0.670912 0.236174
v 0.688000 0.670912 0.236174
v 0.688000 0.670912 0.236174
v 0.688000 0.670912 0.236174
v 0.672000 0.864146 0.429408
v 0.672000 0.864146 0.429408
v 0.672000 0.864146 0.429408
v 0.688000 0.864146 0.429408
v 0.688000 0.864146 0.429408
v 0.688000 0.864146 0.429408
v 0.672000 1.615854 0.429408
v 0.672000 1.615854 0.429408
v 0.672000 1.615854 0.429408
v 0.688000 1.615854 0.429408
v 0.688000 1.615854 0.429408
v 0.688000 1.615854 0.429408
v 0.672000 1.809088 0.236174
v 0.672000 1.809088 0.236174
v 0.672000 1.809088 0.236174
v 0.688000 1.809088 0.236174
v 0.688000 1.809088 0.236174
v 0.688000 1.809088 0.236174
v 0.672000 1.809088 -0.236174
v 0.672000 1.809088 -0.236174
v 0.672000 1.809088 -0.236174
v 0.688000 1.809088 -0.236174
v 0.688000 1.809088 -0.236174
v 0.688000 1.809088 -0.236174
v 0.672000 1.615854 -0.429408
v 0.672000 1.615854 -0.429408
v 0.672000 1.615854 -0.429408
v 0.688000 1.615854 -0.429408
v 0.688000 1.615854 -0.429408
v 0.688000 1.615854 -0.429408
v 0.672000 0.864146 -0.429408
v 0.672000 0.864146 -0.429408
v 0.672000 0.864146 -0.429408
v 0.688000 0.864146 -0.429408
v 0.688000 0.864146 -0.429408
v 0.688000 0.864146 -0.429408
vn -1.000000 -0.000000 0.000000
vn 1.000000 -0.000000 0.000000
vn -0.000000 -1.000000 0.000000
vn -0.000000 1.000000 0.000000
vn -0.000000 -0.707100 0.707100
vn -0.000000 0.707100 -0.707100
vn -0.000000 -0.000000 1.000000
vn -0.000000 -0.000000 -1.000000
vn -0.000000 0.707100 0.707100
vn -0.000000 -0.707100 -0.707100
vt 0.625888 0.408154
vt 0.625888 0.591846
vt 0.687855 0.566129
vt 0.687855 0.433871
vt 0.688160 0.408154
vt 0.692640 0.408154
vt 0.692640 0.591846
vt 0.688160 0.591846
vt 0.688160 0.433871
vt 0.688160 0.566129
vt 0.692640 0.566129
vt 0.692640 0.433871
vt 0.701034 0.666992
vt 0.741961 0.620234
vt 0.688160 0.625888
vt 0.692640 0.625888
vt 0.692640 0.701034
vt 0.688160 0.701034
vt 0.688160 0.620234
vt 0.692640 0.620234
vt 0.993366 0.666992
vt 0.952439 0.620234
vt 0.692640 0.993366
vt 0.688160 0.993366
vt 0.688160 0.741961
vt 0.688160 0.952439
vt 0.692640 0.952439
vt 0.692640 0.741961
vt 1.068512 0.591846
vt 1.006545 0.566129
vt 0.692640 1.068512
vt 0.688160 1.068512
vt 1.068512 0.408154
vt 1.006545 0.433871
vt 0.993366 0.333008
vt 0.952439 0.379766
vt 0.688160 0.379766
vt 0.692640 0.379766
vt 0.701034 0.333008
vt 0.741961 0.379766
s 0
g StampFrame5_1_RD_Stamp
usemtl RD_Stamp
f 6247/4483/1358 6199/4482/1358 6193/4481/1358
f 6241/4484/1358 6247/4483/1358 6193/4481/1358
f 6250/4483/1359 6244/4484/1359 6196/4481/1359
f 6202/4482/1359 6250/4483/1359 6196/4481/1359
f 6201/4487/1360 6195/4486/1360 6192/4485/1360
f 6198/4488/1360 6201/4487/1360 6192/4485/1360
f 6249/4491/1361 6246/4490/1361 6240/4489/1361
f 6243/4492/1361 6249/4491/1361 6240/4489/1361
f 6253/4494/1358 6205/4493/1358 6199/4482/1358
f 6247/4483/1358 6253/4494/1358 6199/4482/1358
f 6256/4494/1359 6250/4483/1359 6202/4482/1359
f 6208/4493/1359 6256/4494/1359 6202/4482/1359
f 6207/4497/1362 6200/4496/1362 6197/4495/1362
f 6204/4498/1362 6207/4497/1362 6197/4495/1362
f 6255/4500/1363 6252/4499/1363 6245/4490/1363
f 6248/4491/1363 6255/4500/1363 6245/4490/1363
f 6259/4502/1358 6211/4501/1358 6205/4493/1358
f 6253/4494/1358 6259/4502/1358 6205/4493/1358
f 6262/4502/1359 6256/4494/1359 6208/4493/1359
f 6214/4501/1359 6262/4502/1359 6208/4493/1359
f 6212/4503/1364 6206/4497/1364 6203/4498/1364
f 6209/4504/1364 6212/4503/1364 6203/4498/1364
f 6260/4507/1365 6257/4506/1365 6251/4505/1365
f 6254/4508/1365 6260/4507/1365 6251/4505/1365
f 6265/4510/1358 6217/4509/1358 6211/4501/1358
f 6259/4502/1358 6265/4510/1358 6211/4501/1358
f 6268/4510/1359 6262/4502/1359 6214/4501/1359
f 6220/4509/1359 6268/4510/1359 6214/4501/1359
f 6218/4511/1366 6213/4503/1366 6210/4504/1366
f 6215/4512/1366 6218/4511/1366 6210/4504/1366
f 6266/4491/1367 6263/4490/1367 6258/4499/1367
f 6261/4500/1367 6266/4491/1367 6258/4499/1367
f 6271/4514/1358 6223/4513/1358 6217/4509/1358
f 6265/4510/1358 6271/4514/1358 6217/4509/1358
f 6274/4514/1359 6268/4510/1359 6220/4509/1359
f 6226/4513/1359 6274/4514/1359 6220/4509/1359
f 6225/4486/1361 6219/4487/1361 6216/4488/1361
f 6222/4485/1361 6225/4486/1361 6216/4488/1361
f 6273/4492/1360 6270/4489/1360 6264/4490/1360
f 6267/4491/1360 6273/4492/1360 6264/4490/1360
f 6277/4516/1358 6229/4515/1358 6223/4513/1358
f 6271/4514/1358 6277/4516/1358 6223/4513/1358
f 6280/4516/1359 6274/4514/1359 6226/4513/1359
f 6232/4515/1359 6280/4516/1359 6226/4513/1359
f 6231/4503/1363 6224/4511/1363 6221/4512/1363
f 6228/4504/1363 6231/4503/1363 6221/4512/1363
f 6279/4518/1362 6276/4517/1362 6269/4489/1362
f 6272/4492/1362 6279/4518/1362 6269/4489/1362
f 6283/4520/1358 6235/4519/1358 6229/4515/1358
f 6277/4516/1358 6283/4520/1358 6229/4515/1358
f 6286/4520/1359 6280/4516/1359 6232/4515/1359
f 6238/4519/1359 6286/4520/1359 6232/4515/1359
f 6236/4497/1365 6230/4503/1365 6227/4504/1365
f 6233/4498/1365 6236/4497/1365 6227/4504/1365
f 6284/4508/1364 6281/4505/1364 6275/4506/1364
f 6278/4507/1364 6284/4508/1364 6275/4506/1364
f 6241/4484/1358 6193/4481/1358 6235/4519/1358
f 6283/4520/1358 6241/4484/1358 6235/4519/1358
f 6244/4484/1359 6286/4520/1359 6238/4519/1359
f 6196/4481/1359 6244/4484/1359 6238/4519/1359
f 6194/4496/1367 6237/4497/1367 6234/4498/1367
f 6191/4495/1367 6194/4496/1367 6234/4498/1367
f 6242/4492/1366 6239/4489/1366 6282/4517/1366
f 6285/4518/1366 6242/4492/1366 6282/4517/1366
g StampFrame6_-1_Mesh
v 0.848000 0.449600 -0.328020
v 0.848000 0.449600 -0.328020
v 0.848000 0.449600 -0.328020
v 0.832000 0.449600 -0.328020
v 0.832000 0.449600 -0.328020
v 0.832000 0.449600 -0.328020
v 0.848000 0.449600 0.328020
v 0.848000 0.449600 0.328020
v 0.848000 0.449600 0.328020
v 0.832000 0.449600 0.328020
v 0.832000 0.449600 0.328020
v 0.832000 0.449600 0.328020
v 0.848000 0.717980 0.596400
v 0.848000 0.717980 0.596400
v 0.848000 0.717980 0.596400
v 0.832000 0.717980 0.596400
v 0.832000 0.717980 0.596400
v 0.832000 0.717980 0.596400
v 0.848000 1.762020 0.596400
v 0.848000 1.762020 0.596400
v 0.848000 1.762020 0.596400
v 0.832000 1.762020 0.596400
v 0.832000 1.762020 0.596400
v 0.832000 1.762020 0.596400
v 0.848000 2.030400 0.328020
v 0.848000 2.030400 0.328020
v 0.848000 2.030400 0.328020
v 0.832000 2.030400 0.328020
v 0.832000 2.030400 0.328020
v 0.832000 2.030400 0.328020
v 0.848000 2.030400 -0.328020
v 0.848000 2.030400 -0.328020
v 0.848000 2.030400 -0.328020
v 0.832000 2.030400 -0.328020
v 0.832000 2.030400 -0.328020
v 0.832000 2.030400 -0.328020
v 0.848000 1.762020 -0.596400
v 0.848000 1.762020 -0.596400
v 0.848000 1.762020 -0.596400
v 0.832000 1.762020 -0.596400
v 0.832000 1.762020 -0.596400
v 0.832000 1.762020 -0.596400
v 0.848000 0.717980 -0.596400
v 0.848000 0.717980 -0.596400
v 0.848000 0.717980 -0.596400
v 0.832000 0.717980 -0.596400
v 0.832000 0.717980 -0.596400
v 0.832000 0.717980 -0.596400
v 0.848000 0.670912 -0.236174
v 0.848000 0.670912 -0.236174
v 0.848000 0.670912 -0.236174
v 0.832000 0.670912 -0.236174
v 0.832000 0.670912 -0.236174
v 0.832000 0.670912 -0.236174
v 0.848000 0.670912 0.236174
v 0.848000 0.670912 0.236174
v 0.848000 0.670912 0.236174
v 0.832000 0.670912 0.236174
v 0.832000 0.670912 0.236174
v 0.832000 0.670912 0.236174
v 0.848000 0.864146 0.429408
v 0.848000 0.864146 0.429408
v 0.848000 0.864146 0.429408
v 0.832000 0.864146 0.429408
v 0.832000 0.864146 0.429408
v 0.832000 0.864146 0.429408
v 0.848000 1.615854 0.429408
v 0.848000 1.615854 0.429408
v 0.848000 1.615854 0.429408
v 0.832000 1.615854 0.429408
v 0.832000 1.615854 0.429408
v 0.832000 1.615854 0.429408
v 0.848000 1.809088 0.236174
v 0.848000 1.809088 0.236174
v 0.848000 1.809088 0.236174
v 0.832000 1.809088 0.236174
v 0.832000 1.809088 0.236174
v 0.832000 1.809088 0.236174
v 0.848000 1.809088 -0.236174
v 0.848000 1.809088 -0.236174
v 0.848000 1.809088 -0.236174
v 0.832000 1.809088 -0.236174
v 0.832000 1.809088 -0.236174
v 0.832000 1.809088 -0.236174
v 0.848000 1.615854 -0.429408
v 0.848000 1.615854 -0.429408
v 0.848000 1.615854 -0.429408
v 0.832000 1.615854 -0.429408
v 0.832000 1.615854 -0.429408
v 0.832000 1.615854 -0.429408
v 0.848000 0.864146 -0.429408
v 0.848000 0.864146 -0.429408
v 0.848000 0.864146 -0.429408
v 0.832000 0.864146 -0.429408
v 0.832000 0.864146 -0.429408
v 0.832000 0.864146 -0.429408
vn 1.000000 -0.000000 0.000000
vn -1.000000 -0.000000 0.000000
vn -0.000000 -1.000000 0.000000
vn -0.000000 1.000000 0.000000
vn -0.000000 -0.707100 0.707100
vn -0.000000 0.707100 -0.707100
vn -0.000000 -0.000000 1.000000
vn -0.000000 -0.000000 -1.000000
vn -0.000000 0.707100 0.707100
vn -0.000000 -0.707100 -0.707100
vt 0.625888 0.408154
vt 0.687855 0.433871
vt 0.687855 0.566129
vt 0.625888 0.591846
vt 0.737440 0.408154
vt 0.737440 0.591846
vt 0.732960 0.591846
vt 0.732960 0.408154
vt 0.737440 0.433871
vt 0.732960 0.433871
vt 0.732960 0.566129
vt 0.737440 0.566129
vt 0.741961 0.620234
vt 0.701034 0.666992
vt 0.737440 0.625888
vt 0.737440 0.701034
vt 0.732960 0.701034
vt 0.732960 0.625888
vt 0.732960 0.620234
vt 0.737440 0.620234
vt 0.952439 0.620234
vt 0.993366 0.666992
vt 0.737440 0.993366
vt 0.732960 0.993366
vt 0.737440 0.741961
vt 0.732960 0.741961
vt 0.732960 0.952439
vt 0.737440 0.952439
vt 1.006545 0.566129
vt 1.068512 0.591846
vt 0.737440 1.068512
vt 0.732960 1.068512
vt 1.006545 0.433871
vt 1.068512 0.408154
vt 0.952439 0.379766
vt 0.993366 0.333008
vt 0.732960 0.379766
vt 0.737440 0.379766
vt 0.741961 0.379766
vt 0.701034 0.333008
s 0
g StampFrame6_-1_RD_Stamp
usemtl RD_Stamp
f 6343/4523/1368 6337/4522/1368 6289/4521/1368
f 6295/4524/1368 6343/4523/1368 6289/4521/1368
f 6346/4523/1369 6298/4524/1369 6292/4521/1369
f 6340/4522/1369 6346/4523/1369 6292/4521/1369
f 6297/4527/1370 6294/4526/1370 6288/4525/1370
f 6291/4528/1370 6297/4527/1370 6288/4525/1370
f 6345/4531/1371 6339/4530/1371 6336/4529/1371
f 6342/4532/1371 6345/4531/1371 6336/4529/1371
f 6349/4533/1368 6343/4523/1368 6295/4524/1368
f 6301/4534/1368 6349/4533/1368 6295/4524/1368
f 6352/4533/1369 6304/4534/1369 6298/4524/1369
f 6346/4523/1369 6352/4533/1369 6298/4524/1369
f 6303/4537/1372 6300/4536/1372 6293/4535/1372
f 6296/4538/1372 6303/4537/1372 6293/4535/1372
f 6351/4539/1373 6344/4531/1373 6341/4532/1373
f 6348/4540/1373 6351/4539/1373 6341/4532/1373
f 6355/4541/1368 6349/4533/1368 6301/4534/1368
f 6307/4542/1368 6355/4541/1368 6301/4534/1368
f 6358/4541/1369 6310/4542/1369 6304/4534/1369
f 6352/4533/1369 6358/4541/1369 6304/4534/1369
f 6308/4544/1374 6305/4543/1374 6299/4536/1374
f 6302/4537/1374 6308/4544/1374 6299/4536/1374
f 6356/4547/1375 6350/4546/1375 6347/4545/1375
f 6353/4548/1375 6356/4547/1375 6347/4545/1375
f 6361/4549/1368 6355/4541/1368 6307/4542/1368
f 6313/4550/1368 6361/4549/1368 6307/4542/1368
f 6364/4549/1369 6316/4550/1369 6310/4542/1369
f 6358/4541/1369 6364/4549/1369 6310/4542/1369
f 6314/4552/1376 6311/4551/1376 6306/4543/1376
f 6309/4544/1376 6314/4552/1376 6306/4543/1376
f 6362/4531/1377 6357/4539/1377 6354/4540/1377
f 6359/4532/1377 6362/4531/1377 6354/4540/1377
f 6367/4553/1368 6361/4549/1368 6313/4550/1368
f 6319/4554/1368 6367/4553/1368 6313/4550/1368
f 6370/4553/1369 6322/4554/1369 6316/4550/1369
f 6364/4549/1369 6370/4553/1369 6316/4550/1369
f 6321/4528/1371 6318/4525/1371 6312/4526/1371
f 6315/4527/1371 6321/4528/1371 6312/4526/1371
f 6369/4530/1370 6363/4531/1370 6360/4532/1370
f 6366/4529/1370 6369/4530/1370 6360/4532/1370
f 6373/4555/1368 6367/4553/1368 6319/4554/1368
f 6325/4556/1368 6373/4555/1368 6319/4554/1368
f 6376/4555/1369 6328/4556/1369 6322/4554/1369
f 6370/4553/1369 6376/4555/1369 6322/4554/1369
f 6327/4544/1373 6324/4543/1373 6317/4551/1373
f 6320/4552/1373 6327/4544/1373 6317/4551/1373
f 6375/4557/1372 6368/4530/1372 6365/4529/1372
f 6372/4558/1372 6375/4557/1372 6365/4529/1372
f 6379/4559/1368 6373/4555/1368 6325/4556/1368
f 6331/4560/1368 6379/4559/1368 6325/4556/1368
f 6382/4559/1369 6334/4560/1369 6328/4556/1369
f 6376/4555/1369 6382/4559/1369 6328/4556/1369
f 6332/4537/1375 6329/4536/1375 6323/4543/1375
f 6326/4544/1375 6332/4537/1375 6323/4543/1375
f 6380/4546/1374 6374/4547/1374 6371/4548/1374
f 6377/4545/1374 6380/4546/1374 6371/4548/1374
f 6337/4522/1368 6379/4559/1368 6331/4560/1368
f 6289/4521/1368 6337/4522/1368 6331/4560/1368
f 6340/4522/1369 6292/4521/1369 6334/4560/1369
f 6382/4559/1369 6340/4522/1369 6334/4560/1369
f 6290/4538/1377 6287/4535/1377 6330/4536/1377
f 6333/4537/1377 6290/4538/1377 6330/4536/1377
f 6338/4530/1376 6381/4557/1376 6378/4558/1376
f 6335/4529/1376 6338/4530/1376 6378/4558/1376
g StampFrame6_1_Mesh
v 1.052000 0.449600 -0.328020
v 1.052000 0.449600 -0.328020
v 1.052000 0.449600 -0.328020
v 1.068000 0.449600 -0.328020
v 1.068000 0.449600 -0.328020
v 1.068000 0.449600 -0.328020
v 1.052000 0.449600 0.328020
v 1.052000 0.449600 0.328020
v 1.052000 0.449600 0.328020
v 1.068000 0.449600 0.328020
v 1.068000 0.449600 0.328020
v 1.068000 0.449600 0.328020
v 1.052000 0.717980 0.596400
v 1.052000 0.717980 0.596400
v 1.052000 0.717980 0.596400
v 1.068000 0.717980 0.596400
v 1.068000 0.717980 0.596400
v 1.068000 0.717980 0.596400
v 1.052000 1.762020 0.596400
v 1.052000 1.762020 0.596400
v 1.052000 1.762020 0.596400
v 1.068000 1.762020 0.596400
v 1.068000 1.762020 0.596400
v 1.068000 1.762020 0.596400
v 1.052000 2.030400 0.328020
v 1.052000 2.030400 0.328020
v 1.052000 2.030400 0.328020
v 1.068000 2.030400 0.328020
v 1.068000 2.030400 0.328020
v 1.068000 2.030400 0.328020
v 1.052000 2.030400 -0.328020
v 1.052000 2.030400 -0.328020
v 1.052000 2.030400 -0.328020
v 1.068000 2.030400 -0.328020
v 1.068000 2.030400 -0.328020
v 1.068000 2.030400 -0.328020
v 1.052000 1.762020 -0.596400
v 1.052000 1.762020 -0.596400
v 1.052000 1.762020 -0.596400
v 1.068000 1.762020 -0.596400
v 1.068000 1.762020 -0.596400
v 1.068000 1.762020 -0.596400
v 1.052000 0.717980 -0.596400
v 1.052000 0.717980 -0.596400
v 1.052000 0.717980 -0.596400
v 1.068000 0.717980 -0.596400
v 1.068000 0.717980 -0.596400
v 1.068000 0.717980 -0.596400
v 1.052000 0.670912 -0.236174
v 1.052000 0.670912 -0.236174
v 1.052000 0.670912 -0.236174
v 1.068000 0.670912 -0.236174
v 1.068000 0.670912 -0.236174
v 1.068000 0.670912 -0.236174
v 1.052000 0.670912 0.236174
v 1.052000 0.670912 0.236174
v 1.052000 0.670912 0.236174
v 1.068000 0.670912 0.236174
v 1.068000 0.670912 0.236174
v 1.068000 0.670912 0.236174
v 1.052000 0.864146 0.429408
v 1.052000 0.864146 0.429408
v 1.052000 0.864146 0.429408
v 1.068000 0.864146 0.429408
v 1.068000 0.864146 0.429408
v 1.068000 0.864146 0.429408
v 1.052000 1.615854 0.429408
v 1.052000 1.615854 0.429408
v 1.052000 1.615854 0.429408
v 1.068000 1.615854 0.429408
v 1.068000 1.615854 0.429408
v 1.068000 1.615854 0.429408
v 1.052000 1.809088 0.236174
v 1.052000 1.809088 0.236174
v 1.052000 1.809088 0.236174
v 1.068000 1.809088 0.236174
v 1.068000 1.809088 0.236174
v 1.068000 1.809088 0.236174
v 1.052000 1.809088 -0.236174
v 1.052000 1.809088 -0.236174
v 1.052000 1.809088 -0.236174
v 1.068000 1.809088 -0.236174
v 1.068000 1.809088 -0.236174
v 1.068000 1.809088 -0.236174
v 1.052000 1.615854 -0.429408
v 1.052000 1.615854 -0.429408
v 1.052000 1.615854 -0.429408
v 1.068000 1.615854 -0.429408
v 1.068000 1.615854 -0.429408
v 1.068000 1.615854 -0.429408
v 1.052000 0.864146 -0.429408
v 1.052000 0.864146 -0.429408
v 1.052000 0.864146 -0.429408
v 1.068000 0.864146 -0.429408
v 1.068000 0.864146 -0.429408
v 1.068000 0.864146 -0.429408
vn -1.000000 -0.000000 0.000000
vn 1.000000 -0.000000 0.000000
vn -0.000000 -1.000000 0.000000
vn -0.000000 1.000000 0.000000
vn -0.000000 -0.707100 0.707100
vn -0.000000 0.707100 -0.707100
vn -0.000000 -0.000000 1.000000
vn -0.000000 -0.000000 -1.000000
vn -0.000000 0.707100 0.707100
vn -0.000000 -0.707100 -0.707100
vt 0.625888 0.408154
vt 0.625888 0.591846
vt 0.687855 0.566129
vt 0.687855 0.433871
vt 0.794560 0.408154
vt 0.799040 0.408154
vt 0.799040 0.591846
vt 0.794560 0.591846
vt 0.794560 0.433871
vt 0.794560 0.566129
vt 0.799040 0.566129
vt 0.799040 0.433871
vt 0.701034 0.666992
vt 0.741961 0.620234
vt 0.794560 0.625888
vt 0.799040 0.625888
vt 0.799040 0.701034
vt 0.794560 0.701034
vt 0.794560 0.620234
vt 0.799040 0.620234
vt 0.993366 0.666992
vt 0.952439 0.620234
vt 0.799040 0.993366
vt 0.794560 0.993366
vt 0.794560 0.741961
vt 0.794560 0.952439
vt 0.799040 0.952439
vt 0.799040 0.741961
vt 1.068512 0.591846
vt 1.006545 0.566129
vt 0.799040 1.068512
vt 0.794560 1.068512
vt 1.068512 0.408154
vt 1.006545 0.433871
vt 0.993366 0.333008
vt 0.952439 0.379766
vt 0.794560 0.379766
vt 0.799040 0.379766
vt 0.701034 0.333008
vt 0.741961 0.379766
s 0
g StampFrame6_1_RD_Stamp
usemtl RD_Stamp
f 6439/4563/1378 6391/4562/1378 6385/4561/1378
f 6433/4564/1378 6439/4563/1378 6385/4561/1378
f 6442/4563/1379 6436/4564/1379 6388/4561/1379
f 6394/4562/1379 6442/4563/1379 6388/4561/1379
f 6393/4567/1380 6387/4566/1380 6384/4565/1380
f 6390/4568/1380 6393/4567/1380 6384/4565/1380
f 6441/4571/1381 6438/4570/1381 6432/4569/1381
f 6435/4572/1381 6441/4571/1381 6432/4569/1381
f 6445/4574/1378 6397/4573/1378 6391/4562/1378
f 6439/4563/1378 6445/4574/1378 6391/4562/1378
f 6448/4574/1379 6442/4563/1379 6394/4562/1379
f 6400/4573/1379 6448/4574/1379 6394/4562/1379
f 6399/4577/1382 6392/4576/1382 6389/4575/1382
f 6396/4578/1382 6399/4577/1382 6389/4575/1382
f 6447/4580/1383 6444/4579/1383 6437/4570/1383
f 6440/4571/1383 6447/4580/1383 6437/4570/1383
f 6451/4582/1378 6403/4581/1378 6397/4573/1378
f 6445/4574/1378 6451/4582/1378 6397/4573/1378
f 6454/4582/1379 6448/4574/1379 6400/4573/1379
f 6406/4581/1379 6454/4582/1379 6400/4573/1379
f 6404/4583/1384 6398/4577/1384 6395/4578/1384
f 6401/4584/1384 6404/4583/1384 6395/4578/1384
f 6452/4587/1385 6449/4586/1385 6443/4585/1385
f 6446/4588/1385 6452/4587/1385 6443/4585/1385
f 6457/4590/1378 6409/4589/1378 6403/4581/1378
f 6451/4582/1378 6457/4590/1378 6403/4581/1378
f 6460/4590/1379 6454/4582/1379 6406/4581/1379
f 6412/4589/1379 6460/4590/1379 6406/4581/1379
f 6410/4591/1386 6405/4583/1386 6402/4584/1386
f 6407/4592/1386 6410/4591/1386 6402/4584/1386
f 6458/4571/1387 6455/4570/1387 6450/4579/1387
f 6453/4580/1387 6458/4571/1387 6450/4579/1387
f 6463/4594/1378 6415/4593/1378 6409/4589/1378
f 6457/4590/1378 6463/4594/1378 6409/4589/1378
f 6466/4594/1379 6460/4590/1379 6412/4589/1379
f 6418/4593/1379 6466/4594/1379 6412/4589/1379
f 6417/4566/1381 6411/4567/1381 6408/4568/1381
f 6414/4565/1381 6417/4566/1381 6408/4568/1381
f 6465/4572/1380 6462/4569/1380 6456/4570/1380
f 6459/4571/1380 6465/4572/1380 6456/4570/1380
f 6469/4596/1378 6421/4595/1378 6415/4593/1378
f 6463/4594/1378 6469/4596/1378 6415/4593/1378
f 6472/4596/1379 6466/4594/1379 6418/4593/1379
f 6424/4595/1379 6472/4596/1379 6418/4593/1379
f 6423/4583/1383 6416/4591/1383 6413/4592/1383
f 6420/4584/1383 6423/4583/1383 6413/4592/1383
f 6471/4598/1382 6468/4597/1382 6461/4569/1382
f 6464/4572/1382 6471/4598/1382 6461/4569/1382
f 6475/4600/1378 6427/4599/1378 6421/4595/1378
f 6469/4596/1378 6475/4600/1378 6421/4595/1378
f 6478/4600/1379 6472/4596/1379 6424/4595/1379
f 6430/4599/1379 6478/4600/1379 6424/4595/1379
f 6428/4577/1385 6422/4583/1385 6419/4584/1385
f 6425/4578/1385 6428/4577/1385 6419/4584/1385
f 6476/4588/1384 6473/4585/1384 6467/4586/1384
f 6470/4587/1384 6476/4588/1384 6467/4586/1384
f 6433/4564/1378 6385/4561/1378 6427/4599/1378
f 6475/4600/1378 6433/4564/1378 6427/4599/1378
f 6436/4564/1379 6478/4600/1379 6430/4599/1379
f 6388/4561/1379 6436/4564/1379 6430/4599/1379
f 6386/4576/1387 6429/4577/1387 6426/4578/1387
f 6383/4575/1387 6386/4576/1387 6426/4578/1387
f 6434/4572/1386 6431/4569/1386 6474/4597/1386
f 6477/4598/1386 6434/4572/1386 6474/4597/1386
g StampFrame7_-1_Mesh
v 1.228000 0.449600 -0.328020
v 1.228000 0.449600 -0.328020
v 1.228000 0.449600 -0.328020
v 1.212000 0.449600 -0.328020
v 1.212000 0.449600 -0.328020
v 1.212000 0.449600 -0.328020
v 1.228000 0.449600 0.328020
v 1.228000 0.449600 0.328020
v 1.228000 0.449600 0.328020
v 1.212000 0.449600 0.328020
v 1.212000 0.449600 0.328020
v 1.212000 0.449600 0.328020
v 1.228000 0.717980 0.596400
v 1.228000 0.717980 0.596400
v 1.228000 0.717980 0.596400
v 1.212000 0.717980 0.596400
v 1.212000 0.717980 0.596400
v 1.212000 0.717980 0.596400
v 1.228000 1.762020 0.596400
v 1.228000 1.762020 0.596400
v 1.228000 1.762020 0.596400
v 1.212000 1.762020 0.596400
v 1.212000 1.762020 0.596400
v 1.212000 1.762020 0.596400
v 1.228000 2.030400 0.328020
v 1.228000 2.030400 0.328020
v 1.228000 2.030400 0.328020
v 1.212000 2.030400 0.328020
v 1.212000 2.030400 0.328020
v 1.212000 2.030400 0.328020
v 1.228000 2.030400 -0.328020
v 1.228000 2.030400 -0.328020
v 1.228000 2.030400 -0.328020
v 1.212000 2.030400 -0.328020
v 1.212000 2.030400 -0.328020
v 1.212000 2.030400 -0.328020
v 1.228000 1.762020 -0.596400
v 1.228000 1.762020 -0.596400
v 1.228000 1.762020 -0.596400
v 1.212000 1.762020 -0.596400
v 1.212000 1.762020 -0.596400
v 1.212000 1.762020 -0.596400
v 1.228000 0.717980 -0.596400
v 1.228000 0.717980 -0.596400
v 1.228000 0.717980 -0.596400
v 1.212000 0.717980 -0.596400
v 1.212000 0.717980 -0.596400
v 1.212000 0.717980 -0.596400
v 1.228000 0.670912 -0.236174
v 1.228000 0.670912 -0.236174
v 1.228000 0.670912 -0.236174
v 1.212000 0.670912 -0.236174
v 1.212000 0.670912 -0.236174
v 1.212000 0.670912 -0.236174
v 1.228000 0.670912 0.236174
v 1.228000 0.670912 0.236174
v 1.228000 0.670912 0.236174
v 1.212000 0.670912 0.236174
v 1.212000 0.670912 0.236174
v 1.212000 0.670912 0.236174
v 1.228000 0.864146 0.429408
v 1.228000 0.864146 0.429408
v 1.228000 0.864146 0.429408
v 1.212000 0.864146 0.429408
v 1.212000 0.864146 0.429408
v 1.212000 0.864146 0.429408
v 1.228000 1.615854 0.429408
v 1.228000 1.615854 0.429408
v 1.228000 1.615854 0.429408
v 1.212000 1.615854 0.429408
v 1.212000 1.615854 0.429408
v 1.212000 1.615854 0.429408
v 1.228000 1.809088 0.236174
v 1.228000 1.809088 0.236174
v 1.228000 1.809088 0.236174
v 1.212000 1.809088 0.236174
v 1.212000 1.809088 0.236174
v 1.212000 1.809088 0.236174
v 1.228000 1.809088 -0.236174
v 1.228000 1.809088 -0.236174
v 1.228000 1.809088 -0.236174
v 1.212000 1.809088 -0.236174
v 1.212000 1.809088 -0.236174
v 1.212000 1.809088 -0.236174
v 1.228000 1.615854 -0.429408
v 1.228000 1.615854 -0.429408
v 1.228000 1.615854 -0.429408
v 1.212000 1.615854 -0.429408
v 1.212000 1.615854 -0.429408
v 1.212000 1.615854 -0.429408
v 1.228000 0.864146 -0.429408
v 1.228000 0.864146 -0.429408
v 1.228000 0.864146 -0.429408
v 1.212000 0.864146 -0.429408
v 1.212000 0.864146 -0.429408
v 1.212000 0.864146 -0.429408
vn 1.000000 -0.000000 0.000000
vn -1.000000 -0.000000 0.000000
vn -0.000000 -1.000000 0.000000
vn -0.000000 1.000000 0.000000
vn -0.000000 -0.707100 0.707100
vn -0.000000 0.707100 -0.707100
vn -0.000000 -0.000000 1.000000
vn -0.000000 -0.000000 -1.000000
vn -0.000000 0.707100 0.707100
vn -0.000000 -0.707100 -0.707100
vt 0.625888 0.408154
vt 0.687855 0.433871
vt 0.687855 0.566129
vt 0.625888 0.591846
vt 0.843840 0.408154
vt 0.843840 0.591846
vt 0.839360 0.591846
vt 0.839360 0.408154
vt 0.843840 0.433871
vt 0.839360 0.433871
vt 0.839360 0.566129
vt 0.843840 0.566129
vt 0.741961 0.620234
vt 0.701034 0.666992
vt 0.843840 0.625888
vt 0.843840 0.701034
vt 0.839360 0.701034
vt 0.839360 0.625888
vt 0.839360 0.620234
vt 0.843840 0.620234
vt 0.952439 0.620234
vt 0.993366 0.666992
vt 0.843840 0.993366
vt 0.839360 0.993366
vt 0.843840 0.741961
vt 0.839360 0.741961
vt 0.839360 0.952439
vt 0.843840 0.952439
vt 1.006545 0.566129
vt 1.068512 0.591846
vt 0.843840 1.068512
vt 0.839360 1.068512
vt 1.006545 0.433871
vt 1.068512 0.408154
vt 0.952439 0.379766
vt 0.993366 0.333008
vt 0.839360 0.379766
vt 0.843840 0.379766
vt 0.741961 0.379766
vt 0.701034 0.333008
s 0
g StampFrame7_-1_RD_Stamp
usemtl RD_Stamp
f 6535/4603/1388 6529/4602/1388 6481/4601/1388
f 6487/4604/1388 6535/4603/1388 6481/4601/1388
f 6538/4603/1389 6490/4604/1389 6484/4601/1389
f 6532/4602/1389 6538/4603/1389 6484/4601/1389
f 6489/4607/1390 6486/4606/1390 6480/4605/1390
f 6483/4608/1390 6489/4607/1390 6480/4605/1390
f 6537/4611/1391 6531/4610/1391 6528/4609/1391
f 6534/4612/1391 6537/4611/1391 6528/4609/1391
f 6541/4613/1388 6535/4603/1388 6487/4604/1388
f 6493/4614/1388 6541/4613/1388 6487/4604/1388
f 6544/4613/1389 6496/4614/1389 6490/4604/1389
f 6538/4603/1389 6544/4613/1389 6490/4604/1389
f 6495/4617/1392 6492/4616/1392 6485/4615/1392
f 6488/4618/1392 6495/4617/1392 6485/4615/1392
f 6543/4619/1393 6536/4611/1393 6533/4612/1393
f 6540/4620/1393 6543/4619/1393 6533/4612/1393
f 6547/4621/1388 6541/4613/1388 6493/4614/1388
f 6499/4622/1388 6547/4621/1388 6493/4614/1388
f 6550/4621/1389 6502/4622/1389 6496/4614/1389
f 6544/4613/1389 6550/4621/1389 6496/4614/1389
f 6500/4624/1394 6497/4623/1394 6491/4616/1394
f 6494/4617/1394 6500/4624/1394 6491/4616/1394
f 6548/4627/1395 6542/4626/1395 6539/4625/1395
f 6545/4628/1395 6548/4627/1395 6539/4625/1395
f 6553/4629/1388 6547/4621/1388 6499/4622/1388
f 6505/4630/1388 6553/4629/1388 6499/4622/1388
f 6556/4629/1389 6508/4630/1389 6502/4622/1389
f 6550/4621/1389 6556/4629/1389 6502/4622/1389
f 6506/4632/1396 6503/4631/1396 6498/4623/1396
f 6501/4624/1396 6506/4632/1396 6498/4623/1396
f 6554/4611/1397 6549/4619/1397 6546/4620/1397
f 6551/4612/1397 6554/4611/1397 6546/4620/1397
f 6559/4633/1388 6553/4629/1388 6505/4630/1388
f 6511/4634/1388 6559/4633/1388 6505/4630/1388
f 6562/4633/1389 6514/4634/1389 6508/4630/1389
f 6556/4629/1389 6562/4633/1389 6508/4630/1389
f 6513/4608/1391 6510/4605/1391 6504/4606/1391
f 6507/4607/1391 6513/4608/1391 6504/4606/1391
f 6561/4610/1390 6555/4611/1390 6552/4612/1390
f 6558/4609/1390 6561/4610/1390 6552/4612/1390
f 6565/4635/1388 6559/4633/1388 6511/4634/1388
f 6517/4636/1388 6565/4635/1388 6511/4634/1388
f 6568/4635/1389 6520/4636/1389 6514/4634/1389
f 6562/4633/1389 6568/4635/1389 6514/4634/1389
f 6519/4624/1393 6516/4623/1393 6509/4631/1393
f 6512/4632/1393 6519/4624/1393 6509/4631/1393
f 6567/4637/1392 6560/4610/1392 6557/4609/1392
f 6564/4638/1392 6567/4637/1392 6557/4609/1392
f 6571/4639/1388 6565/4635/1388 6517/4636/1388
f 6523/4640/1388 6571/4639/1388 6517/4636/1388
f 6574/4639/1389 6526/4640/1389 6520/4636/1389
f 6568/4635/1389 6574/4639/1389 6520/4636/1389
f 6524/4617/1395 6521/4616/1395 6515/4623/1395
f 6518/4624/1395 6524/4617/1395 6515/4623/1395
f 6572/4626/1394 6566/4627/1394 6563/4628/1394
f 6569/4625/1394 6572/4626/1394 6563/4628/1394
f 6529/4602/1388 6571/4639/1388 6523/4640/1388
f 6481/4601/1388 6529/4602/1388 6523/4640/1388
f 6532/4602/1389 6484/4601/1389 6526/4640/1389
f 6574/4639/1389 6532/4602/1389 6526/4640/1389
f 6482/4618/1397 6479/4615/1397 6522/4616/1397
f 6525/4617/1397 6482/4618/1397 6522/4616/1397
f 6530/4610/1396 6573/4637/1396 6570/4638/1396
f 6527/4609/1396 6530/4610/1396 6570/4638/1396
g StampFrame7_1_Mesh
v 1.432000 0.449600 -0.328020
v 1.432000 0.449600 -0.328020
v 1.432000 0.449600 -0.328020
v 1.448000 0.449600 -0.328020
v 1.448000 0.449600 -0.328020
v 1.448000 0.449600 -0.328020
v 1.432000 0.449600 0.328020
v 1.432000 0.449600 0.328020
v 1.432000 0.449600 0.328020
v 1.448000 0.449600 0.328020
v 1.448000 0.449600 0.328020
v 1.448000 0.449600 0.328020
v 1.432000 0.717980 0.596400
v 1.432000 0.717980 0.596400
v 1.432000 0.717980 0.596400
v 1.448000 0.717980 0.596400
v 1.448000 0.717980 0.596400
v 1.448000 0.717980 0.596400
v 1.432000 1.762020 0.596400
v 1.432000 1.762020 0.596400
v 1.432000 1.762020 0.596400
v 1.448000 1.762020 0.596400
v 1.448000 1.762020 0.596400
v 1.448000 1.762020 0.596400
v 1.432000 2.030400 0.328020
v 1.432000 2.030400 0.328020
v 1.432000 2.030400 0.328020
v 1.448000 2.030400 0.328020
v 1.448000 2.030400 0.328020
v 1.448000 2.030400 0.328020
v 1.432000 2.030400 -0.328020
v 1.432000 2.030400 -0.328020
v 1.432000 2.030400 -0.328020
v 1.448000 2.030400 -0.328020
v 1.448000 2.030400 -0.328020
v 1.448000 2.030400 -0.328020
v 1.432000 1.762020 -0.596400
v 1.432000 1.762020 -0.596400
v 1.432000 1.762020 -0.596400
v 1.448000 1.762020 -0.596400
v 1.448000 1.762020 -0.596400
v 1.448000 1.762020 -0.596400
v 1.432000 0.717980 -0.596400
v 1.432000 0.717980 -0.596400
v 1.432000 0.717980 -0.596400
v 1.448000 0.717980 -0.596400
v 1.448000 0.717980 -0.596400
v 1.448000 0.717980 -0.596400
v 1.432000 0.670912 -0.236174
v 1.432000 0.670912 -0.236174
v 1.432000 0.670912 -0.236174
v 1.448000 0.670912 -0.236174
v 1.448000 0.670912 -0.236174
v 1.448000 0.670912 -0.236174
v 1.432000 0.670912 0.236174
v 1.432000 0.670912 0.236174
v 1.432000 0.670912 0.236174
v 1.448000 0.670912 0.236174
v 1.448000 0.670912 0.236174
v 1.448000 0.670912 0.236174
v 1.432000 0.864146 0.429408
v 1.432000 0.864146 0.429408
v 1.432000 0.864146 0.429408
v 1.448000 0.864146 0.429408
v 1.448000 0.864146 0.429408
v 1.448000 0.864146 0.429408
v 1.432000 1.615854 0.429408
v 1.432000 1.615854 0.429408
v 1.432000 1.615854 0.429408
v 1.448000 1.615854 0.429408
v 1.448000 1.615854 0.429408
v 1.448000 1.615854 0.429408
v 1.432000 1.809088 0.236174
v 1.432000 1.809088 0.236174
v 1.432000 1.809088 0.236174
v 1.448000 1.809088 0.236174
v 1.448000 1.809088 0.236174
v 1.448000 1.809088 0.236174
v 1.432000 1.809088 -0.236174
v 1.432000 1.809088 -0.236174
v 1.432000 1.809088 -0.236174
v 1.448000 1.809088 -0.236174
v 1.448000 1.809088 -0.236174
v 1.448000 1.809088 -0.236174
v 1.432000 1.615854 -0.429408
v 1.432000 1.615854 -0.429408
v 1.432000 1.615854 -0.429408
v 1.448000 1.615854 -0.429408
v 1.448000 1.615854 -0.429408
v 1.448000 1.615854 -0.429408
v 1.432000 0.864146 -0.429408
v 1.432000 0.864146 -0.429408
v 1.432000 0.864146 -0.429408
v 1.448000 0.864146 -0.429408
v 1.448000 0.864146 -0.429408
v 1.448000 0.864146 -0.429408
vn -1.000000 -0.000000 0.000000
vn 1.000000 -0.000000 0.000000
vn -0.000000 -1.000000 0.000000
vn -0.000000 1.000000 0.000000
vn -0.000000 -0.707100 0.707100
vn -0.000000 0.707100 -0.707100
vn -0.000000 -0.000000 1.000000
vn -0.000000 -0.000000 -1.000000
vn -0.000000 0.707100 0.707100
vn -0.000000 -0.707100 -0.707100
vt 0.625888 0.408154
vt 0.625888 0.591846
vt 0.687855 0.566129
vt 0.687855 0.433871
vt 0.900960 0.408154
vt 0.905440 0.408154
vt 0.905440 0.591846
vt 0.900960 0.591846
vt 0.900960 0.433871
vt 0.900960 0.566129
vt 0.905440 0.566129
vt 0.905440 0.433871
vt 0.701034 0.666992
vt 0.741961 0.620234
vt 0.900960 0.625888
vt 0.905440 0.625888
vt 0.905440 0.701034
vt 0.900960 0.701034
vt 0.900960 0.620234
vt 0.905440 0.620234
vt 0.993366 0.666992
vt 0.952439 0.620234
vt 0.905440 0.993366
vt 0.900960 0.993366
vt 0.900960 0.741961
vt 0.900960 0.952439
vt 0.905440 0.952439
vt 0.905440 0.741961
vt 1.068512 0.591846
vt 1.006545 0.566129
vt 0.905440 1.068512
vt 0.900960 1.068512
vt 1.068512 0.408154
vt 1.006545 0.433871
vt 0.993366 0.333008
vt 0.952439 0.379766
vt 0.900960 0.379766
vt 0.905440 0.379766
vt 0.701034 0.333008
vt 0.741961 0.379766
s 0
g StampFrame7_1_RD_Stamp
usemtl RD_Stamp
f 6631/4643/1398 6583/4642/1398 6577/4641/1398
f 6625/4644/1398 6631/4643/1398 6577/4641/1398
f 6634/4643/1399 6628/4644/1399 6580/4641/1399
f 6586/4642/1399 6634/4643/1399 6580/4641/1399
f 6585/4647/1400 6579/4646/1400 6576/4645/1400
f 6582/4648/1400 6585/4647/1400 6576/4645/1400
f 6633/4651/1401 6630/4650/1401 6624/4649/1401
f 6627/4652/1401 6633/4651/1401 6624/4649/1401
f 6637/4654/1398 6589/4653/1398 6583/4642/1398
f 6631/4643/1398 6637/4654/1398 6583/4642/1398
f 6640/4654/1399 6634/4643/1399 6586/4642/1399
f 6592/4653/1399 6640/4654/1399 6586/4642/1399
f 6591/4657/1402 6584/4656/1402 6581/4655/1402
f 6588/4658/1402 6591/4657/1402 6581/4655/1402
f 6639/4660/1403 6636/4659/1403 6629/4650/1403
f 6632/4651/1403 6639/4660/1403 6629/4650/1403
f 6643/4662/1398 6595/4661/1398 6589/4653/1398
f 6637/4654/1398 6643/4662/1398 6589/4653/1398
f 6646/4662/1399 6640/4654/1399 6592/4653/1399
f 6598/4661/1399 6646/4662/1399 6592/4653/1399
f 6596/4663/1404 6590/4657/1404 6587/4658/1404
f 6593/4664/1404 6596/4663/1404 6587/4658/1404
f 6644/4667/1405 6641/4666/1405 6635/4665/1405
f 6638/4668/1405 6644/4667/1405 6635/4665/1405
f 6649/4670/1398 6601/4669/1398 6595/4661/1398
f 6643/4662/1398 6649/4670/1398 6595/4661/1398
f 6652/4670/1399 6646/4662/1399 6598/4661/1399
f 6604/4669/1399 6652/4670/1399 6598/4661/1399
f 6602/4671/1406 6597/4663/1406 6594/4664/1406
f 6599/4672/1406 6602/4671/1406 6594/4664/1406
f 6650/4651/1407 6647/4650/1407 6642/4659/1407
f 6645/4660/1407 6650/4651/1407 6642/4659/1407
f 6655/4674/1398 6607/4673/1398 6601/4669/1398
f 6649/4670/1398 6655/4674/1398 6601/4669/1398
f 6658/4674/1399 6652/4670/1399 6604/4669/1399
f 6610/4673/1399 6658/4674/1399 6604/4669/1399
f 6609/4646/1401 6603/4647/1401 6600/4648/1401
f 6606/4645/1401 6609/4646/1401 6600/4648/1401
f 6657/4652/1400 6654/4649/1400 6648/4650/1400
f 6651/4651/1400 6657/4652/1400 6648/4650/1400
f 6661/4676/1398 6613/4675/1398 6607/4673/1398
f 6655/4674/1398 6661/4676/1398 6607/4673/1398
f 6664/4676/1399 6658/4674/1399 6610/4673/1399
f 6616/4675/1399 6664/4676/1399 6610/4673/1399
f 6615/4663/1403 6608/4671/1403 6605/4672/1403
f 6612/4664/1403 6615/4663/1403 6605/4672/1403
f 6663/4678/1402 6660/4677/1402 6653/4649/1402
f 6656/4652/1402 6663/4678/1402 6653/4649/1402
f 6667/4680/1398 6619/4679/1398 6613/4675/1398
f 6661/4676/1398 6667/4680/1398 6613/4675/1398
f 6670/4680/1399 6664/4676/1399 6616/4675/1399
f 6622/4679/1399 6670/4680/1399 6616/4675/1399
f 6620/4657/1405 6614/4663/1405 6611/4664/1405
f 6617/4658/1405 6620/4657/1405 6611/4664/1405
f 6668/4668/1404 6665/4665/1404 6659/4666/1404
f 6662/4667/1404 6668/4668/1404 6659/4666/1404
f 6625/4644/1398 6577/4641/1398 6619/4679/1398
f 6667/4680/1398 6625/4644/1398 6619/4679/1398
f 6628/4644/1399 6670/4680/1399 6622/4679/1399
f 6580/4641/1399 6628/4644/1399 6622/4679/1399
f 6578/4656/1407 6621/4657/1407 6618/4658/1407
f 6575/4655/1407 6578/4656/1407 6618/4658/1407
f 6626/4652/1406 6623/4649/1406 6666/4677/1406
f 6669/4678/1406 6626/4652/1406 6666/4677/1406
g Tee0_Mesh
v -1.330000 0.345000 0.692000
v -1.330000 0.345000 0.692000
v -1.330000 0.345000 0.692000
v -1.330000 0.255000 0.692000
v -1.330000 0.255000 0.692000
v -1.330000 0.255000 0.692000
v -1.319000 0.345000 0.689053
v -1.319000 0.345000 0.689053
v -1.319000 0.345000 0.689053
v -1.319000 0.255000 0.689053
v -1.319000 0.255000 0.689053
v -1.319000 0.255000 0.689053
v -1.310948 0.345000 0.681000
v -1.310948 0.345000 0.681000
v -1.310948 0.345000 0.681000
v -1.310948 0.255000 0.681000
v -1.310948 0.255000 0.681000
v -1.310948 0.255000 0.681000
v -1.308000 0.345000 0.670000
v -1.308000 0.345000 0.670000
v -1.308000 0.345000 0.670000
v -1.308000 0.255000 0.670000
v -1.308000 0.255000 0.670000
v -1.308000 0.255000 0.670000
v -1.310948 0.345000 0.659000
v -1.310948 0.345000 0.659000
v -1.310948 0.345000 0.659000
v -1.310948 0.255000 0.659000
v -1.310948 0.255000 0.659000
v -1.310948 0.255000 0.659000
v -1.319000 0.345000 0.650947
v -1.319000 0.345000 0.650947
v -1.319000 0.345000 0.650947
v -1.319000 0.255000 0.650947
v -1.319000 0.255000 0.650947
v -1.319000 0.255000 0.650947
v -1.330000 0.345000 0.648000
v -1.330000 0.345000 0.648000
v -1.330000 0.345000 0.648000
v -1.330000 0.255000 0.648000
v -1.330000 0.255000 0.648000
v -1.330000 0.255000 0.648000
v -1.341000 0.345000 0.650947
v -1.341000 0.345000 0.650947
v -1.341000 0.345000 0.650947
v -1.341000 0.255000 0.650947
v -1.341000 0.255000 0.650947
v -1.341000 0.255000 0.650947
v -1.349053 0.345000 0.659000
v -1.349053 0.345000 0.659000
v -1.349053 0.345000 0.659000
v -1.349053 0.255000 0.659000
v -1.349053 0.255000 0.659000
v -1.349053 0.255000 0.659000
v -1.352000 0.345000 0.670000
v -1.352000 0.345000 0.670000
v -1.352000 0.345000 0.670000
v -1.352000 0.255000 0.670000
v -1.352000 0.255000 0.670000
v -1.352000 0.255000 0.670000
v -1.349053 0.345000 0.681000
v -1.349053 0.345000 0.681000
v -1.349053 0.345000 0.681000
v -1.349053 0.255000 0.681000
v -1.349053 0.255000 0.681000
v -1.349053 0.255000 0.681000
v -1.341000 0.345000 0.689053
v -1.341000 0.345000 0.689053
v -1.341000 0.345000 0.689053
v -1.341000 0.255000 0.689053
v -1.341000 0.255000 0.689053
v -1.341000 0.255000 0.689053
vn 0.258800 -0.000000 0.965900
vn 0.707100 -0.000000 0.707100
vn 0.965900 -0.000000 0.258800
vn 0.965900 -0.000000 -0.258800
vn 0.707100 -0.000000 -0.707100
vn 0.258800 -0.000000 -0.965900
vn -0.258800 -0.000000 -0.965900
vn -0.707100 -0.000000 -0.707100
vn -0.965900 -0.000000 -0.258800
vn -0.965900 -0.000000 0.258800
vn -0.000000 -1.000000 0.000000
vn -0.707100 -0.000000 0.707100
vn -0.258800 -0.000000 0.965900
vn -0.000000 1.000000 0.000000
vt 0.683536 0.004576
vt 0.683536 0.671386
vt 0.610466 0.671386
vt 0.610466 0.004576
vt 0.004576 0.671386
vt 0.004576 0.004576
vt 0.046763 0.004576
vt 0.046763 0.671386
vt 0.119833 0.004576
vt 0.119833 0.671386
vt 0.204207 0.004576
vt 0.204207 0.671386
vt 0.277277 0.004576
vt 0.277277 0.671386
vt 0.319464 0.004576
vt 0.319464 0.671386
vt 0.601315 0.004576
vt 0.601315 0.671386
vt 0.559128 0.671386
vt 0.559129 0.004576
vt 0.486058 0.671386
vt 0.486058 0.004576
vt 0.401685 0.671386
vt 0.401685 0.004576
vt 0.328615 0.671386
vt 0.328615 0.004576
vt 0.370802 0.953239
vt 0.328615 0.880169
vt 0.328615 0.795795
vt 0.370802 0.722725
vt 0.443872 0.680539
vt 0.528246 0.680539
vt 0.601316 0.722726
vt 0.643503 0.795795
vt 0.643503 0.880169
vt 0.601316 0.953239
vt 0.528246 0.995426
vt 0.443872 0.995426
vt 0.840979 0.004576
vt 0.840979 0.671386
vt 0.767910 0.671386
vt 0.767911 0.004576
vt 0.119832 0.680537
vt 0.204206 0.680537
vt 0.277276 0.722724
vt 0.319462 0.795794
vt 0.319462 0.880168
vt 0.277275 0.953238
vt 0.204206 0.995425
vt 0.119832 0.995425
vt 0.046761 0.953238
vt 0.004575 0.880167
vt 0.004575 0.795794
vt 0.046762 0.722724
s 0
g Tee0_RD_Steel
usemtl RD_Steel
f 6681/4683/1408 6675/4682/1408 6672/4681/1408
f 6678/4684/1408 6681/4683/1408 6672/4681/1408
f 6687/4687/1409 6682/4686/1409 6679/4685/1409
f 6684/4688/1409 6687/4687/1409 6679/4685/1409
f 6693/4689/1410 6688/4687/1410 6685/4688/1410
f 6690/4690/1410 6693/4689/1410 6685/4688/1410
f 6700/4691/1411 6694/4689/1411 6691/4690/1411
f 6697/4692/1411 6700/4691/1411 6691/4690/1411
f 6706/4693/1412 6699/4691/1412 6696/4692/1412
f 6703/4694/1412 6706/4693/1412 6696/4692/1412
f 6711/4695/1413 6705/4693/1413 6702/4694/1413
f 6708/4696/1413 6711/4695/1413 6702/4694/1413
f 6717/4699/1414 6712/4698/1414 6709/4697/1414
f 6714/4700/1414 6717/4699/1414 6709/4697/1414
f 6723/4701/1415 6718/4699/1415 6715/4700/1415
f 6720/4702/1415 6723/4701/1415 6715/4700/1415
f 6730/4703/1416 6724/4701/1416 6721/4702/1416
f 6727/4704/1416 6730/4703/1416 6721/4702/1416
f 6736/4705/1417 6729/4703/1417 6726/4704/1417
f 6733/4706/1417 6736/4705/1417 6726/4704/1417
f 6674/4709/1418 6680/4708/1418 6686/4707/1418
f 6734/4711/1418 6740/4710/1418 6674/4709/1418
f 6722/4713/1418 6728/4712/1418 6734/4711/1418
f 6710/4715/1418 6716/4714/1418 6722/4713/1418
f 6698/4717/1418 6704/4716/1418 6710/4715/1418
f 6686/4707/1418 6692/4718/1418 6698/4717/1418
f 6734/4711/1418 6674/4709/1418 6686/4707/1418
f 6710/4715/1418 6722/4713/1418 6734/4711/1418
f 6686/4707/1418 6698/4717/1418 6710/4715/1418
f 6686/4707/1418 6710/4715/1418 6734/4711/1418
f 6742/4721/1419 6735/4720/1419 6732/4719/1419
f 6739/4722/1419 6742/4721/1419 6732/4719/1419
f 6676/4682/1420 6741/4721/1420 6738/4722/1420
f 6673/4681/1420 6676/4682/1420 6738/4722/1420
f 6677/4725/1421 6671/4724/1421 6737/4723/1421
f 6689/4727/1421 6683/4726/1421 6677/4725/1421
f 6701/4729/1421 6695/4728/1421 6689/4727/1421
f 6713/4731/1421 6707/4730/1421 6701/4729/1421
f 6725/4733/1421 6719/4732/1421 6713/4731/1421
f 6737/4723/1421 6731/4734/1421 6725/4733/1421
f 6689/4727/1421 6677/4725/1421 6737/4723/1421
f 6713/4731/1421 6701/4729/1421 6689/4727/1421
f 6737/4723/1421 6725/4733/1421 6713/4731/1421
f 6737/4723/1421 6713/4731/1421 6689/4727/1421
g Tee1_Mesh
v -0.950000 0.345000 0.692000
v -0.950000 0.345000 0.692000
v -0.950000 0.345000 0.692000
v -0.950000 0.255000 0.692000
v -0.950000 0.255000 0.692000
v -0.950000 0.255000 0.692000
v -0.939000 0.345000 0.689053
v -0.939000 0.345000 0.689053
v -0.939000 0.345000 0.689053
v -0.939000 0.255000 0.689053
v -0.939000 0.255000 0.689053
v -0.939000 0.255000 0.689053
v -0.930947 0.345000 0.681000
v -0.930947 0.345000 0.681000
v -0.930947 0.345000 0.681000
v -0.930947 0.255000 0.681000
v -0.930947 0.255000 0.681000
v -0.930947 0.255000 0.681000
v -0.928000 0.345000 0.670000
v -0.928000 0.345000 0.670000
v -0.928000 0.345000 0.670000
v -0.928000 0.255000 0.670000
v -0.928000 0.255000 0.670000
v -0.928000 0.255000 0.670000
v -0.930947 0.345000 0.659000
v -0.930947 0.345000 0.659000
v -0.930947 0.345000 0.659000
v -0.930947 0.255000 0.659000
v -0.930947 0.255000 0.659000
v -0.930947 0.255000 0.659000
v -0.939000 0.345000 0.650947
v -0.939000 0.345000 0.650947
v -0.939000 0.345000 0.650947
v -0.939000 0.255000 0.650947
v -0.939000 0.255000 0.650947
v -0.939000 0.255000 0.650947
v -0.950000 0.345000 0.648000
v -0.950000 0.345000 0.648000
v -0.950000 0.345000 0.648000
v -0.950000 0.255000 0.648000
v -0.950000 0.255000 0.648000
v -0.950000 0.255000 0.648000
v -0.961000 0.345000 0.650947
v -0.961000 0.345000 0.650947
v -0.961000 0.345000 0.650947
v -0.961000 0.255000 0.650947
v -0.961000 0.255000 0.650947
v -0.961000 0.255000 0.650947
v -0.969053 0.345000 0.659000
v -0.969053 0.345000 0.659000
v -0.969053 0.345000 0.659000
v -0.969053 0.255000 0.659000
v -0.969053 0.255000 0.659000
v -0.969053 0.255000 0.659000
v -0.972000 0.345000 0.670000
v -0.972000 0.345000 0.670000
v -0.972000 0.345000 0.670000
v -0.972000 0.255000 0.670000
v -0.972000 0.255000 0.670000
v -0.972000 0.255000 0.670000
v -0.969053 0.345000 0.681000
v -0.969053 0.345000 0.681000
v -0.969053 0.345000 0.681000
v -0.969053 0.255000 0.681000
v -0.969053 0.255000 0.681000
v -0.969053 0.255000 0.681000
v -0.961000 0.345000 0.689053
v -0.961000 0.345000 0.689053
v -0.961000 0.345000 0.689053
v -0.961000 0.255000 0.689053
v -0.961000 0.255000 0.689053
v -0.961000 0.255000 0.689053
vn 0.258800 -0.000000 0.965900
vn 0.707100 -0.000000 0.707100
vn 0.965900 -0.000000 0.258800
vn 0.965900 -0.000000 -0.258800
vn 0.707100 -0.000000 -0.707100
vn 0.258800 -0.000000 -0.965900
vn -0.258800 -0.000000 -0.965900
vn -0.707100 -0.000000 -0.707100
vn -0.965900 -0.000000 -0.258800
vn -0.965900 -0.000000 0.258800
vn -0.000000 -1.000000 0.000000
vn -0.707100 -0.000000 0.707100
vn -0.258800 -0.000000 0.965900
vn -0.000000 1.000000 0.000000
vt 0.119836 0.004582
vt 0.119836 0.671375
vt 0.046768 0.671375
vt 0.046768 0.004582
vt 0.004582 0.671375
vt 0.004582 0.004582
vt 0.286439 0.671375
vt 0.286439 0.004582
vt 0.359508 0.004582
vt 0.359508 0.671375
vt 0.443879 0.004582
vt 0.443879 0.671375
vt 0.516948 0.004582
vt 0.516948 0.671375
vt 0.559134 0.004582
vt 0.559134 0.671375
vt 0.840991 0.004582
vt 0.840991 0.671375
vt 0.798805 0.671375
vt 0.798805 0.004582
vt 0.725736 0.671375
vt 0.725736 0.004582
vt 0.641365 0.671375
vt 0.641365 0.004582
vt 0.568297 0.671375
vt 0.568297 0.004582
vt 0.204207 0.680538
vt 0.277276 0.722724
vt 0.319462 0.795792
vt 0.319462 0.880163
vt 0.277276 0.953232
vt 0.204208 0.995418
vt 0.119836 0.995418
vt 0.046768 0.953232
vt 0.004582 0.880164
vt 0.004582 0.795792
vt 0.046768 0.722724
vt 0.119836 0.680538
vt 0.277276 0.004582
vt 0.277276 0.671375
vt 0.204208 0.671375
vt 0.204208 0.004582
vt 0.601318 0.722725
vt 0.643505 0.795792
vt 0.643505 0.880164
vt 0.601318 0.953233
vt 0.528251 0.995419
vt 0.443879 0.995419
vt 0.370810 0.953233
vt 0.328624 0.880165
vt 0.328624 0.795793
vt 0.370810 0.722725
vt 0.443878 0.680539
vt 0.528250 0.680539
s 0
g Tee1_RD_Steel
usemtl RD_Steel
f 6753/4737/1422 6747/4736/1422 6744/4735/1422
f 6750/4738/1422 6753/4737/1422 6744/4735/1422
f 6759/4739/1423 6754/4737/1423 6751/4738/1423
f 6756/4740/1423 6759/4739/1423 6751/4738/1423
f 6765/4743/1424 6760/4742/1424 6757/4741/1424
f 6762/4744/1424 6765/4743/1424 6757/4741/1424
f 6772/4745/1425 6766/4743/1425 6763/4744/1425
f 6769/4746/1425 6772/4745/1425 6763/4744/1425
f 6778/4747/1426 6771/4745/1426 6768/4746/1426
f 6775/4748/1426 6778/4747/1426 6768/4746/1426
f 6783/4749/1427 6777/4747/1427 6774/4748/1427
f 6780/4750/1427 6783/4749/1427 6774/4748/1427
f 6789/4753/1428 6784/4752/1428 6781/4751/1428
f 6786/4754/1428 6789/4753/1428 6781/4751/1428
f 6795/4755/1429 6790/4753/1429 6787/4754/1429
f 6792/4756/1429 6795/4755/1429 6787/4754/1429
f 6802/4757/1430 6796/4755/1430 6793/4756/1430
f 6799/4758/1430 6802/4757/1430 6793/4756/1430
f 6808/4759/1431 6801/4757/1431 6798/4758/1431
f 6805/4760/1431 6808/4759/1431 6798/4758/1431
f 6746/4763/1432 6752/4762/1432 6758/4761/1432
f 6806/4765/1432 6812/4764/1432 6746/4763/1432
f 6794/4767/1432 6800/4766/1432 6806/4765/1432
f 6782/4769/1432 6788/4768/1432 6794/4767/1432
f 6770/4771/1432 6776/4770/1432 6782/4769/1432
f 6758/4761/1432 6764/4772/1432 6770/4771/1432
f 6806/4765/1432 6746/4763/1432 6758/4761/1432
f 6782/4769/1432 6794/4767/1432 6806/4765/1432
f 6758/4761/1432 6770/4771/1432 6782/4769/1432
f 6758/4761/1432 6782/4769/1432 6806/4765/1432
f 6814/4775/1433 6807/4774/1433 6804/4773/1433
f 6811/4776/1433 6814/4775/1433 6804/4773/1433
f 6748/4736/1434 6813/4775/1434 6810/4776/1434
f 6745/4735/1434 6748/4736/1434 6810/4776/1434
f 6749/4779/1435 6743/4778/1435 6809/4777/1435
f 6761/4781/1435 6755/4780/1435 6749/4779/1435
f 6773/4783/1435 6767/4782/1435 6761/4781/1435
f 6785/4785/1435 6779/4784/1435 6773/4783/1435
f 6797/4787/1435 6791/4786/1435 6785/4785/1435
f 6809/4777/1435 6803/4788/1435 6797/4787/1435
f 6761/4781/1435 6749/4779/1435 6809/4777/1435
f 6785/4785/1435 6773/4783/1435 6761/4781/1435
f 6809/4777/1435 6797/4787/1435 6785/4785/1435
f 6809/4777/1435 6785/4785/1435 6761/4781/1435
g Tee2_Mesh
v -0.570000 0.345000 0.692000
v -0.570000 0.345000 0.692000
v -0.570000 0.345000 0.692000
v -0.570000 0.255000 0.692000
v -0.570000 0.255000 0.692000
v -0.570000 0.255000 0.692000
v -0.559000 0.345000 0.689053
v -0.559000 0.345000 0.689053
v -0.559000 0.345000 0.689053
v -0.559000 0.255000 0.689053
v -0.559000 0.255000 0.689053
v -0.559000 0.255000 0.689053
v -0.550947 0.345000 0.681000
v -0.550947 0.345000 0.681000
v -0.550947 0.345000 0.681000
v -0.550947 0.255000 0.681000
v -0.550947 0.255000 0.681000
v -0.550947 0.255000 0.681000
v -0.548000 0.345000 0.670000
v -0.548000 0.345000 0.670000
v -0.548000 0.345000 0.670000
v -0.548000 0.255000 0.670000
v -0.548000 0.255000 0.670000
v -0.548000 0.255000 0.670000
v -0.550947 0.345000 0.659000
v -0.550947 0.345000 0.659000
v -0.550947 0.345000 0.659000
v -0.550947 0.255000 0.659000
v -0.550947 0.255000 0.659000
v -0.550947 0.255000 0.659000
v -0.559000 0.345000 0.650947
v -0.559000 0.345000 0.650947
v -0.559000 0.345000 0.650947
v -0.559000 0.255000 0.650947
v -0.559000 0.255000 0.650947
v -0.559000 0.255000 0.650947
v -0.570000 0.345000 0.648000
v -0.570000 0.345000 0.648000
v -0.570000 0.345000 0.648000
v -0.570000 0.255000 0.648000
v -0.570000 0.255000 0.648000
v -0.570000 0.255000 0.648000
v -0.581000 0.345000 0.650947
v -0.581000 0.345000 0.650947
v -0.581000 0.345000 0.650947
v -0.581000 0.255000 0.650947
v -0.581000 0.255000 0.650947
v -0.581000 0.255000 0.650947
v -0.589053 0.345000 0.659000
v -0.589053 0.345000 0.659000
v -0.589053 0.345000 0.659000
v -0.589053 0.255000 0.659000
v -0.589053 0.255000 0.659000
v -0.589053 0.255000 0.659000
v -0.592000 0.345000 0.670000
v -0.592000 0.345000 0.670000
v -0.592000 0.345000 0.670000
v -0.592000 0.255000 0.670000
v -0.592000 0.255000 0.670000
v -0.592000 0.255000 0.670000
v -0.589053 0.345000 0.681000
v -0.589053 0.345000 0.681000
v -0.589053 0.345000 0.681000
v -0.589053 0.255000 0.681000
v -0.589053 0.255000 0.681000
v -0.589053 0.255000 0.681000
v -0.581000 0.345000 0.689053
v -0.581000 0.345000 0.689053
v -0.581000 0.345000 0.689053
v -0.581000 0.255000 0.689053
v -0.581000 0.255000 0.689053
v -0.581000 0.255000 0.689053
vn 0.258800 -0.000000 0.965900
vn 0.707100 -0.000000 0.707100
vn 0.965900 -0.000000 0.258800
vn 0.965900 -0.000000 -0.258800
vn 0.707100 -0.000000 -0.707100
vn 0.258800 -0.000000 -0.965900
vn -0.258800 -0.000000 -0.965900
vn -0.707100 -0.000000 -0.707100
vn -0.965900 -0.000000 -0.258800
vn -0.965900 -0.000000 0.258800
vn -0.000000 -1.000000 0.000000
vn -0.707100 -0.000000 0.707100
vn -0.258800 -0.000000 0.965900
vn -0.000000 1.000000 0.000000
vt 0.119836 0.004582
vt 0.119836 0.671375
vt 0.046768 0.671375
vt 0.046768 0.004582
vt 0.004582 0.671375
vt 0.004582 0.004582
vt 0.286439 0.671375
vt 0.286439 0.004582
vt 0.359508 0.004582
vt 0.359508 0.671375
vt 0.443879 0.004582
vt 0.443879 0.671375
vt 0.516948 0.004582
vt 0.516948 0.671375
vt 0.559133 0.004582
vt 0.559133 0.671375
vt 0.840990 0.004582
vt 0.840990 0.671375
vt 0.798805 0.671375
vt 0.798805 0.004582
vt 0.725736 0.671375
vt 0.725736 0.004582
vt 0.641365 0.671375
vt 0.641365 0.004582
vt 0.568296 0.671375
vt 0.568296 0.004582
vt 0.443878 0.680539
vt 0.528250 0.680539
vt 0.601318 0.722724
vt 0.643504 0.795792
vt 0.643504 0.880165
vt 0.601318 0.953233
vt 0.528250 0.995418
vt 0.443878 0.995418
vt 0.370810 0.953233
vt 0.328624 0.880165
vt 0.328624 0.795792
vt 0.370810 0.722724
vt 0.277276 0.004582
vt 0.277276 0.671375
vt 0.204208 0.671375
vt 0.204208 0.004582
vt 0.204208 0.680538
vt 0.277276 0.722724
vt 0.319462 0.795792
vt 0.319462 0.880164
vt 0.277276 0.953232
vt 0.204208 0.995418
vt 0.119836 0.995418
vt 0.046767 0.953232
vt 0.004582 0.880164
vt 0.004582 0.795792
vt 0.046767 0.722724
vt 0.119836 0.680538
s 0
g Tee2_RD_Steel
usemtl RD_Steel
f 6825/4791/1436 6819/4790/1436 6816/4789/1436
f 6822/4792/1436 6825/4791/1436 6816/4789/1436
f 6831/4793/1437 6826/4791/1437 6823/4792/1437
f 6828/4794/1437 6831/4793/1437 6823/4792/1437
f 6837/4797/1438 6832/4796/1438 6829/4795/1438
f 6834/4798/1438 6837/4797/1438 6829/4795/1438
f 6844/4799/1439 6838/4797/1439 6835/4798/1439
f 6841/4800/1439 6844/4799/1439 6835/4798/1439
f 6850/4801/1440 6843/4799/1440 6840/4800/1440
f 6847/4802/1440 6850/4801/1440 6840/4800/1440
f 6855/4803/1441 6849/4801/1441 6846/4802/1441
f 6852/4804/1441 6855/4803/1441 6846/4802/1441
f 6861/4807/1442 6856/4806/1442 6853/4805/1442
f 6858/4808/1442 6861/4807/1442 6853/4805/1442
f 6867/4809/1443 6862/4807/1443 6859/4808/1443
f 6864/4810/1443 6867/4809/1443 6859/4808/1443
f 6874/4811/1444 6868/4809/1444 6865/4810/1444
f 6871/4812/1444 6874/4811/1444 6865/4810/1444
f 6880/4813/1445 6873/4811/1445 6870/4812/1445
f 6877/4814/1445 6880/4813/1445 6870/4812/1445
f 6818/4817/1446 6824/4816/1446 6830/4815/1446
f 6878/4819/1446 6884/4818/1446 6818/4817/1446
f 6866/4821/1446 6872/4820/1446 6878/4819/1446
f 6854/4823/1446 6860/4822/1446 6866/4821/1446
f 6842/4825/1446 6848/4824/1446 6854/4823/1446
f 6830/4815/1446 6836/4826/1446 6842/4825/1446
f 6878/4819/1446 6818/4817/1446 6830/4815/1446
f 6854/4823/1446 6866/4821/1446 6878/4819/1446
f 6830/4815/1446 6842/4825/1446 6854/4823/1446
f 6830/4815/1446 6854/4823/1446 6878/4819/1446
f 6886/4829/1447 6879/4828/1447 6876/4827/1447
f 6883/4830/1447 6886/4829/1447 6876/4827/1447
f 6820/4790/1448 6885/4829/1448 6882/4830/1448
f 6817/4789/1448 6820/4790/1448 6882/4830/1448
f 6821/4833/1449 6815/4832/1449 6881/4831/1449
f 6833/4835/1449 6827/4834/1449 6821/4833/1449
f 6845/4837/1449 6839/4836/1449 6833/4835/1449
f 6857/4839/1449 6851/4838/1449 6845/4837/1449
f 6869/4841/1449 6863/4840/1449 6857/4839/1449
f 6881/4831/1449 6875/4842/1449 6869/4841/1449
f 6833/4835/1449 6821/4833/1449 6881/4831/1449
f 6857/4839/1449 6845/4837/1449 6833/4835/1449
f 6881/4831/1449 6869/4841/1449 6857/4839/1449
f 6881/4831/1449 6857/4839/1449 6833/4835/1449
g Tee3_Mesh
v -0.190000 0.345000 0.692000
v -0.190000 0.345000 0.692000
v -0.190000 0.345000 0.692000
v -0.190000 0.255000 0.692000
v -0.190000 0.255000 0.692000
v -0.190000 0.255000 0.692000
v -0.179000 0.345000 0.689053
v -0.179000 0.345000 0.689053
v -0.179000 0.345000 0.689053
v -0.179000 0.255000 0.689053
v -0.179000 0.255000 0.689053
v -0.179000 0.255000 0.689053
v -0.170947 0.345000 0.681000
v -0.170947 0.345000 0.681000
v -0.170947 0.345000 0.681000
v -0.170947 0.255000 0.681000
v -0.170947 0.255000 0.681000
v -0.170947 0.255000 0.681000
v -0.168000 0.345000 0.670000
v -0.168000 0.345000 0.670000
v -0.168000 0.345000 0.670000
v -0.168000 0.255000 0.670000
v -0.168000 0.255000 0.670000
v -0.168000 0.255000 0.670000
v -0.170947 0.345000 0.659000
v -0.170947 0.345000 0.659000
v -0.170947 0.345000 0.659000
v -0.170947 0.255000 0.659000
v -0.170947 0.255000 0.659000
v -0.170947 0.255000 0.659000
v -0.179000 0.345000 0.650947
v -0.179000 0.345000 0.650947
v -0.179000 0.345000 0.650947
v -0.179000 0.255000 0.650947
v -0.179000 0.255000 0.650947
v -0.179000 0.255000 0.650947
v -0.190000 0.345000 0.648000
v -0.190000 0.345000 0.648000
v -0.190000 0.345000 0.648000
v -0.190000 0.255000 0.648000
v -0.190000 0.255000 0.648000
v -0.190000 0.255000 0.648000
v -0.201000 0.345000 0.650947
v -0.201000 0.345000 0.650947
v -0.201000 0.345000 0.650947
v -0.201000 0.255000 0.650947
v -0.201000 0.255000 0.650947
v -0.201000 0.255000 0.650947
v -0.209053 0.345000 0.659000
v -0.209053 0.345000 0.659000
v -0.209053 0.345000 0.659000
v -0.209053 0.255000 0.659000
v -0.209053 0.255000 0.659000
v -0.209053 0.255000 0.659000
v -0.212000 0.345000 0.670000
v -0.212000 0.345000 0.670000
v -0.212000 0.345000 0.670000
v -0.212000 0.255000 0.670000
v -0.212000 0.255000 0.670000
v -0.212000 0.255000 0.670000
v -0.209053 0.345000 0.681000
v -0.209053 0.345000 0.681000
v -0.209053 0.345000 0.681000
v -0.209053 0.255000 0.681000
v -0.209053 0.255000 0.681000
v -0.209053 0.255000 0.681000
v -0.201000 0.345000 0.689053
v -0.201000 0.345000 0.689053
v -0.201000 0.345000 0.689053
v -0.201000 0.255000 0.689053
v -0.201000 0.255000 0.689053
v -0.201000 0.255000 0.689053
vn 0.258800 -0.000000 0.965900
vn 0.707100 -0.000000 0.707100
vn 0.965900 -0.000000 0.258800
vn 0.965900 -0.000000 -0.258800
vn 0.707100 -0.000000 -0.707100
vn 0.258800 -0.000000 -0.965900
vn -0.258800 -0.000000 -0.965900
vn -0.707100 -0.000000 -0.707100
vn -0.965900 -0.000000 -0.258800
vn -0.965900 -0.000000 0.258800
vn -0.000000 -1.000000 0.000000
vn -0.707100 -0.000000 0.707100
vn -0.258800 -0.000000 0.965900
vn -0.000000 1.000000 0.000000
vt 0.683537 0.004576
vt 0.683537 0.671385
vt 0.610467 0.671385
vt 0.610467 0.004576
vt 0.328615 0.671385
vt 0.328615 0.004576
vt 0.401684 0.004576
vt 0.401684 0.671385
vt 0.486058 0.004576
vt 0.486058 0.671385
vt 0.559128 0.004576
vt 0.559128 0.671385
vt 0.601315 0.004576
vt 0.601315 0.671385
vt 0.319464 0.004576
vt 0.319464 0.671385
vt 0.277277 0.671385
vt 0.277277 0.004576
vt 0.204207 0.671385
vt 0.204207 0.004576
vt 0.119833 0.671385
vt 0.119833 0.004576
vt 0.046763 0.671385
vt 0.046763 0.004576
vt 0.004576 0.671385
vt 0.004576 0.004576
vt 0.528245 0.680537
vt 0.601315 0.722723
vt 0.643502 0.795793
vt 0.643502 0.880167
vt 0.601315 0.953237
vt 0.528245 0.995424
vt 0.443871 0.995424
vt 0.370801 0.953237
vt 0.328614 0.880167
vt 0.328614 0.795794
vt 0.370801 0.722723
vt 0.443871 0.680537
vt 0.840981 0.004576
vt 0.840981 0.671385
vt 0.767911 0.671385
vt 0.767911 0.004576
vt 0.277276 0.722724
vt 0.319463 0.795794
vt 0.319463 0.880168
vt 0.277276 0.953238
vt 0.204206 0.995425
vt 0.119832 0.995425
vt 0.046762 0.953238
vt 0.004575 0.880168
vt 0.004575 0.795794
vt 0.046762 0.722724
vt 0.119832 0.680537
vt 0.204206 0.680537
s 0
g Tee3_RD_Steel
usemtl RD_Steel
f 6897/4845/1450 6891/4844/1450 6888/4843/1450
f 6894/4846/1450 6897/4845/1450 6888/4843/1450
f 6903/4849/1451 6898/4848/1451 6895/4847/1451
f 6900/4850/1451 6903/4849/1451 6895/4847/1451
f 6909/4851/1452 6904/4849/1452 6901/4850/1452
f 6906/4852/1452 6909/4851/1452 6901/4850/1452
f 6916/4853/1453 6910/4851/1453 6907/4852/1453
f 6913/4854/1453 6916/4853/1453 6907/4852/1453
f 6922/4855/1454 6915/4853/1454 6912/4854/1454
f 6919/4856/1454 6922/4855/1454 6912/4854/1454
f 6927/4859/1455 6921/4858/1455 6918/4857/1455
f 6924/4860/1455 6927/4859/1455 6918/4857/1455
f 6933/4861/1456 6928/4859/1456 6925/4860/1456
f 6930/4862/1456 6933/4861/1456 6925/4860/1456
f 6939/4863/1457 6934/4861/1457 6931/4862/1457
f 6936/4864/1457 6939/4863/1457 6931/4862/1457
f 6946/4865/1458 6940/4863/1458 6937/4864/1458
f 6943/4866/1458 6946/4865/1458 6937/4864/1458
f 6952/4867/1459 6945/4865/1459 6942/4866/1459
f 6949/4868/1459 6952/4867/1459 6942/4866/1459
f 6890/4871/1460 6896/4870/1460 6902/4869/1460
f 6950/4873/1460 6956/4872/1460 6890/4871/1460
f 6938/4875/1460 6944/4874/1460 6950/4873/1460
f 6926/4877/1460 6932/4876/1460 6938/4875/1460
f 6914/4879/1460 6920/4878/1460 6926/4877/1460
f 6902/4869/1460 6908/4880/1460 6914/4879/1460
f 6950/4873/1460 6890/4871/1460 6902/4869/1460
f 6926/4877/1460 6938/4875/1460 6950/4873/1460
f 6902/4869/1460 6914/4879/1460 6926/4877/1460
f 6902/4869/1460 6926/4877/1460 6950/4873/1460
f 6958/4883/1461 6951/4882/1461 6948/4881/1461
f 6955/4884/1461 6958/4883/1461 6948/4881/1461
f 6892/4844/1462 6957/4883/1462 6954/4884/1462
f 6889/4843/1462 6892/4844/1462 6954/4884/1462
f 6893/4887/1463 6887/4886/1463 6953/4885/1463
f 6905/4889/1463 6899/4888/1463 6893/4887/1463
f 6917/4891/1463 6911/4890/1463 6905/4889/1463
f 6929/4893/1463 6923/4892/1463 6917/4891/1463
f 6941/4895/1463 6935/4894/1463 6929/4893/1463
f 6953/4885/1463 6947/4896/1463 6941/4895/1463
f 6905/4889/1463 6893/4887/1463 6953/4885/1463
f 6929/4893/1463 6917/4891/1463 6905/4889/1463
f 6953/4885/1463 6941/4895/1463 6929/4893/1463
f 6953/4885/1463 6929/4893/1463 6905/4889/1463
g Tee4_Mesh
v 0.190000 0.345000 0.692000
v 0.190000 0.345000 0.692000
v 0.190000 0.345000 0.692000
v 0.190000 0.255000 0.692000
v 0.190000 0.255000 0.692000
v 0.190000 0.255000 0.692000
v 0.201000 0.345000 0.689053
v 0.201000 0.345000 0.689053
v 0.201000 0.345000 0.689053
v 0.201000 0.255000 0.689053
v 0.201000 0.255000 0.689053
v 0.201000 0.255000 0.689053
v 0.209053 0.345000 0.681000
v 0.209053 0.345000 0.681000
v 0.209053 0.345000 0.681000
v 0.209053 0.255000 0.681000
v 0.209053 0.255000 0.681000
v 0.209053 0.255000 0.681000
v 0.212000 0.345000 0.670000
v 0.212000 0.345000 0.670000
v 0.212000 0.345000 0.670000
v 0.212000 0.255000 0.670000
v 0.212000 0.255000 0.670000
v 0.212000 0.255000 0.670000
v 0.209053 0.345000 0.659000
v 0.209053 0.345000 0.659000
v 0.209053 0.345000 0.659000
v 0.209053 0.255000 0.659000
v 0.209053 0.255000 0.659000
v 0.209053 0.255000 0.659000
v 0.201000 0.345000 0.650947
v 0.201000 0.345000 0.650947
v 0.201000 0.345000 0.650947
v 0.201000 0.255000 0.650947
v 0.201000 0.255000 0.650947
v 0.201000 0.255000 0.650947
v 0.190000 0.345000 0.648000
v 0.190000 0.345000 0.648000
v 0.190000 0.345000 0.648000
v 0.190000 0.255000 0.648000
v 0.190000 0.255000 0.648000
v 0.190000 0.255000 0.648000
v 0.179000 0.345000 0.650947
v 0.179000 0.345000 0.650947
v 0.179000 0.345000 0.650947
v 0.179000 0.255000 0.650947
v 0.179000 0.255000 0.650947
v 0.179000 0.255000 0.650947
v 0.170947 0.345000 0.659000
v 0.170947 0.345000 0.659000
v 0.170947 0.345000 0.659000
v 0.170947 0.255000 0.659000
v 0.170947 0.255000 0.659000
v 0.170947 0.255000 0.659000
v 0.168000 0.345000 0.670000
v 0.168000 0.345000 0.670000
v 0.168000 0.345000 0.670000
v 0.168000 0.255000 0.670000
v 0.168000 0.255000 0.670000
v 0.168000 0.255000 0.670000
v 0.170947 0.345000 0.681000
v 0.170947 0.345000 0.681000
v 0.170947 0.345000 0.681000
v 0.170947 0.255000 0.681000
v 0.170947 0.255000 0.681000
v 0.170947 0.255000 0.681000
v 0.179000 0.345000 0.689053
v 0.179000 0.345000 0.689053
v 0.179000 0.345000 0.689053
v 0.179000 0.255000 0.689053
v 0.179000 0.255000 0.689053
v 0.179000 0.255000 0.689053
vn 0.258800 -0.000000 0.965900
vn 0.707100 -0.000000 0.707100
vn 0.965900 -0.000000 0.258800
vn 0.965900 -0.000000 -0.258800
vn 0.707100 -0.000000 -0.707100
vn 0.258800 -0.000000 -0.965900
vn -0.258800 -0.000000 -0.965900
vn -0.707100 -0.000000 -0.707100
vn -0.965900 -0.000000 -0.258800
vn -0.965900 -0.000000 0.258800
vn -0.000000 -1.000000 0.000000
vn -0.707100 -0.000000 0.707100
vn -0.258800 -0.000000 0.965900
vn -0.000000 1.000000 0.000000
vt 0.683536 0.004576
vt 0.683536 0.671385
vt 0.610466 0.671385
vt 0.610466 0.004576
vt 0.328614 0.671386
vt 0.328614 0.004576
vt 0.401684 0.004576
vt 0.401684 0.671386
vt 0.486058 0.004576
vt 0.486058 0.671386
vt 0.559128 0.004576
vt 0.559128 0.671386
vt 0.601315 0.004576
vt 0.601315 0.671386
vt 0.319463 0.004576
vt 0.319463 0.671385
vt 0.277277 0.671385
vt 0.277277 0.004576
vt 0.204206 0.671385
vt 0.204206 0.004576
vt 0.119832 0.671385
vt 0.119832 0.004576
vt 0.046762 0.671385
vt 0.046762 0.004576
vt 0.004575 0.671385
vt 0.004576 0.004576
vt 0.204206 0.680537
vt 0.277276 0.722724
vt 0.319463 0.795794
vt 0.319463 0.880168
vt 0.277276 0.953238
vt 0.204206 0.995425
vt 0.119832 0.995425
vt 0.046762 0.953238
vt 0.004575 0.880168
vt 0.004575 0.795794
vt 0.046762 0.722724
vt 0.119832 0.680537
vt 0.840980 0.004576
vt 0.840980 0.671385
vt 0.767910 0.671385
vt 0.767910 0.004576
vt 0.601315 0.722723
vt 0.643502 0.795793
vt 0.643502 0.880167
vt 0.601315 0.953237
vt 0.528245 0.995424
vt 0.443871 0.995424
vt 0.370801 0.953238
vt 0.328614 0.880168
vt 0.328614 0.795794
vt 0.370801 0.722724
vt 0.443871 0.680537
vt 0.528245 0.680537
s 0
g Tee4_RD_Steel
usemtl RD_Steel
f 6969/4899/1464 6963/4898/1464 6960/4897/1464
f 6966/4900/1464 6969/4899/1464 6960/4897/1464
f 6975/4903/1465 6970/4902/1465 6967/4901/1465
f 6972/4904/1465 6975/4903/1465 6967/4901/1465
f 6981/4905/1466 6976/4903/1466 6973/4904/1466
f 6978/4906/1466 6981/4905/1466 6973/4904/1466
f 6988/4907/1467 6982/4905/1467 6979/4906/1467
f 6985/4908/1467 6988/4907/1467 6979/4906/1467
f 6994/4909/1468 6987/4907/1468 6984/4908/1468
f 6991/4910/1468 6994/4909/1468 6984/4908/1468
f 6999/4913/1469 6993/4912/1469 6990/4911/1469
f 6996/4914/1469 6999/4913/1469 6990/4911/1469
f 7005/4915/1470 7000/4913/1470 6997/4914/1470
f 7002/4916/1470 7005/4915/1470 6997/4914/1470
f 7011/4917/1471 7006/4915/1471 7003/4916/1471
f 7008/4918/1471 7011/4917/1471 7003/4916/1471
f 7018/4919/1472 7012/4917/1472 7009/4918/1472
f 7015/4920/1472 7018/4919/1472 7009/4918/1472
f 7024/4921/1473 7017/4919/1473 7014/4920/1473
f 7021/4922/1473 7024/4921/1473 7014/4920/1473
f 6962/4925/1474 6968/4924/1474 6974/4923/1474
f 7022/4927/1474 7028/4926/1474 6962/4925/1474
f 7010/4929/1474 7016/4928/1474 7022/4927/1474
f 6998/4931/1474 7004/4930/1474 7010/4929/1474
f 6986/4933/1474 6992/4932/1474 6998/4931/1474
f 6974/4923/1474 6980/4934/1474 6986/4933/1474
f 7022/4927/1474 6962/4925/1474 6974/4923/1474
f 6998/4931/1474 7010/4929/1474 7022/4927/1474
f 6974/4923/1474 6986/4933/1474 6998/4931/1474
f 6974/4923/1474 6998/4931/1474 7022/4927/1474
f 7030/4937/1475 7023/4936/1475 7020/4935/1475
f 7027/4938/1475 7030/4937/1475 7020/4935/1475
f 6964/4898/1476 7029/4937/1476 7026/4938/1476
f 6961/4897/1476 6964/4898/1476 7026/4938/1476
f 6965/4941/1477 6959/4940/1477 7025/4939/1477
f 6977/4943/1477 6971/4942/1477 6965/4941/1477
f 6989/4945/1477 6983/4944/1477 6977/4943/1477
f 7001/4947/1477 6995/4946/1477 6989/4945/1477
f 7013/4949/1477 7007/4948/1477 7001/4947/1477
f 7025/4939/1477 7019/4950/1477 7013/4949/1477
f 6977/4943/1477 6965/4941/1477 7025/4939/1477
f 7001/4947/1477 6989/4945/1477 6977/4943/1477
f 7025/4939/1477 7013/4949/1477 7001/4947/1477
f 7025/4939/1477 7001/4947/1477 6977/4943/1477
g Tee5_Mesh
v 0.570000 0.345000 0.692000
v 0.570000 0.345000 0.692000
v 0.570000 0.345000 0.692000
v 0.570000 0.255000 0.692000
v 0.570000 0.255000 0.692000
v 0.570000 0.255000 0.692000
v 0.581000 0.345000 0.689053
v 0.581000 0.345000 0.689053
v 0.581000 0.345000 0.689053
v 0.581000 0.255000 0.689053
v 0.581000 0.255000 0.689053
v 0.581000 0.255000 0.689053
v 0.589053 0.345000 0.681000
v 0.589053 0.345000 0.681000
v 0.589053 0.345000 0.681000
v 0.589053 0.255000 0.681000
v 0.589053 0.255000 0.681000
v 0.589053 0.255000 0.681000
v 0.592000 0.345000 0.670000
v 0.592000 0.345000 0.670000
v 0.592000 0.345000 0.670000
v 0.592000 0.255000 0.670000
v 0.592000 0.255000 0.670000
v 0.592000 0.255000 0.670000
v 0.589053 0.345000 0.659000
v 0.589053 0.345000 0.659000
v 0.589053 0.345000 0.659000
v 0.589053 0.255000 0.659000
v 0.589053 0.255000 0.659000
v 0.589053 0.255000 0.659000
v 0.581000 0.345000 0.650947
v 0.581000 0.345000 0.650947
v 0.581000 0.345000 0.650947
v 0.581000 0.255000 0.650947
v 0.581000 0.255000 0.650947
v 0.581000 0.255000 0.650947
v 0.570000 0.345000 0.648000
v 0.570000 0.345000 0.648000
v 0.570000 0.345000 0.648000
v 0.570000 0.255000 0.648000
v 0.570000 0.255000 0.648000
v 0.570000 0.255000 0.648000
v 0.559000 0.345000 0.650947
v 0.559000 0.345000 0.650947
v 0.559000 0.345000 0.650947
v 0.559000 0.255000 0.650947
v 0.559000 0.255000 0.650947
v 0.559000 0.255000 0.650947
v 0.550947 0.345000 0.659000
v 0.550947 0.345000 0.659000
v 0.550947 0.345000 0.659000
v 0.550947 0.255000 0.659000
v 0.550947 0.255000 0.659000
v 0.550947 0.255000 0.659000
v 0.548000 0.345000 0.670000
v 0.548000 0.345000 0.670000
v 0.548000 0.345000 0.670000
v 0.548000 0.255000 0.670000
v 0.548000 0.255000 0.670000
v 0.548000 0.255000 0.670000
v 0.550947 0.345000 0.681000
v 0.550947 0.345000 0.681000
v 0.550947 0.345000 0.681000
v 0.550947 0.255000 0.681000
v 0.550947 0.255000 0.681000
v 0.550947 0.255000 0.681000
v 0.559000 0.345000 0.689053
v 0.559000 0.345000 0.689053
v 0.559000 0.345000 0.689053
v 0.559000 0.255000 0.689053
v 0.559000 0.255000 0.689053
v 0.559000 0.255000 0.689053
vn 0.258800 -0.000000 0.965900
vn 0.707100 -0.000000 0.707100
vn 0.965900 -0.000000 0.258800
vn 0.965900 -0.000000 -0.258800
vn 0.707100 -0.000000 -0.707100
vn 0.258800 -0.000000 -0.965900
vn -0.258800 -0.000000 -0.965900
vn -0.707100 -0.000000 -0.707100
vn -0.965900 -0.000000 -0.258800
vn -0.965900 -0.000000 0.258800
vn -0.000000 -1.000000 0.000000
vn -0.707100 -0.000000 0.707100
vn -0.258800 -0.000000 0.965900
vn -0.000000 1.000000 0.000000
vt 0.119836 0.004582
vt 0.119836 0.671375
vt 0.046768 0.671375
vt 0.046768 0.004582
vt 0.004582 0.671375
vt 0.004582 0.004582
vt 0.568297 0.671375
vt 0.568297 0.004582
vt 0.641365 0.004582
vt 0.641365 0.671375
vt 0.725736 0.004582
vt 0.725736 0.671375
vt 0.798805 0.004582
vt 0.798805 0.671375
vt 0.840991 0.004582
vt 0.840991 0.671375
vt 0.559133 0.004582
vt 0.559133 0.671375
vt 0.516948 0.671375
vt 0.516948 0.004582
vt 0.443879 0.671375
vt 0.443879 0.004582
vt 0.359508 0.671375
vt 0.359508 0.004582
vt 0.286439 0.671375
vt 0.286439 0.004582
vt 0.328625 0.880165
vt 0.328625 0.795792
vt 0.370811 0.722724
vt 0.443879 0.680538
vt 0.528251 0.680538
vt 0.601319 0.722724
vt 0.643505 0.795792
vt 0.643505 0.880165
vt 0.601319 0.953233
vt 0.528251 0.995418
vt 0.443879 0.995418
vt 0.370811 0.953233
vt 0.277276 0.004582
vt 0.277276 0.671375
vt 0.204208 0.671375
vt 0.204208 0.004582
vt 0.004582 0.795792
vt 0.046768 0.722724
vt 0.119836 0.680538
vt 0.204208 0.680538
vt 0.277276 0.722724
vt 0.319462 0.795792
vt 0.319462 0.880164
vt 0.277276 0.953232
vt 0.204208 0.995418
vt 0.119836 0.995418
vt 0.046768 0.953232
vt 0.004582 0.880164
s 0
g Tee5_RD_Steel
usemtl RD_Steel
f 7041/4953/1478 7035/4952/1478 7032/4951/1478
f 7038/4954/1478 7041/4953/1478 7032/4951/1478
f 7047/4955/1479 7042/4953/1479 7039/4954/1479
f 7044/4956/1479 7047/4955/1479 7039/4954/1479
f 7053/4959/1480 7048/4958/1480 7045/4957/1480
f 7050/4960/1480 7053/4959/1480 7045/4957/1480
f 7060/4961/1481 7054/4959/1481 7051/4960/1481
f 7057/4962/1481 7060/4961/1481 7051/4960/1481
f 7066/4963/1482 7059/4961/1482 7056/4962/1482
f 7063/4964/1482 7066/4963/1482 7056/4962/1482
f 7071/4965/1483 7065/4963/1483 7062/4964/1483
f 7068/4966/1483 7071/4965/1483 7062/4964/1483
f 7077/4969/1484 7072/4968/1484 7069/4967/1484
f 7074/4970/1484 7077/4969/1484 7069/4967/1484
f 7083/4971/1485 7078/4969/1485 7075/4970/1485
f 7080/4972/1485 7083/4971/1485 7075/4970/1485
f 7090/4973/1486 7084/4971/1486 7081/4972/1486
f 7087/4974/1486 7090/4973/1486 7081/4972/1486
f 7096/4975/1487 7089/4973/1487 7086/4974/1487
f 7093/4976/1487 7096/4975/1487 7086/4974/1487
f 7034/4979/1488 7040/4978/1488 7046/4977/1488
f 7094/4981/1488 7100/4980/1488 7034/4979/1488
f 7082/4983/1488 7088/4982/1488 7094/4981/1488
f 7070/4985/1488 7076/4984/1488 7082/4983/1488
f 7058/4987/1488 7064/4986/1488 7070/4985/1488
f 7046/4977/1488 7052/4988/1488 7058/4987/1488
f 7094/4981/1488 7034/4979/1488 7046/4977/1488
f 7070/4985/1488 7082/4983/1488 7094/4981/1488
f 7046/4977/1488 7058/4987/1488 7070/4985/1488
f 7046/4977/1488 7070/4985/1488 7094/4981/1488
f 7102/4991/1489 7095/4990/1489 7092/4989/1489
f 7099/4992/1489 7102/4991/1489 7092/4989/1489
f 7036/4952/1490 7101/4991/1490 7098/4992/1490
f 7033/4951/1490 7036/4952/1490 7098/4992/1490
f 7037/4995/1491 7031/4994/1491 7097/4993/1491
f 7049/4997/1491 7043/4996/1491 7037/4995/1491
f 7061/4999/1491 7055/4998/1491 7049/4997/1491
f 7073/5001/1491 7067/5000/1491 7061/4999/1491
f 7085/5003/1491 7079/5002/1491 7073/5001/1491
f 7097/4993/1491 7091/5004/1491 7085/5003/1491
f 7049/4997/1491 7037/4995/1491 7097/4993/1491
f 7073/5001/1491 7061/4999/1491 7049/4997/1491
f 7097/4993/1491 7085/5003/1491 7073/5001/1491
f 7097/4993/1491 7073/5001/1491 7049/4997/1491
g Tee6_Mesh
v 0.950000 0.345000 0.692000
v 0.950000 0.345000 0.692000
v 0.950000 0.345000 0.692000
v 0.950000 0.255000 0.692000
v 0.950000 0.255000 0.692000
v 0.950000 0.255000 0.692000
v 0.961000 0.345000 0.689053
v 0.961000 0.345000 0.689053
v 0.961000 0.345000 0.689053
v 0.961000 0.255000 0.689053
v 0.961000 0.255000 0.689053
v 0.961000 0.255000 0.689053
v 0.969053 0.345000 0.681000
v 0.969053 0.345000 0.681000
v 0.969053 0.345000 0.681000
v 0.969053 0.255000 0.681000
v 0.969053 0.255000 0.681000
v 0.969053 0.255000 0.681000
v 0.972000 0.345000 0.670000
v 0.972000 0.345000 0.670000
v 0.972000 0.345000 0.670000
v 0.972000 0.255000 0.670000
v 0.972000 0.255000 0.670000
v 0.972000 0.255000 0.670000
v 0.969053 0.345000 0.659000
v 0.969053 0.345000 0.659000
v 0.969053 0.345000 0.659000
v 0.969053 0.255000 0.659000
v 0.969053 0.255000 0.659000
v 0.969053 0.255000 0.659000
v 0.961000 0.345000 0.650947
v 0.961000 0.345000 0.650947
v 0.961000 0.345000 0.650947
v 0.961000 0.255000 0.650947
v 0.961000 0.255000 0.650947
v 0.961000 0.255000 0.650947
v 0.950000 0.345000 0.648000
v 0.950000 0.345000 0.648000
v 0.950000 0.345000 0.648000
v 0.950000 0.255000 0.648000
v 0.950000 0.255000 0.648000
v 0.950000 0.255000 0.648000
v 0.939000 0.345000 0.650947
v 0.939000 0.345000 0.650947
v 0.939000 0.345000 0.650947
v 0.939000 0.255000 0.650947
v 0.939000 0.255000 0.650947
v 0.939000 0.255000 0.650947
v 0.930947 0.345000 0.659000
v 0.930947 0.345000 0.659000
v 0.930947 0.345000 0.659000
v 0.930947 0.255000 0.659000
v 0.930947 0.255000 0.659000
v 0.930947 0.255000 0.659000
v 0.928000 0.345000 0.670000
v 0.928000 0.345000 0.670000
v 0.928000 0.345000 0.670000
v 0.928000 0.255000 0.670000
v 0.928000 0.255000 0.670000
v 0.928000 0.255000 0.670000
v 0.930947 0.345000 0.681000
v 0.930947 0.345000 0.681000
v 0.930947 0.345000 0.681000
v 0.930947 0.255000 0.681000
v 0.930947 0.255000 0.681000
v 0.930947 0.255000 0.681000
v 0.939000 0.345000 0.689053
v 0.939000 0.345000 0.689053
v 0.939000 0.345000 0.689053
v 0.939000 0.255000 0.689053
v 0.939000 0.255000 0.689053
v 0.939000 0.255000 0.689053
vn 0.258800 -0.000000 0.965900
vn 0.707100 -0.000000 0.707100
vn 0.965900 -0.000000 0.258800
vn 0.965900 -0.000000 -0.258800
vn 0.707100 -0.000000 -0.707100
vn 0.258800 -0.000000 -0.965900
vn -0.258800 -0.000000 -0.965900
vn -0.707100 -0.000000 -0.707100
vn -0.965900 -0.000000 -0.258800
vn -0.965900 -0.000000 0.258800
vn -0.000000 -1.000000 0.000000
vn -0.707100 -0.000000 0.707100
vn -0.258800 -0.000000 0.965900
vn -0.000000 1.000000 0.000000
vt 0.401692 0.004582
vt 0.401692 0.671375
vt 0.328624 0.671375
vt 0.328624 0.004582
vt 0.286438 0.671375
vt 0.286438 0.004582
vt 0.568296 0.671375
vt 0.568296 0.004582
vt 0.641364 0.004582
vt 0.641364 0.671375
vt 0.725736 0.004582
vt 0.725736 0.671375
vt 0.798804 0.004582
vt 0.798804 0.671375
vt 0.840990 0.004582
vt 0.840990 0.671375
vt 0.277276 0.004582
vt 0.277276 0.671375
vt 0.235090 0.671375
vt 0.235090 0.004582
vt 0.162021 0.671375
vt 0.162021 0.004582
vt 0.077650 0.671375
vt 0.077650 0.004582
vt 0.004582 0.671375
vt 0.004582 0.004582
vt 0.204207 0.680539
vt 0.277275 0.722725
vt 0.319461 0.795793
vt 0.319461 0.880165
vt 0.277275 0.953233
vt 0.204207 0.995419
vt 0.119835 0.995419
vt 0.046767 0.953233
vt 0.004581 0.880165
vt 0.004581 0.795793
vt 0.046767 0.722725
vt 0.119835 0.680539
vt 0.559132 0.004582
vt 0.559132 0.671375
vt 0.486063 0.671375
vt 0.486063 0.004582
vt 0.601319 0.722724
vt 0.643505 0.795792
vt 0.643505 0.880164
vt 0.601319 0.953232
vt 0.528251 0.995418
vt 0.443880 0.995418
vt 0.370811 0.953232
vt 0.328625 0.880165
vt 0.328625 0.795793
vt 0.370811 0.722724
vt 0.443879 0.680538
vt 0.528251 0.680538
s 0
g Tee6_RD_Steel
usemtl RD_Steel
f 7113/5007/1492 7107/5006/1492 7104/5005/1492
f 7110/5008/1492 7113/5007/1492 7104/5005/1492
f 7119/5009/1493 7114/5007/1493 7111/5008/1493
f 7116/5010/1493 7119/5009/1493 7111/5008/1493
f 7125/5013/1494 7120/5012/1494 7117/5011/1494
f 7122/5014/1494 7125/5013/1494 7117/5011/1494
f 7132/5015/1495 7126/5013/1495 7123/5014/1495
f 7129/5016/1495 7132/5015/1495 7123/5014/1495
f 7138/5017/1496 7131/5015/1496 7128/5016/1496
f 7135/5018/1496 7138/5017/1496 7128/5016/1496
f 7143/5019/1497 7137/5017/1497 7134/5018/1497
f 7140/5020/1497 7143/5019/1497 7134/5018/1497
f 7149/5023/1498 7144/5022/1498 7141/5021/1498
f 7146/5024/1498 7149/5023/1498 7141/5021/1498
f 7155/5025/1499 7150/5023/1499 7147/5024/1499
f 7152/5026/1499 7155/5025/1499 7147/5024/1499
f 7162/5027/1500 7156/5025/1500 7153/5026/1500
f 7159/5028/1500 7162/5027/1500 7153/5026/1500
f 7168/5029/1501 7161/5027/1501 7158/5028/1501
f 7165/5030/1501 7168/5029/1501 7158/5028/1501
f 7106/5033/1502 7112/5032/1502 7118/5031/1502
f 7166/5035/1502 7172/5034/1502 7106/5033/1502
f 7154/5037/1502 7160/5036/1502 7166/5035/1502
f 7142/5039/1502 7148/5038/1502 7154/5037/1502
f 7130/5041/1502 7136/5040/1502 7142/5039/1502
f 7118/5031/1502 7124/5042/1502 7130/5041/1502
f 7166/5035/1502 7106/5033/1502 7118/5031/1502
f 7142/5039/1502 7154/5037/1502 7166/5035/1502
f 7118/5031/1502 7130/5041/1502 7142/5039/1502
f 7118/5031/1502 7142/5039/1502 7166/5035/1502
f 7174/5045/1503 7167/5044/1503 7164/5043/1503
f 7171/5046/1503 7174/5045/1503 7164/5043/1503
f 7108/5006/1504 7173/5045/1504 7170/5046/1504
f 7105/5005/1504 7108/5006/1504 7170/5046/1504
f 7109/5049/1505 7103/5048/1505 7169/5047/1505
f 7121/5051/1505 7115/5050/1505 7109/5049/1505
f 7133/5053/1505 7127/5052/1505 7121/5051/1505
f 7145/5055/1505 7139/5054/1505 7133/5053/1505
f 7157/5057/1505 7151/5056/1505 7145/5055/1505
f 7169/5047/1505 7163/5058/1505 7157/5057/1505
f 7121/5051/1505 7109/5049/1505 7169/5047/1505
f 7145/5055/1505 7133/5053/1505 7121/5051/1505
f 7169/5047/1505 7157/5057/1505 7145/5055/1505
f 7169/5047/1505 7145/5055/1505 7121/5051/1505
g Tee7_Mesh
v 1.330000 0.345000 0.692000
v 1.330000 0.345000 0.692000
v 1.330000 0.345000 0.692000
v 1.330000 0.255000 0.692000
v 1.330000 0.255000 0.692000
v 1.330000 0.255000 0.692000
v 1.341000 0.345000 0.689053
v 1.341000 0.345000 0.689053
v 1.341000 0.345000 0.689053
v 1.341000 0.255000 0.689053
v 1.341000 0.255000 0.689053
v 1.341000 0.255000 0.689053
v 1.349053 0.345000 0.681000
v 1.349053 0.345000 0.681000
v 1.349053 0.345000 0.681000
v 1.349053 0.255000 0.681000
v 1.349053 0.255000 0.681000
v 1.349053 0.255000 0.681000
v 1.352000 0.345000 0.670000
v 1.352000 0.345000 0.670000
v 1.352000 0.345000 0.670000
v 1.352000 0.255000 0.670000
v 1.352000 0.255000 0.670000
v 1.352000 0.255000 0.670000
v 1.349053 0.345000 0.659000
v 1.349053 0.345000 0.659000
v 1.349053 0.345000 0.659000
v 1.349053 0.255000 0.659000
v 1.349053 0.255000 0.659000
v 1.349053 0.255000 0.659000
v 1.341000 0.345000 0.650947
v 1.341000 0.345000 0.650947
v 1.341000 0.345000 0.650947
v 1.341000 0.255000 0.650947
v 1.341000 0.255000 0.650947
v 1.341000 0.255000 0.650947
v 1.330000 0.345000 0.648000
v 1.330000 0.345000 0.648000
v 1.330000 0.345000 0.648000
v 1.330000 0.255000 0.648000
v 1.330000 0.255000 0.648000
v 1.330000 0.255000 0.648000
v 1.319000 0.345000 0.650947
v 1.319000 0.345000 0.650947
v 1.319000 0.345000 0.650947
v 1.319000 0.255000 0.650947
v 1.319000 0.255000 0.650947
v 1.319000 0.255000 0.650947
v 1.310948 0.345000 0.659000
v 1.310948 0.345000 0.659000
v 1.310948 0.345000 0.659000
v 1.310948 0.255000 0.659000
v 1.310948 0.255000 0.659000
v 1.310948 0.255000 0.659000
v 1.308000 0.345000 0.670000
v 1.308000 0.345000 0.670000
v 1.308000 0.345000 0.670000
v 1.308000 0.255000 0.670000
v 1.308000 0.255000 0.670000
v 1.308000 0.255000 0.670000
v 1.310948 0.345000 0.681000
v 1.310948 0.345000 0.681000
v 1.310948 0.345000 0.681000
v 1.310948 0.255000 0.681000
v 1.310948 0.255000 0.681000
v 1.310948 0.255000 0.681000
v 1.319000 0.345000 0.689053
v 1.319000 0.345000 0.689053
v 1.319000 0.345000 0.689053
v 1.319000 0.255000 0.689053
v 1.319000 0.255000 0.689053
v 1.319000 0.255000 0.689053
vn 0.258800 -0.000000 0.965900
vn 0.707100 -0.000000 0.707100
vn 0.965900 -0.000000 0.258800
vn 0.965900 -0.000000 -0.258800
vn 0.707100 -0.000000 -0.707100
vn 0.258800 -0.000000 -0.965900
vn -0.258800 -0.000000 -0.965900
vn -0.707100 -0.000000 -0.707100
vn -0.965900 -0.000000 -0.258800
vn -0.965900 -0.000000 0.258800
vn -0.000000 -1.000000 0.000000
vn -0.707100 -0.000000 0.707100
vn -0.258800 -0.000000 0.965900
vn -0.000000 1.000000 0.000000
vt 0.683537 0.004576
vt 0.683537 0.671385
vt 0.610466 0.671385
vt 0.610466 0.004576
vt 0.004576 0.671386
vt 0.004576 0.004576
vt 0.046764 0.004576
vt 0.046764 0.671386
vt 0.119834 0.004576
vt 0.119834 0.671386
vt 0.204207 0.004576
vt 0.204207 0.671386
vt 0.277278 0.004576
vt 0.277277 0.671386
vt 0.319464 0.004576
vt 0.319464 0.671386
vt 0.601315 0.004576
vt 0.601315 0.671385
vt 0.559128 0.671385
vt 0.559128 0.004576
vt 0.486058 0.671385
vt 0.486058 0.004576
vt 0.401685 0.671385
vt 0.401685 0.004576
vt 0.328615 0.671385
vt 0.328615 0.004576
vt 0.046764 0.953237
vt 0.004576 0.880168
vt 0.004576 0.795794
vt 0.046763 0.722724
vt 0.119833 0.680537
vt 0.204207 0.680537
vt 0.277277 0.722724
vt 0.319464 0.795794
vt 0.319464 0.880168
vt 0.277277 0.953238
vt 0.204207 0.995424
vt 0.119833 0.995424
vt 0.840980 0.004576
vt 0.840980 0.671385
vt 0.767911 0.671385
vt 0.767911 0.004576
vt 0.370800 0.722724
vt 0.443871 0.680537
vt 0.528245 0.680537
vt 0.601314 0.722724
vt 0.643501 0.795794
vt 0.643501 0.880168
vt 0.601315 0.953238
vt 0.528245 0.995425
vt 0.443871 0.995425
vt 0.370801 0.953238
vt 0.328614 0.880168
vt 0.328614 0.795794
s 0
g Tee7_RD_Steel
usemtl RD_Steel
f 7185/5061/1506 7179/5060/1506 7176/5059/1506
f 7182/5062/1506 7185/5061/1506 7176/5059/1506
f 7191/5065/1507 7186/5064/1507 7183/5063/1507
f 7188/5066/1507 7191/5065/1507 7183/5063/1507
f 7197/5067/1508 7192/5065/1508 7189/5066/1508
f 7194/5068/1508 7197/5067/1508 7189/5066/1508
f 7204/5069/1509 7198/5067/1509 7195/5068/1509
f 7201/5070/1509 7204/5069/1509 7195/5068/1509
f 7210/5071/1510 7203/5069/1510 7200/5070/1510
f 7207/5072/1510 7210/5071/1510 7200/5070/1510
f 7215/5073/1511 7209/5071/1511 7206/5072/1511
f 7212/5074/1511 7215/5073/1511 7206/5072/1511
f 7221/5077/1512 7216/5076/1512 7213/5075/1512
f 7218/5078/1512 7221/5077/1512 7213/5075/1512
f 7227/5079/1513 7222/5077/1513 7219/5078/1513
f 7224/5080/1513 7227/5079/1513 7219/5078/1513
f 7234/5081/1514 7228/5079/1514 7225/5080/1514
f 7231/5082/1514 7234/5081/1514 7225/5080/1514
f 7240/5083/1515 7233/5081/1515 7230/5082/1515
f 7237/5084/1515 7240/5083/1515 7230/5082/1515
f 7178/5087/1516 7184/5086/1516 7190/5085/1516
f 7238/5089/1516 7244/5088/1516 7178/5087/1516
f 7226/5091/1516 7232/5090/1516 7238/5089/1516
f 7214/5093/1516 7220/5092/1516 7226/5091/1516
f 7202/5095/1516 7208/5094/1516 7214/5093/1516
f 7190/5085/1516 7196/5096/1516 7202/5095/1516
f 7238/5089/1516 7178/5087/1516 7190/5085/1516
f 7214/5093/1516 7226/5091/1516 7238/5089/1516
f 7190/5085/1516 7202/5095/1516 7214/5093/1516
f 7190/5085/1516 7214/5093/1516 7238/5089/1516
f 7246/5099/1517 7239/5098/1517 7236/5097/1517
f 7243/5100/1517 7246/5099/1517 7236/5097/1517
f 7180/5060/1518 7245/5099/1518 7242/5100/1518
f 7177/5059/1518 7180/5060/1518 7242/5100/1518
f 7181/5103/1519 7175/5102/1519 7241/5101/1519
f 7193/5105/1519 7187/5104/1519 7181/5103/1519
f 7205/5107/1519 7199/5106/1519 7193/5105/1519
f 7217/5109/1519 7211/5108/1519 7205/5107/1519
f 7229/5111/1519 7223/5110/1519 7217/5109/1519
f 7241/5101/1519 7235/5112/1519 7229/5111/1519
f 7193/5105/1519 7181/5103/1519 7241/5101/1519
f 7217/5109/1519 7205/5107/1519 7193/5105/1519
f 7241/5101/1519 7229/5111/1519 7217/5109/1519
f 7241/5101/1519 7217/5109/1519 7193/5105/1519
